actorId,movieId
3,1
20,1
17,1
27,1
6,1
24,1
9,1
26,1
8,2
2,2
4,2
14,2
25,2
18,2
9,2
16,3
1,3
4,3
5,3
19,3
1,4
21,4
4,4
10,4
14,4
14,5
5,5
2,5
16,5
27,5
1,6
13,6
22,6
28,6
11,6
2,7
19,7
17,7
8,7
10,7
23,8
1,8
14,8
21,8
3,8
1,9
19,9
3,9
30,9
16,9
28,9
18,9
24,9
8,10
21,10
25,10
14,10
18,11
27,11
2,11
11,11
3,11
8,12
14,12
25,12
13,12
22,12
6,12
20,12
29,12
9,13
25,13
30,13
2,13
20,14
15,14
18,14
1,15
23,15
30,15
6,15
24,16
26,16
2,16
1,16
23,16
11,16
6,16
16,17
21,17
4,17
17,18
20,18
7,18
2,18
14,18
4,18
9,18
28,19
3,19
2,19
4,19
1,20
13,20
26,20
24,21
26,21
9,21
25,21
18,21
27,21
4,21
28,21
19,22
13,22
16,22
27,22
2,22
9,22
3,22
19,23
16,23
25,23
18,23
24,24
16,24
29,24
30,24
25,24
7,25
28,25
16,25
17,25
7,26
10,26
30,26
12,26
11,26
29,27
3,27
7,27
24,27
19,27
6,27
18,27
16,27
21,28
13,28
3,28
6,28
26,28
30,28
11,29
21,29
2,29
6,29
18,29
5,29
25,30
15,30
5,30
3,30
14,30
16,30
22,31
28,31
6,31
11,31
9,31
19,31
12,31
30,32
5,32
21,32
12,32
14,32
10,34
24,34
14,34
16,34
19,34
6,34
21,34
7,36
12,36
25,36
5,36
22,36
26,38
28,38
29,38
5,38
16,39
25,39
26,39
18,40
23,40
28,40
19,40
3,40
13,40
17,41
9,41
30,41
7,41
18,41
8,41
11,41
10,41
14,42
20,42
29,42
17,43
26,43
10,43
14,43
1,43
13,43
18,43
29,43
22,44
16,44
19,44
9,44
15,44
11,44
17,44
12,44
2,45
22,45
18,45
27,45
28,46
25,46
29,46
22,46
24,46
10,47
25,47
12,47
13,47
11,47
22,48
20,48
3,48
1,48
21,48
1,49
15,49
2,49
11,49
29,49
19,50
3,50
2,50
21,50
1,50
23,50
9,52
14,52
22,52
28,52
19,52
2,52
1,53
5,53
15,53
19,53
18,53
2,53
3,54
30,54
9,54
28,54
27,55
3,55
30,55
8,55
1,55
8,57
24,57
10,57
10,58
1,58
15,58
20,58
19,58
29,58
2,58
30,58
2,60
19,60
27,60
28,60
12,60
1,60
29,60
19,61
20,61
7,61
16,61
18,61
28,61
2,61
21,61
25,62
5,62
1,62
12,62
27,63
20,63
1,63
7,63
13,63
8,63
15,64
25,64
5,64
9,64
26,64
14,64
28,64
2,65
10,65
16,65
12,65
18,65
21,65
9,65
11,65
28,66
7,66
25,66
27,66
13,66
15,66
18,66
11,66
5,68
7,68
2,68
30,68
13,68
17,68
16,68
17,69
12,69
4,69
13,69
2,69
11,69
22,69
25,70
7,70
29,70
14,70
17,70
1,71
29,71
19,71
5,72
18,72
17,72
12,72
1,73
27,73
22,73
14,73
14,74
27,74
13,74
15,74
11,74
24,74
17,74
9,75
16,75
26,75
5,75
8,75
22,75
1,76
17,76
4,76
10,77
7,77
1,77
6,77
14,77
11,77
14,78
11,78
19,78
21,78
5,78
12,79
28,79
19,79
27,79
1,79
1,80
15,80
23,80
2,81
14,81
10,81
5,81
4,82
14,82
9,82
28,82
12,83
15,83
4,83
1,83
29,83
24,85
7,85
5,85
10,85
18,85
1,86
21,86
7,86
5,86
13,86
13,87
22,87
26,87
29,87
10,87
11,87
19,87
10,88
14,88
27,88
6,88
20,88
7,88
1,89
4,89
24,89
28,92
6,92
21,92
23,92
19,92
27,92
30,92
13,93
21,93
6,93
23,93
8,93
30,93
1,93
3,93
9,94
13,94
15,94
2,95
10,95
7,95
5,96
19,96
12,96
20,96
22,96
6,96
18,97
14,97
3,97
10,97
2,97
22,99
5,99
6,99
23,99
1,100
29,100
15,100
21,100
19,100
26,100
23,100
3,101
29,101
11,101
26,101
9,101
7,101
13,101
5,101
10,102
16,102
13,102
18,102
19,102
22,102
14,102
28,102
24,103
22,103
25,103
28,103
5,104
14,104
13,104
11,104
27,104
4,104
15,105
17,105
11,105
30,105
7,105
28,105
5,105
23,105
1,106
23,106
5,106
6,106
15,106
27,106
15,107
11,107
16,107
6,107
7,108
22,108
3,108
9,110
16,110
12,110
7,111
1,111
6,111
22,111
5,111
26,111
28,111
18,111
18,112
19,112
2,112
22,112
1,112
30,112
1,113
8,113
20,113
10,113
17,113
19,113
26,113
11,116
8,116
12,116
6,117
25,117
19,117
28,117
30,117
18,118
16,118
10,118
20,118
6,118
19,118
30,118
30,119
11,119
15,119
29,119
27,119
21,119
13,121
2,121
30,121
28,121
19,122
12,122
8,122
15,122
7,122
6,122
21,122
29,123
6,123
28,123
9,123
19,123
23,125
6,125
3,125
4,125
28,126
6,126
26,126
27,126
1,126
13,126
25,126
12,128
9,128
7,128
22,129
2,129
13,129
25,129
7,129
3,129
1,132
12,132
8,132
18,132
30,132
28,135
22,135
13,135
2,135
26,135
10,135
12,135
20,137
22,137
6,137
13,137
3,137
25,137
1,137
19,137
27,140
17,140
26,140
29,140
2,140
30,140
15,140
8,140
6,141
10,141
17,141
20,141
11,141
26,144
28,144
18,144
22,144
2,144
3,144
8,144
21,144
5,145
7,145
20,145
4,145
23,145
15,146
8,146
18,146
12,146
19,146
13,146
15,147
6,147
28,147
13,147
27,147
3,147
8,147
28,148
19,148
5,148
27,148
10,148
17,148
24,148
1,148
15,149
6,149
3,149
11,149
10,149
25,149
28,150
10,150
14,150
11,151
1,151
22,151
23,151
26,151
13,152
25,152
22,152
29,152
28,152
27,152
26,152
29,153
5,153
27,153
2,153
14,154
13,154
12,154
2,154
18,154
20,154
1,155
30,155
29,155
23,155
9,155
8,155
15,155
2,156
28,156
13,156
7,157
12,157
29,157
5,157
29,158
19,158
7,158
1,159
24,159
2,159
10,159
23,159
16,159
27,160
18,160
5,160
11,161
16,161
24,161
2,161
14,161
10,162
9,162
19,162
1,163
21,163
18,163
4,164
19,164
25,164
6,164
15,164
28,164
1,164
11,164
1,165
13,165
19,165
30,165
23,165
2,165
14,165
5,165
10,166
22,166
20,166
18,166
21,166
16,168
26,168
13,168
18,169
14,169
3,169
16,170
18,170
29,170
8,170
30,170
19,170
19,171
28,171
25,171
14,171
29,171
21,171
10,171
1,171
17,172
28,172
9,172
1,173
25,173
15,173
17,173
13,173
19,173
30,173
23,174
10,174
4,174
17,174
9,174
1,175
30,175
3,175
17,176
14,176
29,176
15,177
19,177
14,177
12,177
29,177
16,178
23,178
12,178
25,178
27,178
29,178
5,178
26,178
2,179
20,179
23,179
17,179
6,179
5,179
22,180
1,180
7,180
28,180
25,180
26,180
19,180
6,180
5,181
9,181
12,181
7,181
10,181
27,183
19,183
12,183
14,183
6,183
23,183
1,183
23,184
24,184
25,184
21,185
29,185
18,185
15,185
23,185
30,186
18,186
9,186
1,186
12,186
15,187
16,187
6,187
18,187
24,188
25,188
13,188
23,188
4,188
7,189
27,189
2,189
20,189
17,189
3,189
14,190
6,190
4,190
22,190
1,191
2,191
13,191
30,191
14,193
1,193
3,193
18,193
2,193
7,193
25,193
13,194
24,194
18,194
30,194
22,194
1,195
3,195
26,195
15,195
21,195
17,195
27,195
7,195
1,196
29,196
4,196
6,196
11,196
28,198
1,198
24,198
27,199
20,199
4,199
3,199
17,199
16,199
9,201
25,201
3,201
9,202
25,202
18,202
23,202
5,202
8,202
29,202
18,203
26,203
9,203
13,203
27,203
7,203
17,203
23,204
11,204
28,204
8,204
2,204
13,205
6,205
1,205
3,205
26,205
2,205
10,205
1,206
7,206
23,206
13,206
5,206
30,206
5,207
16,207
22,207
21,207
11,207
7,207
28,207
27,207
1,208
9,208
20,208
2,208
3,208
10,209
21,209
22,209
5,209
9,209
13,209
26,209
12,209
21,210
4,210
18,210
17,210
5,211
1,211
10,211
18,211
26,211
27,211
17,211
19,212
28,212
6,212
14,212
24,212
9,212
27,213
2,213
8,213
25,213
23,213
24,213
11,213
27,214
6,214
30,214
7,214
1,215
8,215
11,215
22,215
24,215
21,216
19,216
10,216
14,216
1,216
5,216
2,216
30,216
30,217
18,217
22,217
27,217
6,217
1,217
11,218
6,218
7,218
22,218
28,218
1,218
1,219
25,219
23,219
19,219
26,219
14,219
4,219
3,219
10,220
12,220
13,220
6,220
22,220
5,220
6,222
24,222
8,222
5,222
7,222
23,222
12,222
26,222
23,223
22,223
27,223
28,223
14,223
19,223
21,223
7,224
4,224
13,224
28,224
15,224
19,225
21,225
13,225
17,225
14,225
27,225
3,225
20,225
27,227
15,227
26,227
1,227
6,227
3,227
27,228
6,228
7,228
1,228
13,228
26,228
10,229
20,229
15,229
10,230
6,230
24,230
9,230
23,230
19,231
27,231
23,231
20,231
17,231
28,232
29,232
30,232
22,233
7,233
21,233
14,234
28,234
7,234
29,234
5,234
23,234
6,234
1,235
8,235
19,235
30,236
18,236
9,236
2,236
12,236
25,237
14,237
19,237
30,237
1,237
9,237
8,237
28,237
22,238
12,238
15,238
19,238
2,238
6,238
8,238
23,238
26,239
17,239
12,239
2,239
14,239
3,239
8,239
5,240
22,240
29,240
3,240
1,241
12,241
10,241
2,241
9,241
27,241
28,241
1,242
3,242
19,242
13,243
15,243
25,243
29,243
24,246
14,246
5,246
27,246
9,247
8,247
6,247
11,248
26,248
7,248
24,248
27,248
4,248
21,248
13,248
4,249
30,249
20,249
2,249
27,249
24,249
26,250
28,250
27,250
30,250
15,250
21,250
22,250
3,250
1,251
19,251
21,251
20,251
7,251
16,252
2,252
26,252
28,252
27,252
1,253
16,253
19,253
1,254
10,254
17,254
30,254
26,254
6,254
4,254
15,254
22,255
19,255
28,255
6,255
2,255
21,255
1,255
19,256
14,256
7,256
24,256
1,256
10,256
22,256
1,257
5,257
29,257
14,257
12,257
13,257
30,257
26,258
5,258
27,258
13,258
25,258
11,258
1,259
15,259
6,259
27,259
3,259
11,259
4,259
6,260
8,260
12,260
27,260
30,260
17,260
12,261
15,261
17,261
27,261
18,261
21,261
10,261
9,262
14,262
13,262
17,262
29,262
10,262
4,262
1,263
16,263
12,263
8,263
25,263
28,263
14,265
7,265
10,265
21,265
2,265
16,266
20,266
29,266
18,266
30,267
29,267
1,267
25,267
2,267
28,267
1,269
19,269
30,269
24,269
12,269
18,269
22,269
24,270
27,270
15,270
16,270
18,271
25,271
17,271
5,272
16,272
8,272
9,272
22,272
4,272
3,272
1,273
2,273
24,273
20,273
10,273
23,274
26,274
25,274
20,274
16,274
19,274
14,274
10,274
5,275
27,275
16,275
12,275
1,275
11,276
30,276
24,276
6,277
25,277
21,277
29,277
18,278
24,278
9,278
19,278
22,278
15,278
13,278
1,279
27,279
9,279
15,279
7,279
20,279
22,279
13,280
15,280
4,280
9,281
19,281
17,281
29,281
9,282
5,282
10,282
13,282
28,282
22,282
26,282
1,282
1,283
21,283
10,283
23,283
16,283
4,283
24,283
6,283
11,284
7,284
30,284
15,284
5,285
8,285
16,285
23,287
24,287
16,287
18,287
19,287
17,287
14,287
1,288
10,288
21,288
17,289
24,289
13,289
14,289
10,289
5,290
21,290
1,290
20,291
5,291
7,291
13,291
10,291
3,291
1,291
4,292
22,292
2,292
26,292
12,292
21,292
20,292
17,293
24,293
29,293
14,293
25,293
13,294
27,294
11,294
15,295
1,295
23,295
11,296
13,296
14,296
10,296
1,298
14,298
2,298
13,298
7,299
3,299
28,299
30,299
24,299
9,299
12,300
15,300
24,300
1,301
22,301
24,301
5,301
5,302
20,302
26,302
1,302
25,302
23,302
2,302
13,302
29,303
1,303
27,303
18,303
10,303
5,303
11,303
9,304
29,304
27,304
2,304
15,304
28,304
27,305
24,305
5,305
9,305
14,305
26,305
19,306
3,306
17,306
24,306
1,306
29,306
30,307
12,307
28,307
1,307
25,307
19,307
11,307
9,307
1,308
9,308
24,308
2,308
25,308
19,308
20,308
10,308
4,310
21,310
23,310
5,310
11,310
2,310
29,310
14,310
29,311
12,311
3,311
14,311
26,311
9,312
11,312
7,312
19,312
27,312
30,312
28,312
21,312
10,313
6,313
24,313
4,313
30,313
19,313
8,313
26,313
1,314
6,314
18,314
24,314
12,314
25,314
26,314
30,314
15,315
23,315
4,315
12,315
20,315
8,315
13,315
29,315
1,316
8,316
6,316
24,316
4,316
20,316
19,316
28,316
1,317
3,317
14,317
12,317
29,317
24,317
4,317
2,318
25,318
19,318
15,318
30,318
5,318
27,319
11,319
30,319
2,319
6,319
29,319
17,319
21,320
1,320
24,320
14,320
6,320
11,320
12,320
1,321
9,321
10,321
6,321
20,322
24,322
30,322
4,322
3,322
26,324
18,324
25,324
16,324
27,324
11,324
13,324
3,325
28,325
30,325
10,325
25,326
22,326
13,326
9,326
1,326
20,326
27,326
1,327
15,327
22,327
7,327
8,327
22,328
30,328
10,328
29,328
8,328
1,329
6,329
20,329
16,329
8,329
19,329
1,330
14,330
13,330
10,330
18,330
29,330
1,331
3,331
28,331
23,332
25,332
22,332
29,332
18,332
4,332
12,332
15,333
2,333
19,333
10,333
11,333
13,334
6,334
16,334
2,334
28,334
20,335
22,335
7,335
18,335
28,335
1,335
19,336
10,336
26,336
5,336
7,336
8,336
18,337
20,337
12,337
4,337
17,338
25,338
21,338
15,338
24,339
22,339
3,339
21,339
2,339
16,339
10,339
23,339
1,340
24,340
20,340
9,340
13,340
3,340
1,341
7,341
9,341
22,341
26,341
3,341
10,341
18,341
21,342
10,342
24,342
6,342
26,342
14,342
17,342
5,342
4,343
29,343
1,343
11,343
7,343
19,343
6,343
3,343
5,344
18,344
16,344
9,344
14,345
19,345
4,345
26,345
5,345
9,345
11,345
23,345
11,346
13,346
24,346
7,346
1,346
6,346
28,346
1,347
15,347
25,347
26,348
1,348
20,348
16,348
22,349
14,349
15,349
30,349
6,350
25,350
28,350
21,350
7,350
11,350
1,351
20,351
4,351
7,351
29,351
16,351
9,351
24,351
14,352
30,352
6,352
15,352
2,352
22,352
23,353
21,353
8,353
22,353
11,354
27,354
6,354
29,354
5,354
20,355
8,355
28,355
2,355
1,355
6,355
21,355
27,355
8,356
12,356
6,356
4,356
17,356
11,356
18,356
8,357
26,357
17,357
28,357
10,357
23,357
24,357
12,357
1,358
20,358
6,358
7,358
4,358
22,359
18,359
11,359
2,359
20,359
10,359
15,359
28,360
29,360
16,360
25,360
9,360
11,360
18,360
20,360
12,361
25,361
28,361
11,362
17,362
13,362
20,363
1,363
23,363
14,363
28,363
10,363
20,364
16,364
7,364
30,364
2,364
18,364
3,364
13,364
25,365
21,365
30,365
1,366
16,366
26,366
1,367
17,367
12,367
17,368
16,368
6,368
6,369
15,369
30,369
5,369
3,369
28,369
25,369
4,369
18,370
21,370
17,370
14,370
26,371
13,371
23,371
16,371
9,371
27,371
17,371
4,371
1,372
16,372
6,372
29,372
12,373
23,373
24,373
9,373
5,373
18,373
26,373
29,374
12,374
25,374
7,374
23,376
1,376
18,376
12,376
28,376
6,376
13,376
21,376
1,377
7,377
29,377
15,378
4,378
21,378
10,379
28,379
24,379
12,379
22,379
1,379
11,380
9,380
22,380
19,380
1,380
2,381
22,381
29,381
10,381
30,381
9,381
6,381
19,382
5,382
18,382
6,382
15,383
8,383
18,383
10,384
2,384
15,384
13,384
28,384
11,384
1,384
1,385
22,385
28,385
12,385
17,385
13,385
19,385
17,386
16,386
18,386
19,386
13,387
3,387
27,387
2,387
22,388
26,388
3,388
8,388
1,388
12,388
5,388
10,388
1,389
11,389
23,389
9,390
3,390
10,390
29,390
4,390
23,390
11,391
12,391
21,391
9,391
13,391
4,391
30,393
3,393
26,393
7,405
26,405
29,405
18,406
29,406
25,406
6,406
9,406
12,406
5,406
18,407
29,407
2,407
22,407
15,407
4,407
8,407
9,407
8,408
9,408
3,408
16,408
20,408
26,408
1,409
27,409
15,409
25,410
15,410
8,410
12,410
5,410
27,412
24,412
20,412
22,412
19,412
9,412
18,412
9,413
10,413
5,413
29,413
15,414
12,414
5,414
8,414
11,414
3,415
23,415
21,415
6,415
28,416
26,416
24,416
1,416
27,416
30,417
21,417
1,417
13,417
23,418
30,418
6,418
20,418
16,418
15,418
24,418
3,418
7,419
18,419
11,419
17,419
14,420
19,420
12,420
30,420
13,420
3,420
3,421
28,421
22,421
20,422
30,422
28,422
3,422
5,422
18,422
15,422
11,422
25,423
15,423
24,423
21,423
23,423
1,424
14,424
8,424
22,424
5,424
14,425
20,425
9,425
3,425
27,425
1,426
2,426
28,426
26,426
4,426
29,426
14,426
9,427
30,427
22,427
25,427
17,428
25,428
5,428
4,428
1,428
3,428
7,428
12,428
29,429
26,429
9,429
22,429
12,429
1,430
3,430
18,430
30,430
8,430
12,430
28,430
1,431
21,431
14,431
5,431
20,431
6,431
12,432
9,432
17,432
21,433
25,433
15,433
5,434
1,434
8,434
12,434
25,435
9,435
14,435
1,436
30,436
4,436
25,436
3,436
13,436
16,436
21,436
11,437
21,437
15,437
22,437
5,437
18,437
1,437
9,438
12,438
19,438
18,438
6,440
5,440
2,440
13,440
14,440
24,440
18,441
26,441
12,441
20,441
27,442
9,442
28,442
8,442
14,442
27,444
18,444
11,444
4,444
25,444
14,444
28,445
21,445
6,445
1,445
18,445
20,445
19,445
2,445
1,446
23,446
6,446
16,446
19,446
27,446
1,448
21,448
10,448
4,448
20,448
8,448
28,448
17,448
26,449
17,449
30,449
14,449
24,450
23,450
4,450
2,450
1,451
30,451
26,451
8,452
7,452
1,452
12,452
26,452
21,452
14,453
5,453
26,453
13,453
25,453
24,453
27,453
23,454
25,454
11,454
30,454
3,454
10,455
6,455
25,455
4,455
12,456
4,456
29,456
10,456
5,456
3,456
13,456
16,456
29,457
6,457
19,457
1,457
7,458
19,458
2,458
22,458
5,459
27,459
7,459
6,459
19,460
20,460
9,460
23,461
5,461
15,461
21,461
28,461
16,461
14,461
29,464
28,464
20,464
7,466
26,466
19,466
1,466
14,466
15,466
7,467
27,467
29,467
8,467
19,467
20,467
3,467
30,467
24,468
16,468
2,468
12,468
11,468
29,468
22,468
20,468
22,469
10,469
17,469
19,469
6,469
11,470
30,470
13,470
3,470
19,470
7,470
30,471
8,471
23,471
16,471
7,471
11,471
22,471
3,471
15,472
1,472
16,472
14,473
24,473
30,473
9,473
14,474
13,474
20,474
3,474
6,474
7,474
22,474
24,474
30,475
20,475
11,475
24,476
15,476
26,476
23,476
22,476
8,476
1,477
23,477
15,477
12,477
8,477
25,478
29,478
20,478
15,478
1,479
14,479
6,479
10,479
22,479
4,479
19,479
7,480
24,480
13,480
16,480
25,480
2,480
1,480
30,480
1,481
18,481
26,481
23,481
2,481
9,481
29,481
26,482
4,482
3,482
10,482
7,482
9,484
17,484
14,484
16,484
28,484
13,484
25,484
7,484
1,485
13,485
24,485
8,485
20,485
17,486
29,486
10,486
3,487
14,487
9,487
25,488
2,488
8,488
15,489
26,489
1,489
25,489
22,489
21,489
30,489
24,490
12,490
18,490
14,490
1,491
19,491
26,491
19,492
9,492
28,492
21,492
15,492
20,492
16,492
12,492
16,493
4,493
12,493
22,493
6,493
14,493
29,494
19,494
21,494
8,494
16,494
9,494
30,494
12,495
29,495
23,495
26,495
30,496
6,496
5,496
24,496
21,496
25,496
17,496
20,496
8,497
13,497
10,497
14,497
4,497
18,497
20,499
17,499
13,499
30,499
7,500
19,500
25,500
13,500
1,500
8,500
1,501
7,501
23,501
22,501
1,502
14,502
12,502
25,502
4,502
26,502
16,504
1,504
28,504
10,504
14,504
4,505
27,505
13,505
3,505
1,506
15,506
16,506
10,506
27,506
21,506
22,506
2,506
1,507
25,507
4,507
1,508
7,508
22,508
20,508
13,509
20,509
7,509
28,509
5,509
17,509
1,510
3,510
22,510
11,510
16,510
9,510
1,511
11,511
26,511
3,512
29,512
11,512
8,512
1,512
11,513
6,513
12,513
27,513
23,514
21,514
8,514
14,514
16,514
10,514
15,514
1,515
15,515
12,515
7,515
8,515
23,515
29,516
19,516
9,516
27,516
16,517
21,517
20,517
17,517
20,518
4,518
16,518
2,518
10,519
24,519
25,519
1,519
15,519
11,520
19,520
25,520
6,520
10,520
5,520
9,520
12,520
28,521
6,521
7,521
20,521
26,521
14,521
12,521
1,522
2,522
14,522
28,522
10,522
13,522
3,522
21,522
25,523
5,523
27,523
1,523
12,523
20,523
14,523
24,523
23,524
13,524
9,524
29,524
4,524
15,524
5,524
4,526
24,526
13,526
26,526
23,526
5,526
19,526
8,526
2,527
19,527
10,527
28,527
18,527
1,527
22,527
20,527
13,528
19,528
11,528
1,529
5,529
9,529
11,529
7,529
22,529
1,531
24,531
25,531
5,531
23,531
2,531
5,532
28,532
24,532
16,532
14,532
17,532
13,532
1,533
5,533
11,533
7,533
24,533
4,533
28,533
12,533
2,534
26,534
24,534
12,534
14,535
8,535
5,535
9,535
11,535
17,536
24,536
13,536
30,536
1,537
20,537
3,537
14,538
30,538
22,538
23,538
10,539
2,539
23,539
1,539
3,539
1,540
25,540
6,540
29,540
18,540
9,541
8,541
20,541
25,541
19,541
24,542
29,542
26,542
15,543
14,543
25,543
11,543
2,543
27,543
1,543
28,543
30,544
9,544
14,544
24,544
25,544
26,546
29,546
22,546
19,546
10,546
21,546
11,547
16,547
12,547
1,548
30,548
24,548
2,548
15,548
5,548
1,549
2,549
12,549
18,549
7,549
14,549
28,549
26,549
22,550
5,550
3,550
29,550
18,550
30,550
8,550
21,550
5,551
30,551
29,551
6,551
25,551
23,552
19,552
17,552
27,552
3,552
1,553
28,553
27,553
2,555
26,555
28,555
12,555
22,555
8,556
24,556
26,556
9,556
25,556
1,558
23,558
22,558
9,558
1,562
2,562
11,562
15,562
25,562
22,563
14,563
23,563
10,563
3,563
9,563
2,563
19,564
28,564
2,564
12,564
3,564
1,567
21,567
10,567
2,567
16,567
8,568
2,568
7,568
5,568
18,568
3,568
30,569
13,569
15,569
11,569
14,569
1,569
25,573
12,573
13,573
15,573
11,573
7,573
5,573
28,574
2,574
18,574
12,575
21,575
26,575
3,575
17,575
22,575
15,575
1,575
2,577
21,577
28,577
26,577
9,577
16,579
9,579
1,579
19,579
13,579
18,579
12,579
2,579
26,580
2,580
15,580
17,581
30,581
21,581
11,581
20,581
12,581
10,581
4,581
1,583
6,583
13,583
14,583
26,583
2,583
3,583
27,583
20,585
29,585
7,585
22,586
8,586
3,586
16,586
6,586
15,586
1,586
27,587
18,587
7,587
21,587
1,587
10,587
12,587
30,587
27,588
11,588
23,588
3,588
17,588
25,588
24,588
28,589
9,589
24,589
13,589
10,589
1,589
5,590
20,590
27,590
24,590
21,590
15,592
20,592
8,592
25,592
1,593
29,593
26,593
19,594
9,594
21,594
1,594
6,594
24,594
12,594
26,594
30,595
8,595
13,595
14,595
22,595
10,596
26,596
1,596
20,596
4,597
14,597
10,597
27,599
11,599
24,599
13,599
8,599
12,599
1,599
1,600
7,600
20,600
8,600
2,600
3,600
1,602
27,602
28,602
11,602
3,602
15,602
12,602
19,605
3,605
29,605
6,605
12,605
10,606
5,606
25,606
22,606
7,606
23,606
27,606
24,606
13,608
17,608
28,608
6,608
16,608
3,608
25,609
17,609
26,609
23,609
7,610
8,610
24,610
21,610
11,610
19,611
26,611
28,611
4,611
27,611
17,611
28,612
26,612
9,612
1,613
23,613
15,613
13,615
1,615
26,615
12,615
20,616
27,616
26,616
2,616
16,616
18,617
8,617
25,617
23,617
9,617
22,617
20,617
26,617
16,618
25,618
21,618
15,618
3,618
24,618
8,618
20,618
24,619
21,619
1,619
25,626
6,626
19,626
15,626
24,626
30,626
2,626
13,626
1,627
26,627
18,627
25,627
19,627
14,627
4,627
5,627
1,628
21,628
25,628
30,628
9,628
15,628
15,631
14,631
23,631
29,631
27,631
19,632
16,632
10,632
24,632
4,633
3,633
10,633
15,634
14,634
9,634
1,635
8,635
7,635
16,635
4,635
9,635
22,636
10,636
25,636
15,636
17,636
5,637
9,637
29,637
4,637
1,637
29,638
12,638
18,638
3,638
23,638
2,638
26,638
1,639
21,639
3,639
1,640
3,640
7,640
11,640
22,640
27,640
1,645
4,645
17,645
1,647
27,647
4,647
24,647
29,647
1,648
25,648
21,648
10,648
29,648
26,649
13,649
15,649
1,650
28,650
20,650
25,650
28,653
27,653
16,653
15,653
9,653
18,653
24,653
9,656
3,656
16,656
15,656
24,656
13,656
30,656
12,656
7,661
3,661
9,661
6,661
25,661
11,661
17,661
26,661
9,662
11,662
27,662
10,662
1,662
19,662
24,662
15,662
24,663
22,663
5,663
25,663
1,663
9,665
12,665
15,665
26,665
2,665
13,665
19,665
7,667
23,667
14,667
21,668
13,668
1,668
16,668
18,668
27,668
3,668
10,670
23,670
7,670
13,670
3,670
8,670
20,670
25,670
19,671
16,671
27,671
2,671
25,671
22,673
16,673
6,673
27,673
3,673
4,673
20,673
19,673
11,674
6,674
13,674
1,678
27,678
24,678
3,678
26,679
7,679
30,679
24,679
29,679
30,680
3,680
11,680
1,680
3,685
6,685
7,685
25,685
2,685
28,688
24,688
29,688
5,688
15,688
14,691
11,691
16,691
1,692
7,692
16,692
24,692
20,692
4,692
17,692
6,692
1,694
19,694
4,694
29,694
2,694
28,694
11,694
19,695
10,695
16,695
18,697
3,697
15,697
25,697
4,697
28,697
23,697
12,697
1,698
18,698
28,698
3,698
15,698
7,700
20,700
21,700
24,700
18,700
11,700
30,700
12,700
21,703
15,703
22,703
23,703
18,703
12,704
21,704
19,704
7,704
30,704
27,704
23,704
24,706
5,706
3,706
27,706
18,706
22,706
1,706
20,706
1,707
6,707
24,707
23,707
8,708
27,708
11,708
20,708
21,708
29,709
13,709
22,709
21,710
27,710
5,710
18,710
27,711
28,711
17,711
8,711
13,711
26,711
24,711
8,714
14,714
11,714
3,714
19,714
20,714
16,714
17,714
27,715
11,715
17,715
28,718
2,718
6,718
30,718
14,719
21,719
15,719
15,720
4,720
29,720
16,722
3,722
19,722
22,722
23,722
10,722
1,724
25,724
26,724
26,725
30,725
27,725
11,725
20,725
9,726
2,726
30,726
3,726
22,726
14,726
17,726
23,728
9,728
7,728
12,728
22,731
8,731
13,731
29,733
18,733
10,733
14,733
2,733
11,733
6,733
4,735
20,735
6,735
16,735
29,735
27,735
23,735
5,736
7,736
3,736
18,736
30,736
23,736
22,737
7,737
23,737
29,737
14,737
26,741
23,741
22,741
20,741
10,741
28,741
9,741
18,741
12,742
2,742
17,742
29,742
15,742
9,742
17,743
3,743
20,743
9,743
21,743
8,743
4,745
20,745
19,745
21,745
23,745
11,745
15,745
11,747
8,747
21,747
2,747
25,747
16,747
15,747
11,748
26,748
13,748
27,748
16,750
30,750
27,750
28,750
23,757
16,757
15,757
22,757
29,757
20,759
26,759
2,759
28,759
12,759
3,759
30,759
10,759
1,760
23,760
2,760
30,760
3,760
1,761
23,761
26,761
19,761
20,761
11,761
15,761
15,762
19,762
22,762
5,762
1,762
6,764
1,764
11,764
4,764
20,764
21,764
30,765
22,765
1,765
7,765
17,765
10,765
1,766
22,766
29,766
24,766
3,773
13,773
10,773
18,773
9,773
20,775
9,775
10,775
18,778
27,778
3,778
16,779
13,779
17,779
11,779
30,779
2,779
1,780
22,780
12,780
21,780
17,780
26,781
17,781
22,781
25,781
29,781
27,781
9,781
19,782
4,782
24,782
3,782
13,782
10,782
24,783
5,783
1,783
1,784
18,784
7,784
21,784
2,784
30,784
16,784
17,785
8,785
13,785
28,785
5,785
22,785
7,785
1,786
29,786
15,786
4,786
3,788
14,788
8,788
22,788
26,788
1,790
29,790
12,790
23,791
25,791
5,791
1,791
10,791
18,795
12,795
24,795
6,798
22,798
7,798
8,798
25,798
16,799
17,799
26,799
20,799
23,799
20,800
5,800
1,800
14,801
2,801
8,801
10,801
11,801
17,801
1,802
20,802
6,802
28,803
8,803
13,803
4,803
6,803
26,804
29,804
7,804
8,804
27,805
4,805
29,805
25,805
9,806
30,806
6,806
8,806
14,806
25,806
18,806
14,808
15,808
11,808
30,808
9,808
13,808
1,809
22,809
21,809
13,810
4,810
14,810
27,813
29,813
6,813
25,813
14,813
15,813
30,818
10,818
13,818
25,818
11,823
17,823
26,823
9,823
13,823
20,823
14,824
13,824
6,824
16,824
23,828
6,828
17,828
26,828
28,828
8,828
20,829
5,829
27,829
15,829
12,829
2,830
3,830
4,830
16,830
5,830
13,830
23,830
25,832
24,832
12,832
8,832
8,833
22,833
4,833
6,833
14,833
10,833
12,833
18,835
6,835
20,835
1,836
28,836
19,836
13,837
19,837
2,837
28,837
3,837
28,838
20,838
22,838
2,838
12,838
4,838
1,838
26,838
3,839
9,839
18,839
12,839
7,839
27,839
1,839
12,840
4,840
8,840
2,840
5,841
21,841
17,841
2,842
1,842
6,842
24,848
25,848
5,848
7,848
4,848
10,849
26,849
3,849
18,849
9,849
30,849
27,849
14,849
18,851
9,851
27,851
25,851
19,851
28,851
29,851
22,852
9,852
14,852
30,852
24,852
26,858
14,858
20,858
23,861
24,861
3,861
18,861
10,861
15,861
7,861
6,861
15,866
28,866
1,866
21,866
19,866
7,867
30,867
17,867
15,867
6,867
21,869
17,869
4,869
15,869
29,869
27,870
19,870
16,870
11,870
20,870
25,870
1,875
6,875
14,875
8,875
10,875
23,875
19,875
13,876
28,876
29,876
8,879
28,879
11,879
8,880
15,880
22,880
5,880
30,880
20,880
17,881
12,881
23,881
5,882
9,882
16,882
1,885
24,885
11,885
8,886
23,886
5,886
4,886
9,886
6,886
1,886
8,888
17,888
30,888
18,888
10,889
19,889
12,889
15,889
18,889
5,889
1,891
23,891
14,891
3,891
15,891
7,891
5,891
1,892
7,892
27,892
4,892
15,892
28,892
17,892
2,892
25,893
21,893
13,893
24,893
29,893
8,893
4,893
25,896
6,896
8,896
17,896
12,896
22,897
29,897
16,897
12,897
24,898
26,898
2,898
11,898
22,899
6,899
18,899
28,899
30,899
13,899
30,900
13,900
1,900
20,901
5,901
26,901
23,901
10,901
6,901
18,901
7,902
21,902
15,902
28,902
13,902
24,902
6,902
18,902
24,903
22,903
19,903
29,904
4,904
6,904
17,905
3,905
19,905
28,905
20,905
2,905
14,906
2,906
9,906
4,906
1,906
17,906
22,906
18,907
29,907
26,907
9,907
8,907
20,907
25,907
30,908
10,908
20,908
1,908
6,908
7,908
9,908
25,909
6,909
9,909
28,910
27,910
14,910
20,910
1,910
5,910
16,910
2,910
24,911
14,911
22,911
1,911
27,911
9,912
17,912
27,912
21,912
28,912
2,912
13,912
14,912
20,913
13,913
30,913
11,913
24,913
29,913
3,913
20,914
9,914
21,914
27,915
9,915
8,915
17,916
10,916
2,916
1,917
26,917
8,917
28,918
2,918
11,918
15,919
21,919
28,919
10,919
8,919
2,919
13,919
29,919
27,920
15,920
11,920
10,921
20,921
14,921
27,921
2,921
28,922
6,922
16,922
18,922
15,922
24,922
9,923
12,923
18,923
28,923
24,923
24,924
2,924
4,924
28,924
30,924
23,926
6,926
30,926
16,926
25,926
21,926
24,927
28,927
25,927
18,927
3,927
23,928
21,928
4,928
9,929
29,929
7,929
23,929
28,929
19,929
30,929
16,929
11,930
7,930
1,930
15,930
13,930
14,931
3,931
20,931
27,931
2,931
8,931
7,932
17,932
22,932
27,932
4,932
21,932
5,932
28,932
4,933
12,933
5,933
6,933
27,933
1,933
8,933
30,933
1,934
20,934
11,934
6,934
9,934
14,935
9,935
2,935
22,935
7,935
1,936
28,936
2,936
24,936
3,936
2,937
4,937
7,937
8,937
21,937
20,937
22,938
4,938
15,938
24,938
30,938
9,938
16,938
5,938
7,940
4,940
16,940
7,941
12,941
11,941
26,941
16,942
7,942
9,942
12,942
27,942
5,942
8,942
24,942
6,943
1,943
3,943
29,943
2,943
13,943
22,943
15,943
16,944
23,944
5,944
26,944
14,945
30,945
8,945
26,945
10,945
29,945
22,945
6,946
19,946
9,946
28,946
8,946
12,946
14,946
19,947
29,947
26,947
4,948
8,948
6,948
29,948
19,949
12,949
25,949
29,949
30,950
13,950
22,950
25,950
5,950
18,950
17,950
14,951
23,951
3,951
28,951
21,951
6,952
29,952
17,952
25,952
13,952
1,952
6,953
15,953
16,953
5,953
25,953
8,953
1,953
25,954
10,954
2,954
20,955
18,955
13,955
6,955
28,955
21,956
16,956
3,956
11,956
1,956
26,956
24,956
22,956
19,959
26,959
7,959
30,959
16,959
18,959
5,959
29,961
1,961
27,961
30,963
9,963
15,963
23,963
18,963
27,965
21,965
30,965
6,965
7,965
11,968
16,968
6,968
30,968
26,968
15,968
22,969
14,969
7,969
29,969
3,969
1,969
4,969
25,969
10,970
12,970
26,970
1,970
23,971
28,971
21,971
2,971
11,971
4,971
29,971
16,971
19,973
17,973
10,973
15,973
9,973
7,973
11,973
26,976
14,976
1,976
6,976
2,976
7,976
1,979
9,979
30,979
11,979
25,981
3,981
26,981
13,981
4,981
19,981
15,981
14,981
2,982
6,982
7,982
23,982
4,982
3,982
14,982
18,984
16,984
9,984
24,984
28,984
30,984
17,986
22,986
15,986
30,986
25,986
10,986
26,986
22,987
2,987
20,987
24,987
15,987
29,987
25,988
16,988
30,988
22,988
9,988
8,988
17,988
1,990
17,990
21,990
8,990
16,991
27,991
29,991
3,991
30,991
22,991
11,991
7,991
18,993
8,993
6,993
23,993
5,993
19,994
10,994
12,994
25,994
9,994
20,994
11,994
30,994
22,996
16,996
9,996
20,996
23,996
8,996
10,996
30,996
8,998
25,998
6,998
3,998
4,998
13,999
21,999
12,999
20,999
15,999
12,1003
27,1003
29,1003
22,1003
21,1003
25,1004
1,1004
27,1004
3,1005
24,1005
10,1005
20,1005
1,1006
10,1006
30,1006
7,1006
22,1007
21,1007
13,1007
18,1007
2,1007
19,1007
11,1008
21,1008
2,1008
7,1008
14,1008
20,1008
23,1008
1,1009
17,1009
14,1009
28,1010
13,1010
15,1010
6,1010
17,1010
25,1011
17,1011
14,1011
13,1011
4,1011
23,1011
18,1011
16,1012
26,1012
9,1012
14,1012
14,1013
3,1013
1,1013
27,1014
28,1014
2,1014
25,1014
16,1014
23,1015
12,1015
15,1015
6,1015
5,1015
18,1015
24,1015
4,1015
20,1016
29,1016
3,1016
7,1016
27,1016
12,1017
3,1017
14,1017
5,1017
15,1017
23,1017
13,1017
24,1017
22,1018
24,1018
15,1018
1,1019
23,1019
12,1019
2,1019
25,1019
9,1020
4,1020
8,1020
19,1020
25,1020
26,1020
20,1021
9,1021
28,1021
3,1021
3,1022
24,1022
5,1022
29,1022
15,1022
4,1022
28,1022
27,1022
30,1023
9,1023
7,1023
23,1023
6,1023
20,1023
14,1023
11,1023
12,1024
23,1024
6,1024
13,1024
5,1024
24,1024
22,1024
18,1024
17,1025
5,1025
10,1025
23,1025
6,1025
24,1027
3,1027
4,1027
3,1028
6,1028
8,1028
29,1028
30,1028
16,1028
21,1028
19,1028
18,1029
17,1029
7,1029
2,1030
4,1030
11,1030
30,1030
1,1030
25,1030
17,1030
14,1031
10,1031
9,1031
6,1032
1,1032
2,1032
27,1032
25,1032
5,1032
10,1032
30,1033
25,1033
17,1033
15,1033
22,1033
6,1033
23,1033
1,1034
26,1034
12,1034
11,1034
8,1034
17,1034
10,1035
15,1035
18,1035
2,1035
20,1035
8,1035
19,1036
18,1036
1,1036
28,1037
7,1037
25,1037
27,1037
20,1040
23,1040
30,1040
1,1040
1,1041
24,1041
15,1041
26,1041
28,1041
4,1041
6,1042
4,1042
10,1042
5,1043
19,1043
20,1043
15,1043
6,1043
13,1043
21,1043
1,1043
1,1046
12,1046
7,1046
15,1046
4,1046
8,1046
13,1046
1,1047
12,1047
25,1047
22,1047
25,1049
1,1049
20,1049
2,1049
22,1049
29,1049
4,1049
7,1049
18,1050
14,1050
22,1050
27,1050
8,1050
29,1050
11,1051
22,1051
29,1051
1,1053
11,1053
26,1053
30,1053
7,1053
16,1054
11,1054
17,1054
7,1054
13,1054
14,1054
19,1054
8,1055
19,1055
6,1055
29,1056
16,1056
28,1056
2,1056
17,1056
21,1057
7,1057
6,1057
19,1057
2,1057
12,1057
13,1059
26,1059
30,1059
16,1059
6,1060
9,1060
29,1060
12,1060
15,1060
14,1060
21,1060
4,1060
11,1061
24,1061
17,1061
2,1061
18,1061
23,1064
15,1064
12,1064
6,1064
26,1064
30,1064
27,1064
3,1064
17,1066
25,1066
22,1066
27,1066
14,1068
27,1068
3,1068
23,1068
25,1068
8,1073
17,1073
7,1073
24,1073
11,1073
26,1073
14,1073
2,1073
26,1076
3,1076
23,1076
6,1076
17,1076
9,1076
1,1076
17,1077
10,1077
11,1077
22,1077
14,1077
2,1077
27,1077
12,1077
9,1078
23,1078
28,1078
6,1078
10,1079
6,1079
26,1079
23,1079
6,1080
30,1080
28,1080
17,1080
2,1080
10,1080
13,1081
7,1081
9,1081
18,1081
29,1081
21,1081
14,1081
26,1082
9,1082
12,1082
27,1082
14,1082
30,1082
8,1082
24,1083
10,1083
18,1083
6,1083
17,1084
11,1084
27,1084
26,1084
13,1084
14,1084
21,1084
1,1084
28,1085
7,1085
25,1085
4,1085
20,1085
3,1085
9,1086
4,1086
11,1086
29,1086
22,1086
12,1086
1,1088
17,1088
15,1088
16,1088
29,1088
25,1088
28,1088
27,1088
23,1089
27,1089
20,1089
29,1089
24,1089
28,1089
13,1089
30,1089
25,1090
22,1090
2,1090
14,1090
20,1091
11,1091
19,1091
18,1091
30,1091
17,1091
19,1092
2,1092
23,1092
22,1093
17,1093
13,1093
23,1094
8,1094
28,1094
17,1094
22,1094
6,1094
13,1094
12,1094
1,1095
6,1095
29,1095
28,1095
8,1095
18,1095
21,1096
1,1096
30,1096
14,1096
14,1097
22,1097
1,1097
12,1097
21,1097
20,1099
25,1099
23,1099
5,1099
22,1099
1,1100
15,1100
12,1100
25,1100
21,1101
17,1101
18,1101
1,1101
20,1101
19,1101
6,1101
13,1103
11,1103
10,1103
7,1103
8,1104
19,1104
26,1104
24,1104
22,1104
4,1104
27,1105
15,1105
22,1105
20,1105
8,1105
28,1105
23,1105
15,1107
27,1107
13,1107
19,1107
6,1111
5,1111
22,1111
10,1111
7,1111
29,1111
11,1111
16,1111
1,1112
28,1112
26,1112
24,1112
7,1114
4,1114
24,1114
8,1114
17,1114
15,1114
20,1114
6,1116
26,1116
29,1116
12,1116
4,1116
20,1117
16,1117
27,1117
5,1117
1,1119
30,1119
13,1119
14,1119
9,1119
16,1119
24,1119
29,1120
20,1120
8,1120
11,1120
16,1120
27,1120
1,1120
1,1121
2,1121
25,1121
30,1121
4,1121
14,1123
23,1123
10,1123
13,1123
25,1123
15,1123
18,1123
13,1124
12,1124
19,1124
4,1124
26,1125
12,1125
13,1125
2,1125
2,1126
21,1126
11,1126
18,1126
7,1127
18,1127
25,1127
15,1128
2,1128
14,1128
25,1128
7,1128
17,1129
9,1129
18,1129
20,1129
29,1129
4,1129
11,1129
19,1130
20,1130
17,1130
5,1130
9,1130
6,1130
9,1131
5,1131
24,1131
12,1131
7,1131
5,1132
6,1132
7,1132
21,1132
4,1132
1,1132
28,1132
12,1135
9,1135
4,1135
15,1136
6,1136
20,1136
17,1136
7,1137
29,1137
8,1137
20,1137
11,1137
3,1137
9,1140
11,1140
3,1140
15,1140
28,1140
6,1140
5,1144
25,1144
6,1144
18,1144
14,1144
23,1147
13,1147
26,1147
4,1147
27,1147
1,1147
7,1147
14,1147
23,1148
4,1148
14,1148
20,1148
24,1148
3,1148
1,1148
29,1148
2,1150
18,1150
13,1150
24,1151
15,1151
1,1151
11,1151
22,1151
13,1151
5,1151
2,1156
16,1156
6,1156
13,1156
30,1156
18,1156
19,1156
12,1156
30,1161
15,1161
1,1161
19,1161
2,1161
26,1162
13,1162
6,1162
9,1162
20,1163
25,1163
3,1163
2,1163
20,1167
25,1167
6,1167
21,1167
4,1167
30,1167
28,1167
16,1167
22,1170
19,1170
2,1170
18,1170
5,1170
4,1170
10,1170
11,1170
7,1171
24,1171
19,1171
17,1171
25,1172
21,1172
16,1172
28,1172
6,1172
15,1173
9,1173
22,1173
14,1173
30,1173
1,1175
9,1175
10,1175
17,1175
4,1175
21,1176
17,1176
20,1176
1,1177
7,1177
16,1177
10,1177
24,1177
11,1177
27,1177
20,1177
5,1178
13,1178
23,1178
9,1178
24,1178
8,1179
10,1179
12,1179
20,1179
19,1179
22,1179
15,1180
2,1180
30,1180
6,1180
1,1180
20,1180
4,1180
9,1183
12,1183
15,1183
18,1183
26,1183
4,1183
21,1183
2,1183
1,1184
28,1184
5,1184
25,1184
12,1185
8,1185
24,1185
22,1185
27,1185
22,1186
7,1186
16,1186
12,1186
28,1186
18,1186
15,1186
30,1186
9,1187
16,1187
17,1187
13,1188
18,1188
15,1188
4,1188
30,1188
22,1188
6,1188
8,1189
12,1189
15,1189
27,1189
25,1189
19,1189
5,1190
6,1190
1,1190
4,1190
20,1190
30,1190
3,1190
9,1190
13,1191
26,1191
20,1191
18,1191
9,1191
22,1192
1,1192
11,1192
8,1192
18,1192
26,1192
22,1193
29,1193
13,1193
19,1193
20,1194
18,1194
11,1194
28,1196
11,1196
20,1196
25,1196
14,1197
4,1197
19,1197
8,1197
11,1197
3,1197
15,1197
22,1198
26,1198
8,1198
13,1198
2,1198
19,1198
14,1199
24,1199
23,1199
16,1199
11,1200
18,1200
26,1200
2,1201
24,1201
15,1201
11,1201
14,1201
4,1201
4,1202
18,1202
2,1202
9,1202
25,1202
19,1203
25,1203
14,1203
1,1204
5,1204
24,1204
21,1204
17,1206
1,1206
11,1206
26,1206
6,1206
3,1206
16,1206
9,1206
22,1207
26,1207
4,1207
4,1208
16,1208
10,1208
30,1208
24,1209
16,1209
25,1209
9,1209
3,1209
13,1210
28,1210
14,1210
22,1210
27,1210
17,1210
6,1210
11,1211
12,1211
30,1211
5,1211
1,1211
22,1211
9,1211
1,1212
26,1212
14,1212
23,1212
28,1212
21,1213
25,1213
17,1213
3,1213
5,1214
26,1214
7,1214
22,1214
3,1215
1,1215
25,1215
22,1215
18,1216
10,1216
21,1216
16,1216
12,1217
17,1217
2,1217
22,1217
23,1217
28,1217
4,1217
16,1217
25,1218
26,1218
14,1218
22,1218
15,1218
5,1218
6,1218
7,1219
8,1219
4,1219
14,1220
17,1220
11,1220
22,1220
18,1220
4,1220
1,1220
19,1221
4,1221
27,1221
8,1221
2,1221
29,1221
15,1221
3,1221
13,1222
23,1222
11,1222
9,1222
18,1222
12,1222
22,1222
2,1222
24,1223
14,1223
25,1223
15,1223
10,1224
22,1224
18,1224
26,1224
9,1224
3,1224
28,1224
19,1224
2,1225
18,1225
22,1225
29,1225
21,1225
26,1225
27,1225
24,1226
15,1226
10,1226
25,1226
9,1226
15,1227
28,1227
30,1227
9,1227
12,1228
3,1228
11,1228
20,1228
2,1228
14,1228
10,1228
6,1228
6,1230
9,1230
3,1230
29,1230
6,1231
13,1231
21,1231
17,1231
7,1231
6,1232
26,1232
16,1232
25,1232
13,1232
29,1232
7,1232
21,1233
10,1233
11,1233
30,1233
1,1233
20,1233
22,1233
4,1234
29,1234
6,1234
23,1234
3,1234
24,1234
30,1235
18,1235
20,1235
21,1235
6,1235
11,1235
13,1236
3,1236
28,1236
15,1236
17,1236
24,1236
15,1237
12,1237
30,1237
11,1237
21,1237
5,1237
7,1237
8,1237
5,1238
1,1238
7,1238
16,1238
18,1240
10,1240
25,1240
12,1240
15,1241
28,1241
27,1241
18,1242
17,1242
16,1242
19,1242
30,1242
11,1242
24,1242
27,1243
1,1243
28,1243
19,1243
24,1243
15,1243
25,1243
2,1243
8,1244
1,1244
2,1244
15,1244
30,1245
22,1245
27,1245
13,1245
11,1245
10,1246
14,1246
29,1246
19,1246
25,1246
24,1247
4,1247
6,1247
16,1247
21,1247
26,1247
18,1247
14,1248
20,1248
12,1248
16,1248
22,1248
8,1248
27,1249
1,1249
11,1249
29,1249
30,1249
20,1249
12,1249
19,1250
21,1250
13,1250
4,1251
6,1251
26,1251
11,1251
22,1252
12,1252
30,1252
23,1253
1,1253
13,1253
2,1253
22,1253
9,1254
8,1254
19,1254
16,1254
17,1254
22,1254
10,1255
5,1255
16,1255
22,1255
11,1256
25,1256
8,1256
18,1256
16,1256
1,1257
18,1257
13,1257
12,1258
26,1258
5,1258
9,1258
13,1258
29,1259
5,1259
21,1259
24,1259
14,1259
15,1259
28,1259
15,1260
20,1260
5,1260
9,1261
16,1261
24,1261
8,1262
2,1262
11,1262
4,1262
20,1263
26,1263
27,1263
29,1263
17,1263
30,1263
17,1264
23,1264
10,1264
24,1264
3,1264
5,1264
12,1265
27,1265
2,1265
18,1265
24,1265
4,1265
21,1265
29,1265
1,1266
28,1266
23,1266
3,1266
25,1266
4,1266
13,1266
19,1267
6,1267
12,1267
17,1267
30,1267
4,1267
5,1268
29,1268
15,1268
21,1269
15,1269
2,1269
13,1270
29,1270
17,1270
2,1270
18,1270
7,1271
20,1271
14,1271
11,1272
20,1272
28,1272
4,1272
3,1272
30,1272
9,1272
10,1273
19,1273
13,1273
26,1273
24,1273
25,1273
15,1273
20,1273
15,1274
13,1274
1,1274
27,1274
23,1274
18,1274
20,1274
28,1275
18,1275
27,1275
26,1275
30,1275
6,1276
24,1276
22,1276
23,1277
19,1277
18,1277
8,1277
27,1277
22,1277
17,1277
14,1277
17,1278
20,1278
3,1278
29,1278
7,1278
5,1278
1,1279
14,1279
10,1279
27,1279
22,1280
2,1280
29,1280
15,1280
16,1280
5,1280
3,1281
21,1281
18,1281
24,1281
5,1282
12,1282
18,1282
7,1282
22,1282
10,1283
29,1283
17,1283
22,1283
1,1283
13,1283
25,1283
27,1284
11,1284
17,1284
2,1284
25,1285
19,1285
2,1285
24,1285
7,1286
5,1286
1,1286
6,1286
24,1286
29,1286
11,1286
19,1286
5,1287
24,1287
2,1287
17,1287
15,1287
20,1288
24,1288
29,1288
22,1288
2,1288
9,1288
28,1288
24,1289
13,1289
29,1289
23,1289
26,1289
2,1290
4,1290
8,1290
11,1290
13,1290
20,1290
16,1290
26,1290
16,1291
8,1291
25,1291
4,1291
3,1292
30,1292
10,1292
18,1292
29,1293
4,1293
16,1293
26,1293
17,1293
2,1293
7,1293
11,1293
29,1295
18,1295
6,1295
16,1295
25,1295
26,1295
9,1295
13,1295
15,1296
14,1296
11,1296
19,1296
27,1297
13,1297
17,1297
7,1297
2,1297
19,1298
16,1298
12,1298
23,1298
13,1298
27,1298
13,1299
27,1299
8,1299
9,1299
22,1299
2,1300
1,1300
25,1300
9,1300
3,1300
30,1300
15,1300
19,1301
21,1301
30,1301
11,1301
7,1301
22,1301
13,1301
14,1302
13,1302
27,1302
10,1303
25,1303
23,1303
5,1304
17,1304
16,1304
2,1304
3,1304
23,1304
19,1304
1,1304
19,1305
7,1305
8,1305
28,1306
30,1306
13,1306
12,1306
29,1306
19,1307
3,1307
15,1307
14,1307
29,1307
27,1307
30,1307
22,1307
20,1310
19,1310
23,1310
25,1310
3,1310
4,1310
18,1310
17,1310
1,1312
19,1312
18,1312
7,1312
22,1312
30,1312
15,1312
10,1312
4,1318
22,1318
19,1318
10,1318
16,1318
27,1318
11,1318
30,1320
12,1320
16,1320
4,1320
26,1320
8,1320
14,1320
6,1320
19,1321
12,1321
28,1321
2,1321
18,1321
26,1322
28,1322
23,1322
27,1322
4,1323
15,1323
16,1323
22,1323
25,1323
8,1324
19,1324
25,1324
17,1324
1,1324
23,1324
28,1324
8,1325
13,1325
6,1325
24,1325
12,1325
19,1325
19,1326
16,1326
6,1326
7,1326
2,1326
20,1326
22,1326
7,1327
5,1327
6,1327
15,1327
22,1327
26,1327
19,1328
20,1328
11,1328
10,1328
21,1328
3,1329
30,1329
26,1329
29,1329
19,1329
30,1330
25,1330
6,1330
2,1331
29,1331
3,1331
7,1331
8,1331
28,1331
19,1331
14,1331
2,1332
21,1332
7,1332
1,1332
6,1332
25,1332
23,1333
29,1333
11,1333
3,1333
25,1333
9,1334
21,1334
1,1334
22,1334
19,1334
30,1334
18,1334
16,1334
28,1335
23,1335
9,1335
11,1336
3,1336
28,1336
7,1336
10,1336
22,1336
29,1336
16,1336
21,1337
1,1337
4,1337
30,1339
19,1339
17,1339
2,1340
25,1340
30,1340
9,1340
26,1340
24,1341
5,1341
23,1341
12,1341
30,1341
23,1342
2,1342
16,1342
6,1342
11,1342
22,1342
1,1343
20,1343
27,1343
18,1343
10,1344
3,1344
6,1344
5,1344
14,1344
12,1344
21,1344
17,1345
26,1345
1,1345
18,1345
9,1345
10,1345
6,1345
21,1346
30,1346
24,1346
16,1346
29,1346
18,1346
15,1346
7,1346
24,1347
3,1347
25,1347
27,1348
19,1348
14,1348
23,1348
1,1348
7,1348
5,1348
27,1349
1,1349
14,1349
17,1349
6,1349
8,1349
15,1349
24,1350
10,1350
1,1350
6,1350
12,1350
19,1350
20,1351
23,1351
25,1351
3,1352
8,1352
18,1352
6,1352
18,1353
7,1353
21,1353
9,1353
8,1353
27,1354
11,1354
12,1354
3,1354
18,1354
16,1355
4,1355
25,1355
26,1355
29,1355
28,1355
9,1355
13,1356
16,1356
27,1356
9,1356
4,1356
24,1356
1,1357
3,1357
21,1357
18,1357
17,1357
2,1357
1,1358
15,1358
11,1358
12,1358
8,1358
25,1359
29,1359
26,1359
7,1359
17,1359
28,1359
27,1359
11,1361
5,1361
18,1361
12,1361
1,1361
4,1361
16,1361
25,1361
1,1363
7,1363
4,1363
11,1363
6,1363
30,1365
12,1365
26,1365
23,1365
20,1366
22,1366
8,1366
12,1366
16,1367
25,1367
14,1367
24,1367
8,1367
1,1367
12,1370
26,1370
11,1370
6,1370
24,1370
1,1370
10,1370
4,1370
22,1371
25,1371
10,1371
20,1371
30,1371
18,1372
7,1372
16,1372
10,1372
8,1373
18,1373
2,1373
5,1373
11,1373
25,1374
26,1374
23,1374
5,1374
2,1374
11,1375
29,1375
2,1375
17,1376
1,1376
18,1376
23,1376
6,1376
5,1376
10,1377
27,1377
23,1377
28,1377
25,1377
18,1377
26,1377
27,1378
13,1378
11,1378
22,1378
5,1378
1,1379
2,1379
19,1379
8,1379
13,1379
26,1379
3,1379
20,1380
16,1380
1,1380
10,1380
19,1380
28,1380
2,1380
15,1380
13,1381
14,1381
30,1381
16,1381
11,1381
15,1381
25,1381
14,1382
12,1382
25,1382
20,1382
18,1382
3,1382
5,1382
23,1382
25,1385
2,1385
20,1385
30,1385
13,1385
23,1385
13,1387
26,1387
21,1387
23,1387
19,1387
3,1387
4,1387
28,1388
23,1388
26,1388
24,1388
3,1388
10,1388
4,1389
21,1389
25,1389
3,1389
20,1389
22,1389
6,1389
2,1389
4,1390
17,1390
14,1390
5,1390
27,1390
7,1390
13,1390
1,1390
13,1391
12,1391
19,1391
24,1391
23,1392
26,1392
25,1392
29,1392
11,1393
4,1393
2,1393
21,1393
23,1394
12,1394
26,1394
6,1394
17,1394
24,1394
28,1394
9,1395
15,1395
7,1395
20,1395
14,1395
25,1395
25,1396
18,1396
16,1396
17,1396
23,1397
10,1397
19,1397
20,1397
3,1397
3,1398
25,1398
19,1398
11,1398
14,1399
3,1399
24,1399
19,1399
6,1401
2,1401
12,1401
18,1401
1,1401
28,1401
20,1401
4,1405
28,1405
15,1405
27,1405
5,1405
29,1405
24,1406
6,1406
1,1406
9,1406
27,1406
12,1406
2,1406
15,1406
1,1407
21,1407
22,1407
28,1407
8,1407
12,1407
14,1407
27,1407
12,1408
27,1408
24,1408
8,1409
30,1409
13,1409
23,1411
30,1411
16,1411
18,1411
10,1411
13,1411
1,1412
13,1412
16,1412
28,1412
2,1412
7,1412
15,1412
27,1412
13,1413
8,1413
11,1413
7,1413
5,1413
23,1413
16,1414
27,1414
24,1414
13,1414
26,1414
9,1414
12,1414
28,1414
14,1415
2,1415
27,1415
26,1416
30,1416
2,1416
13,1416
15,1416
11,1416
1,1417
7,1417
16,1417
18,1417
29,1417
17,1417
4,1419
1,1419
25,1419
9,1419
5,1419
7,1419
1,1422
17,1422
19,1422
14,1422
25,1422
15,1422
24,1422
1,1423
12,1423
30,1423
22,1425
17,1425
3,1425
15,1425
10,1425
18,1425
24,1426
27,1426
8,1426
11,1426
5,1426
17,1427
9,1427
14,1427
4,1427
13,1427
6,1427
29,1428
13,1428
28,1428
11,1428
30,1429
16,1429
14,1429
1,1430
12,1430
5,1430
1,1431
9,1431
11,1431
21,1432
10,1432
15,1432
30,1432
9,1437
12,1437
24,1437
6,1437
12,1438
15,1438
24,1438
28,1438
30,1438
11,1439
23,1439
21,1439
16,1439
29,1439
15,1440
28,1440
8,1440
21,1440
23,1440
29,1441
6,1441
3,1441
12,1441
19,1441
1,1442
15,1442
21,1442
9,1442
23,1442
25,1442
22,1442
18,1442
22,1445
3,1445
15,1445
2,1445
11,1445
25,1445
1,1446
29,1446
21,1446
23,1446
10,1446
30,1447
10,1447
12,1447
28,1447
13,1447
19,1447
1,1447
22,1449
28,1449
7,1449
19,1449
30,1449
2,1449
21,1449
26,1449
15,1453
21,1453
24,1453
26,1453
10,1453
25,1453
11,1453
1,1454
7,1454
5,1454
12,1454
9,1454
22,1456
2,1456
6,1456
5,1456
25,1456
10,1456
28,1456
24,1456
3,1457
20,1457
27,1457
28,1457
17,1457
10,1458
15,1458
16,1458
17,1458
30,1458
4,1458
26,1458
7,1458
26,1459
1,1459
7,1459
24,1459
6,1460
5,1460
30,1460
3,1460
23,1460
19,1460
12,1460
17,1460
28,1461
10,1461
12,1461
1,1464
24,1464
8,1464
1,1465
12,1465
19,1465
13,1465
26,1466
24,1466
20,1466
22,1466
27,1468
10,1468
7,1468
1,1473
7,1473
20,1473
15,1473
2,1473
14,1473
19,1474
25,1474
11,1474
15,1474
14,1474
9,1475
5,1475
3,1475
14,1475
27,1475
30,1475
23,1475
26,1475
6,1476
20,1476
16,1476
14,1476
11,1476
24,1476
12,1476
22,1477
21,1477
12,1477
6,1477
6,1479
20,1479
8,1479
7,1480
18,1480
22,1480
23,1480
1,1483
2,1483
4,1483
21,1483
29,1483
23,1483
14,1484
23,1484
26,1484
24,1485
10,1485
14,1485
25,1487
1,1487
14,1487
1,1488
24,1488
5,1488
16,1489
26,1489
3,1489
20,1489
4,1489
15,1490
10,1490
5,1490
3,1490
29,1490
2,1490
6,1493
7,1493
19,1493
1,1493
1,1495
29,1495
21,1495
20,1496
23,1496
11,1496
27,1496
3,1496
9,1496
11,1497
15,1497
20,1497
5,1497
10,1497
2,1497
4,1497
29,1498
10,1498
14,1498
11,1498
26,1498
1,1499
16,1499
23,1499
13,1499
2,1499
3,1499
22,1499
12,1499
2,1500
8,1500
27,1500
20,1500
18,1500
11,1500
13,1500
24,1500
29,1502
9,1502
22,1502
23,1502
26,1502
18,1503
8,1503
28,1503
4,1503
12,1503
7,1503
25,1503
14,1503
1,1507
18,1507
2,1507
6,1507
19,1507
17,1507
26,1507
8,1507
10,1513
9,1513
13,1513
11,1513
25,1513
28,1514
13,1514
4,1514
5,1514
1,1514
23,1515
6,1515
2,1515
9,1515
21,1516
11,1516
23,1516
20,1516
30,1516
7,1516
2,1516
8,1516
25,1517
4,1517
30,1517
6,1517
2,1517
8,1517
9,1517
6,1518
16,1518
14,1518
7,1518
12,1518
26,1518
11,1518
8,1519
19,1519
21,1519
29,1519
27,1519
27,1526
25,1526
24,1526
30,1526
5,1526
4,1526
10,1526
2,1527
23,1527
1,1527
23,1529
27,1529
3,1529
16,1529
2,1529
20,1529
5,1529
29,1529
1,1533
25,1533
8,1533
3,1533
27,1537
9,1537
6,1537
20,1537
4,1537
11,1537
19,1537
16,1537
13,1541
7,1541
4,1541
18,1541
1,1541
25,1542
17,1542
29,1542
28,1542
7,1542
24,1542
23,1542
5,1544
23,1544
29,1544
11,1544
16,1544
1,1545
26,1545
6,1545
25,1546
18,1546
17,1546
28,1547
26,1547
16,1547
18,1547
5,1547
25,1547
15,1549
16,1549
14,1549
1,1549
18,1549
5,1549
27,1549
6,1550
2,1550
20,1550
29,1550
27,1550
19,1550
13,1550
1,1551
18,1551
22,1551
28,1552
21,1552
11,1552
13,1552
5,1552
9,1552
1,1554
20,1554
23,1554
19,1556
6,1556
5,1556
12,1556
1,1562
28,1562
18,1562
14,1562
21,1562
7,1562
1,1564
23,1564
13,1564
19,1564
7,1564
15,1564
3,1564
30,1564
7,1565
2,1565
25,1565
1,1565
16,1566
6,1566
19,1566
20,1566
19,1569
18,1569
24,1569
26,1569
21,1569
4,1569
5,1569
11,1571
2,1571
14,1571
29,1571
13,1571
12,1571
29,1572
4,1572
8,1572
25,1572
6,1573
13,1573
30,1573
27,1573
16,1573
7,1573
15,1573
28,1573
24,1574
3,1574
29,1574
13,1574
26,1574
23,1580
1,1580
27,1580
19,1580
15,1580
28,1580
2,1580
26,1581
1,1581
9,1581
25,1581
11,1582
19,1582
15,1582
21,1582
3,1582
26,1582
1,1583
13,1583
29,1583
25,1583
27,1583
1,1584
5,1584
30,1584
3,1584
7,1584
16,1584
8,1584
2,1584
25,1585
28,1585
29,1585
1,1586
26,1586
3,1586
12,1586
3,1587
23,1587
11,1587
29,1587
5,1587
16,1587
14,1587
2,1587
29,1588
12,1588
28,1588
7,1588
25,1588
20,1588
17,1589
25,1589
29,1589
29,1590
11,1590
30,1590
20,1590
19,1590
4,1590
3,1591
6,1591
4,1591
1,1591
19,1591
11,1591
4,1592
1,1592
27,1592
5,1592
28,1592
12,1593
1,1593
23,1593
10,1593
26,1593
21,1593
30,1594
5,1594
4,1594
1,1594
27,1596
13,1596
20,1596
2,1596
1,1597
16,1597
10,1597
7,1597
27,1597
25,1597
25,1598
22,1598
21,1598
12,1598
2,1598
30,1598
1,1599
11,1599
16,1599
14,1599
11,1600
19,1600
2,1600
3,1600
17,1600
1,1601
5,1601
4,1601
27,1601
1,1602
14,1602
3,1602
2,1602
15,1602
18,1602
4,1602
21,1602
24,1603
25,1603
10,1603
3,1603
29,1603
28,1603
19,1603
15,1603
23,1604
6,1604
12,1604
2,1604
25,1604
11,1604
3,1605
11,1605
4,1605
14,1605
22,1605
15,1605
20,1605
7,1605
1,1606
27,1606
2,1606
19,1606
13,1606
22,1606
26,1606
10,1606
4,1608
21,1608
6,1608
11,1608
7,1609
29,1609
3,1609
12,1609
27,1609
9,1609
8,1609
25,1609
4,1610
2,1610
26,1610
18,1610
10,1610
21,1610
23,1610
3,1610
18,1611
4,1611
17,1611
20,1611
11,1611
25,1611
28,1612
25,1612
27,1612
4,1613
13,1613
26,1613
9,1614
12,1614
10,1614
3,1614
12,1615
11,1615
8,1615
5,1616
1,1616
24,1616
3,1616
11,1616
26,1616
19,1616
1,1617
8,1617
2,1617
14,1617
29,1617
23,1617
12,1617
27,1617
1,1619
12,1619
9,1619
17,1619
6,1619
29,1619
3,1619
19,1619
21,1620
19,1620
14,1620
9,1620
26,1620
1,1620
20,1620
25,1620
6,1621
25,1621
16,1621
12,1621
6,1623
5,1623
12,1623
2,1623
14,1623
17,1623
2,1624
12,1624
21,1624
24,1624
1,1625
4,1625
12,1625
21,1625
1,1626
6,1626
7,1626
26,1626
1,1627
28,1627
21,1627
25,1627
13,1627
4,1627
12,1629
18,1629
5,1629
19,1629
1,1631
25,1631
21,1631
16,1633
27,1633
8,1633
5,1635
20,1635
25,1635
13,1635
30,1635
11,1635
23,1639
24,1639
10,1639
28,1639
20,1641
14,1641
22,1641
30,1642
5,1642
6,1642
7,1642
19,1643
11,1643
14,1643
1,1644
24,1644
13,1644
9,1644
7,1644
28,1644
11,1645
4,1645
9,1645
20,1645
6,1646
2,1646
7,1646
23,1646
17,1647
1,1647
29,1647
11,1647
25,1647
23,1647
28,1647
9,1647
6,1648
25,1648
16,1648
1,1648
12,1648
29,1648
18,1648
3,1648
30,1649
25,1649
4,1649
10,1649
21,1649
18,1649
26,1649
12,1649
10,1650
19,1650
28,1650
22,1650
15,1650
1,1650
4,1652
15,1652
9,1652
23,1652
24,1652
28,1652
1,1653
30,1653
23,1653
25,1653
12,1653
1,1654
2,1654
18,1654
8,1654
27,1654
16,1654
1,1655
3,1655
7,1655
9,1656
2,1656
26,1656
6,1658
23,1658
25,1658
18,1658
22,1658
30,1658
10,1658
6,1659
8,1659
23,1659
1,1659
29,1659
13,1659
19,1659
30,1660
4,1660
16,1660
6,1660
23,1660
14,1660
10,1660
1,1661
7,1661
28,1661
3,1661
27,1662
24,1662
11,1662
24,1663
3,1663
23,1663
12,1663
8,1663
21,1663
16,1663
6,1665
22,1665
8,1665
14,1667
25,1667
24,1667
17,1667
12,1667
5,1667
1,1670
10,1670
23,1670
15,1670
17,1670
18,1670
27,1671
7,1671
5,1671
12,1671
8,1671
1,1672
21,1672
19,1672
23,1672
12,1672
11,1673
26,1673
29,1673
24,1673
4,1673
15,1673
2,1673
27,1673
24,1674
9,1674
30,1674
6,1674
7,1674
12,1674
16,1674
4,1674
29,1675
22,1675
30,1675
26,1675
14,1676
30,1676
3,1676
20,1676
10,1676
12,1676
29,1677
1,1677
23,1677
4,1677
12,1677
21,1678
2,1678
12,1678
8,1678
13,1679
29,1679
21,1679
25,1679
7,1679
3,1680
9,1680
23,1680
1,1681
5,1681
16,1681
19,1681
22,1681
4,1681
9,1682
8,1682
27,1682
5,1682
1,1683
26,1683
9,1683
29,1683
19,1683
4,1684
19,1684
8,1684
16,1684
25,1684
14,1685
9,1685
27,1685
4,1685
12,1686
6,1686
20,1686
21,1686
26,1686
19,1686
5,1687
30,1687
2,1687
3,1687
17,1687
7,1687
10,1687
26,1687
1,1688
12,1688
2,1688
1,1689
13,1689
17,1689
3,1689
15,1689
6,1690
26,1690
10,1690
1,1693
3,1693
4,1693
9,1693
29,1693
30,1693
10,1693
22,1693
26,1694
27,1694
2,1694
4,1694
8,1695
29,1695
9,1695
16,1696
12,1696
25,1696
26,1696
15,1696
8,1696
1,1699
14,1699
10,1699
19,1701
3,1701
13,1701
22,1701
9,1701
20,1701
8,1701
18,1701
14,1702
20,1702
13,1702
23,1703
26,1703
8,1703
26,1704
23,1704
3,1704
7,1704
9,1704
4,1704
28,1707
24,1707
2,1707
22,1707
23,1707
5,1707
11,1711
4,1711
20,1711
3,1713
18,1713
25,1713
24,1713
27,1713
16,1713
13,1713
26,1717
27,1717
29,1717
21,1717
14,1717
20,1717
22,1717
24,1718
27,1718
9,1718
17,1718
8,1719
24,1719
17,1719
29,1719
19,1719
12,1719
17,1721
20,1721
6,1721
3,1722
8,1722
11,1722
24,1722
15,1722
1,1726
12,1726
25,1726
2,1726
19,1726
26,1727
13,1727
15,1727
6,1727
17,1727
8,1727
18,1729
3,1729
10,1729
9,1729
23,1729
6,1729
1,1730
8,1730
18,1730
22,1731
4,1731
1,1731
12,1731
23,1731
18,1731
26,1731
28,1731
18,1732
17,1732
14,1732
23,1732
11,1732
29,1732
15,1732
7,1732
1,1733
15,1733
21,1733
10,1733
26,1733
6,1734
10,1734
8,1734
26,1734
19,1734
5,1734
24,1734
23,1734
26,1735
12,1735
8,1735
29,1735
19,1735
17,1735
22,1739
26,1739
1,1739
13,1739
24,1739
20,1739
14,1739
27,1746
17,1746
8,1746
21,1746
7,1747
12,1747
19,1747
16,1747
18,1747
29,1747
1,1747
5,1747
30,1748
10,1748
5,1748
25,1748
1,1748
12,1748
1,1752
30,1752
20,1752
14,1752
3,1752
19,1752
4,1753
8,1753
26,1753
11,1753
15,1753
17,1753
14,1754
30,1754
5,1754
24,1754
26,1755
14,1755
19,1755
18,1755
2,1757
4,1757
23,1757
6,1757
11,1757
12,1757
20,1757
7,1757
2,1759
7,1759
26,1759
21,1759
20,1759
5,1759
15,1759
9,1759
5,1760
17,1760
13,1760
21,1760
14,1760
30,1760
29,1760
8,1760
1,1762
14,1762
26,1762
10,1762
18,1767
14,1767
28,1767
4,1767
16,1767
29,1767
5,1767
3,1769
2,1769
9,1769
30,1769
1,1770
8,1770
17,1770
23,1770
22,1771
24,1771
14,1771
15,1771
19,1772
29,1772
23,1772
25,1777
19,1777
8,1777
30,1777
28,1779
6,1779
30,1779
10,1783
20,1783
6,1783
1,1784
20,1784
2,1784
16,1784
8,1784
30,1784
15,1784
7,1784
1,1785
23,1785
11,1785
26,1785
24,1785
16,1785
2,1785
1,1791
26,1791
9,1791
29,1791
28,1791
4,1791
11,1791
14,1792
9,1792
22,1792
17,1792
30,1792
19,1792
10,1793
23,1793
7,1793
24,1793
11,1793
10,1794
28,1794
6,1794
30,1794
27,1794
15,1794
9,1794
19,1797
17,1797
16,1797
22,1797
27,1797
6,1797
11,1797
17,1798
5,1798
29,1798
2,1798
8,1798
21,1798
7,1798
14,1798
17,1799
10,1799
29,1799
20,1799
18,1799
22,1799
6,1801
24,1801
13,1801
14,1801
27,1804
22,1804
4,1804
3,1804
1,1805
29,1805
11,1805
28,1805
19,1805
12,1805
25,1806
11,1806
19,1806
1,1806
9,1806
10,1806
12,1806
14,1806
1,1807
3,1807
29,1807
12,1807
4,1807
1,1809
19,1809
14,1809
1,1810
7,1810
16,1810
3,1810
23,1810
12,1810
27,1812
9,1812
18,1812
10,1816
21,1816
17,1816
4,1816
2,1821
12,1821
11,1821
23,1821
29,1821
15,1821
19,1821
8,1824
14,1824
23,1824
16,1824
24,1824
28,1824
4,1824
19,1824
17,1825
22,1825
13,1825
12,1825
20,1825
30,1826
4,1826
25,1826
15,1826
19,1826
8,1827
26,1827
23,1827
12,1827
2,1827
11,1827
22,1827
1,1829
21,1829
9,1829
1,1831
25,1831
20,1831
6,1831
4,1831
1,1833
20,1833
26,1833
2,1833
1,1834
12,1834
30,1834
26,1834
24,1834
3,1834
6,1834
23,1834
1,1835
23,1835
5,1835
26,1835
30,1835
22,1835
25,1836
29,1836
26,1836
19,1837
11,1837
7,1837
1,1839
28,1839
24,1839
22,1840
5,1840
20,1840
2,1840
11,1840
10,1840
1,1841
29,1841
5,1841
15,1841
4,1841
16,1841
10,1841
1,1844
4,1844
19,1844
15,1845
7,1845
30,1845
9,1845
13,1845
18,1845
24,1848
22,1848
20,1848
4,1855
26,1855
3,1855
28,1855
7,1855
6,1855
14,1855
28,1856
17,1856
20,1856
5,1856
27,1857
1,1857
30,1857
24,1857
16,1857
25,1858
23,1858
16,1858
9,1858
12,1858
18,1858
14,1858
20,1858
1,1859
12,1859
7,1859
27,1859
16,1859
20,1860
25,1860
28,1860
3,1860
12,1860
6,1862
23,1862
27,1862
10,1862
25,1862
16,1862
26,1862
9,1862
30,1863
3,1863
23,1863
12,1863
1,1866
10,1866
25,1866
18,1866
17,1866
27,1866
15,1866
12,1867
18,1867
8,1867
7,1867
3,1870
7,1870
1,1870
23,1870
16,1873
27,1873
4,1873
2,1873
26,1875
21,1875
19,1875
14,1875
5,1875
8,1876
2,1876
19,1876
1,1876
15,1876
9,1876
11,1881
4,1881
2,1881
18,1881
6,1881
16,1881
29,1881
8,1881
1,1882
29,1882
4,1882
6,1883
22,1883
16,1883
9,1883
11,1883
13,1884
9,1884
30,1884
15,1884
11,1885
17,1885
8,1885
7,1885
23,1885
4,1887
25,1887
20,1887
20,1888
25,1888
4,1888
1,1888
11,1888
15,1888
8,1888
29,1888
12,1889
19,1889
1,1889
17,1889
20,1889
18,1889
22,1889
28,1889
22,1891
8,1891
6,1891
11,1891
12,1892
1,1892
30,1892
21,1892
6,1892
15,1893
16,1893
23,1893
22,1893
20,1893
2,1893
30,1894
27,1894
23,1894
28,1894
4,1894
30,1895
16,1895
6,1895
3,1895
9,1895
7,1895
11,1897
7,1897
16,1897
8,1897
17,1900
8,1900
20,1900
24,1900
25,1902
24,1902
18,1902
9,1902
26,1902
25,1904
14,1904
15,1904
19,1904
22,1906
19,1906
18,1906
25,1906
1,1906
7,1906
17,1906
26,1907
4,1907
22,1907
19,1909
9,1909
12,1909
21,1909
13,1909
28,1909
27,1910
24,1910
10,1910
28,1910
22,1911
30,1911
24,1911
23,1911
10,1912
17,1912
12,1912
14,1912
28,1913
26,1913
13,1913
5,1913
29,1913
17,1913
11,1913
15,1913
1,1914
4,1914
22,1914
2,1914
8,1914
28,1914
14,1914
2,1916
11,1916
12,1916
14,1916
1,1916
5,1917
1,1917
18,1917
25,1917
28,1917
26,1917
4,1917
21,1917
8,1918
20,1918
25,1918
15,1918
21,1918
9,1918
1,1919
27,1919
12,1919
5,1920
19,1920
25,1920
1,1921
30,1921
7,1921
21,1921
28,1921
26,1921
10,1921
14,1921
1,1922
27,1922
4,1922
3,1922
21,1923
29,1923
12,1923
4,1923
18,1923
27,1923
15,1923
3,1924
11,1924
26,1924
25,1924
19,1924
22,1926
2,1926
1,1926
17,1926
6,1926
19,1927
10,1927
13,1927
18,1927
23,1927
3,1927
4,1927
25,1927
28,1928
26,1928
30,1928
12,1929
19,1929
2,1929
22,1929
15,1929
1,1929
27,1929
30,1929
3,1931
13,1931
7,1931
20,1931
6,1931
16,1931
19,1931
11,1932
6,1932
5,1932
4,1932
19,1932
7,1932
26,1932
16,1933
5,1933
10,1933
3,1933
19,1933
1,1933
12,1934
11,1934
17,1934
30,1934
13,1934
6,1934
21,1936
12,1936
28,1936
6,1936
12,1937
13,1937
8,1937
7,1937
9,1937
27,1937
26,1937
5,1937
24,1938
14,1938
13,1938
1,1938
16,1938
5,1938
7,1938
30,1938
29,1939
19,1939
10,1939
18,1939
29,1940
3,1940
6,1940
17,1940
16,1940
19,1940
26,1940
27,1941
8,1941
5,1941
6,1942
18,1942
28,1942
28,1944
8,1944
16,1944
11,1945
4,1945
26,1945
2,1945
23,1945
18,1945
7,1945
15,1945
17,1946
30,1946
16,1946
14,1946
8,1946
9,1947
26,1947
2,1947
20,1947
11,1947
19,1948
30,1948
29,1948
13,1948
17,1949
15,1949
22,1949
13,1949
29,1949
19,1950
29,1950
13,1950
17,1950
7,1950
4,1951
6,1951
13,1951
1,1951
20,1951
23,1952
4,1952
26,1952
21,1952
1,1952
7,1952
30,1953
4,1953
2,1953
22,1953
14,1954
4,1954
5,1954
19,1954
10,1954
6,1955
10,1955
19,1955
11,1955
26,1956
14,1956
19,1956
11,1956
24,1957
14,1957
29,1957
7,1957
21,1957
12,1957
22,1957
6,1957
26,1958
7,1958
6,1958
16,1958
11,1959
3,1959
10,1959
9,1959
5,1959
27,1959
5,1960
1,1960
23,1960
22,1960
2,1960
3,1961
14,1961
6,1961
20,1961
7,1961
5,1961
15,1961
21,1961
18,1962
29,1962
22,1962
21,1963
11,1963
23,1963
30,1963
12,1963
29,1963
27,1963
13,1963
17,1964
4,1964
15,1964
5,1964
26,1965
16,1965
9,1965
10,1965
15,1966
6,1966
10,1966
7,1966
8,1966
9,1967
10,1967
23,1967
21,1967
5,1967
16,1967
8,1967
20,1968
22,1968
6,1968
26,1968
6,1969
18,1969
25,1969
15,1969
23,1969
19,1970
28,1970
24,1970
25,1970
21,1971
20,1971
19,1971
4,1971
9,1971
24,1971
25,1971
16,1971
13,1972
18,1972
11,1972
16,1973
12,1973
8,1973
30,1973
11,1974
4,1974
28,1974
22,1974
10,1975
14,1975
22,1975
3,1975
16,1975
18,1976
9,1976
10,1976
25,1976
4,1976
5,1976
11,1976
10,1977
9,1977
11,1977
30,1978
15,1978
17,1978
26,1978
27,1978
4,1979
7,1979
21,1979
15,1980
3,1980
2,1980
20,1980
30,1980
11,1980
16,1980
10,1980
5,1981
10,1981
20,1981
14,1981
24,1981
8,1981
6,1982
19,1982
16,1982
2,1982
5,1982
21,1982
9,1982
7,1983
19,1983
29,1983
11,1983
13,1983
3,1984
1,1984
18,1984
17,1984
8,1984
23,1984
30,1984
7,1984
14,1985
10,1985
7,1985
27,1985
17,1985
11,1986
3,1986
14,1986
10,1986
21,1986
8,1987
24,1987
1,1987
4,1987
21,1987
23,1987
5,1987
25,1987
12,1990
19,1990
30,1990
17,1990
1,1990
16,1991
18,1991
24,1991
14,1991
29,1991
5,1991
26,1992
23,1992
14,1992
18,1992
25,1992
15,1992
5,1992
5,1993
21,1993
18,1993
22,1993
27,1993
14,1993
4,1993
29,1994
13,1994
4,1994
6,1994
8,1994
24,1994
2,1994
30,1994
21,1995
1,1995
5,1995
8,1995
30,1995
25,1995
7,1995
2,1995
10,1996
18,1996
7,1996
1,1997
9,1997
26,1997
6,1997
4,1997
10,1997
27,1997
10,1998
3,1998
12,1998
6,1998
27,1998
20,1998
23,1998
9,1999
14,1999
2,1999
22,1999
1,1999
12,1999
26,2000
21,2000
19,2000
25,2000
14,2000
7,2000
1,2000
17,2001
20,2001
9,2001
5,2001
2,2001
29,2001
9,2002
28,2002
22,2002
10,2002
3,2002
2,2002
26,2002
21,2003
3,2003
30,2003
24,2003
12,2003
7,2003
14,2003
20,2003
20,2004
18,2004
2,2004
9,2004
11,2004
12,2004
8,2004
23,2004
25,2005
15,2005
3,2005
22,2005
12,2005
21,2005
9,2005
17,2005
3,2006
5,2006
24,2006
5,2007
15,2007
27,2007
11,2007
19,2007
3,2007
28,2008
25,2008
8,2008
22,2008
27,2008
14,2008
15,2009
22,2009
7,2009
10,2009
1,2009
26,2010
6,2010
20,2010
14,2010
12,2010
8,2010
2,2011
12,2011
30,2011
11,2011
25,2012
6,2012
17,2012
5,2013
20,2013
24,2013
2,2014
30,2014
23,2014
25,2015
3,2015
9,2015
29,2015
2,2015
7,2015
13,2015
22,2015
8,2016
19,2016
11,2016
1,2016
16,2016
5,2016
13,2016
12,2017
29,2017
21,2017
16,2018
23,2018
15,2018
29,2018
11,2019
14,2019
28,2019
25,2020
2,2020
23,2020
15,2020
10,2020
19,2021
22,2021
4,2021
28,2021
21,2021
16,2022
27,2022
19,2022
13,2022
15,2022
3,2023
6,2023
8,2023
5,2024
24,2024
18,2024
1,2024
4,2024
26,2024
2,2025
7,2025
23,2025
30,2025
3,2025
13,2025
22,2025
10,2026
17,2026
18,2026
16,2026
1,2026
14,2026
21,2027
7,2027
4,2027
15,2027
2,2027
9,2027
25,2027
30,2027
3,2028
19,2028
17,2028
22,2028
27,2028
6,2028
30,2032
4,2032
2,2032
19,2032
12,2033
26,2033
27,2033
16,2033
13,2033
8,2033
26,2034
23,2034
10,2034
1,2034
30,2034
12,2034
21,2034
24,2034
10,2035
6,2035
30,2035
11,2036
1,2036
5,2036
11,2037
19,2037
30,2037
9,2037
12,2037
11,2038
30,2038
23,2038
26,2038
6,2038
17,2038
14,2038
28,2038
30,2040
19,2040
15,2040
3,2040
28,2041
6,2041
12,2041
18,2041
17,2041
9,2041
27,2041
3,2041
14,2042
21,2042
24,2042
1,2042
26,2042
9,2043
8,2043
24,2043
13,2043
17,2043
30,2043
15,2043
26,2044
5,2044
10,2044
19,2044
6,2044
12,2044
15,2044
21,2044
12,2046
16,2046
20,2046
28,2046
21,2046
10,2048
11,2048
14,2048
28,2048
12,2050
20,2050
3,2050
4,2050
25,2051
6,2051
29,2051
10,2051
21,2051
15,2051
28,2052
29,2052
3,2052
21,2052
6,2052
1,2053
21,2053
22,2053
29,2053
7,2053
24,2053
25,2053
18,2054
13,2054
3,2054
16,2054
6,2054
9,2054
7,2054
30,2055
14,2055
26,2055
5,2055
17,2055
9,2055
29,2055
12,2056
17,2056
25,2056
29,2056
30,2056
8,2056
15,2057
29,2057
3,2057
30,2057
17,2057
28,2057
12,2057
26,2058
13,2058
14,2058
21,2059
12,2059
15,2059
5,2059
11,2059
17,2059
1,2059
4,2059
27,2060
11,2060
17,2060
23,2060
29,2060
6,2060
22,2060
15,2060
26,2064
23,2064
1,2064
30,2065
17,2065
9,2065
25,2065
25,2066
21,2066
24,2066
26,2066
29,2066
12,2066
2,2066
7,2066
15,2067
4,2067
9,2067
24,2067
6,2067
3,2068
28,2068
24,2068
16,2068
12,2068
14,2068
10,2068
13,2068
29,2069
23,2069
25,2069
17,2069
13,2070
9,2070
16,2070
15,2070
10,2070
26,2070
30,2070
19,2070
26,2071
19,2071
18,2071
27,2071
23,2071
10,2071
4,2071
20,2072
28,2072
26,2072
23,2072
4,2072
30,2072
15,2073
19,2073
14,2073
15,2074
28,2074
7,2074
3,2074
9,2074
17,2074
30,2074
16,2074
10,2075
29,2075
28,2075
7,2075
23,2075
28,2076
17,2076
11,2076
22,2076
4,2076
10,2076
12,2076
2,2077
13,2077
3,2077
30,2077
22,2077
1,2078
29,2078
24,2078
10,2078
7,2078
15,2078
21,2080
26,2080
1,2080
30,2080
27,2080
20,2080
25,2080
4,2080
30,2081
19,2081
14,2081
25,2081
1,2081
11,2081
18,2081
12,2081
19,2082
28,2082
18,2082
6,2082
5,2082
13,2082
6,2083
22,2083
7,2083
30,2084
12,2084
20,2084
21,2084
2,2084
12,2085
18,2085
11,2085
20,2085
10,2087
4,2087
13,2087
7,2087
14,2087
3,2087
26,2087
9,2087
1,2088
18,2088
22,2088
19,2088
30,2088
30,2089
8,2089
12,2089
1,2089
27,2089
14,2090
15,2090
3,2090
3,2091
1,2091
29,2091
18,2091
2,2091
25,2091
7,2091
12,2091
28,2092
6,2092
7,2092
15,2092
5,2092
11,2092
28,2093
10,2093
6,2093
2,2093
17,2093
13,2093
26,2093
27,2093
7,2094
25,2094
18,2094
26,2094
14,2094
20,2095
16,2095
1,2095
11,2095
25,2095
3,2096
26,2096
23,2096
1,2096
27,2096
23,2097
25,2097
26,2097
13,2097
24,2097
17,2098
2,2098
15,2098
19,2098
7,2098
25,2098
29,2098
4,2098
25,2099
15,2099
8,2099
1,2099
20,2100
30,2100
10,2100
22,2102
27,2102
23,2102
11,2103
7,2103
1,2103
5,2103
21,2103
10,2103
2,2103
27,2104
21,2104
5,2104
20,2105
4,2105
16,2105
26,2105
22,2105
6,2105
5,2106
24,2106
6,2106
27,2107
21,2107
1,2107
17,2107
9,2107
5,2107
30,2107
7,2107
18,2108
6,2108
22,2108
13,2108
25,2109
12,2109
2,2109
19,2109
1,2109
27,2110
7,2110
16,2110
2,2110
9,2110
5,2111
12,2111
13,2111
11,2111
26,2111
1,2112
3,2112
25,2112
29,2112
26,2112
10,2112
23,2114
2,2114
28,2114
9,2114
21,2114
13,2114
14,2114
26,2115
9,2115
27,2115
16,2115
28,2115
3,2115
18,2115
7,2116
26,2116
24,2116
29,2117
11,2117
22,2117
10,2118
22,2118
29,2118
15,2118
24,2118
27,2118
28,2119
8,2119
18,2119
29,2119
22,2119
23,2119
24,2119
16,2119
27,2120
16,2120
17,2120
26,2120
22,2120
8,2120
18,2121
22,2121
6,2121
30,2121
14,2122
26,2122
2,2122
16,2123
23,2123
3,2123
28,2123
9,2123
13,2124
30,2124
26,2124
21,2125
22,2125
15,2125
18,2125
3,2125
13,2125
6,2125
26,2126
1,2126
13,2126
28,2126
20,2126
22,2126
11,2126
10,2126
2,2130
8,2130
12,2130
7,2130
10,2131
17,2131
9,2131
13,2131
5,2131
4,2131
14,2131
11,2131
1,2132
19,2132
20,2132
16,2132
3,2132
2,2132
28,2133
29,2133
23,2133
8,2133
11,2134
8,2134
20,2134
3,2134
14,2134
2,2134
12,2134
16,2135
18,2135
5,2135
17,2135
11,2135
9,2136
5,2136
25,2136
22,2136
17,2136
1,2136
3,2136
26,2137
15,2137
19,2137
21,2137
4,2137
7,2137
17,2137
5,2137
20,2138
27,2138
5,2138
23,2138
19,2138
29,2138
25,2138
10,2138
12,2139
30,2139
17,2139
10,2139
20,2139
19,2139
10,2140
6,2140
11,2140
4,2140
16,2140
15,2141
17,2141
7,2141
20,2141
26,2141
13,2142
19,2142
7,2142
28,2143
24,2143
21,2143
4,2144
10,2144
8,2144
27,2144
14,2144
21,2144
17,2144
13,2144
4,2145
13,2145
29,2145
26,2145
24,2145
12,2145
5,2146
1,2146
17,2146
15,2146
10,2146
6,2146
23,2147
17,2147
11,2147
25,2147
9,2147
29,2147
18,2148
16,2148
2,2148
10,2148
23,2149
9,2149
19,2149
18,2149
2,2149
17,2149
26,2149
28,2149
10,2150
19,2150
22,2150
15,2150
27,2150
13,2150
17,2150
17,2151
11,2151
26,2151
9,2151
5,2151
6,2152
8,2152
25,2152
17,2152
18,2152
2,2152
14,2152
4,2152
13,2153
27,2153
14,2153
6,2154
30,2154
18,2154
21,2154
7,2154
15,2154
10,2155
29,2155
21,2155
13,2155
1,2156
16,2156
4,2156
10,2156
19,2156
22,2159
2,2159
23,2159
24,2159
19,2159
24,2160
29,2160
7,2160
17,2160
14,2160
5,2160
1,2160
18,2160
2,2161
18,2161
3,2161
13,2161
27,2162
29,2162
18,2162
4,2162
2,2162
23,2162
25,2163
18,2163
28,2163
11,2163
10,2163
3,2163
13,2163
5,2163
13,2164
1,2164
3,2164
24,2164
22,2164
16,2164
28,2164
2,2165
14,2165
16,2165
12,2165
5,2165
12,2166
6,2166
18,2166
8,2166
26,2166
4,2166
3,2167
8,2167
16,2167
5,2167
22,2169
11,2169
1,2169
9,2169
4,2169
17,2169
1,2170
28,2170
20,2170
2,2170
4,2170
3,2170
21,2171
1,2171
13,2171
26,2172
5,2172
27,2172
18,2172
8,2172
17,2172
29,2172
14,2172
4,2174
7,2174
14,2174
1,2175
6,2175
11,2175
15,2175
7,2175
25,2175
16,2176
13,2176
5,2176
15,2176
14,2176
26,2176
13,2177
9,2177
10,2177
18,2177
11,2177
29,2178
8,2178
15,2178
11,2178
24,2178
6,2178
12,2178
16,2178
11,2179
9,2179
2,2179
1,2179
23,2179
6,2180
3,2180
19,2180
15,2181
11,2181
3,2181
4,2181
13,2181
24,2181
29,2181
30,2181
1,2182
12,2182
18,2182
16,2182
6,2182
25,2182
23,2182
26,2183
10,2183
28,2183
18,2183
23,2184
12,2184
15,2184
26,2184
30,2184
27,2184
7,2184
20,2184
27,2185
16,2185
4,2185
24,2185
3,2185
5,2185
8,2186
17,2186
28,2186
9,2186
22,2187
27,2187
26,2187
16,2187
17,2188
29,2188
23,2188
6,2188
26,2188
1,2190
30,2190
25,2190
15,2193
28,2193
3,2193
9,2193
1,2193
8,2193
8,2194
2,2194
22,2194
14,2195
20,2195
21,2195
22,2195
12,2196
7,2196
15,2196
6,2196
2,2196
28,2196
16,2196
27,2201
24,2201
26,2201
22,2201
5,2201
14,2201
9,2201
20,2201
22,2202
29,2202
25,2202
7,2203
15,2203
8,2203
2,2203
21,2203
24,2203
27,2204
20,2204
26,2204
5,2204
1,2204
17,2205
8,2205
7,2205
28,2206
12,2206
4,2206
1,2206
18,2207
15,2207
11,2207
1,2207
13,2207
24,2207
2,2207
5,2207
6,2208
27,2208
21,2208
16,2208
2,2208
13,2208
8,2208
24,2208
30,2210
3,2210
9,2210
8,2211
3,2211
12,2211
27,2211
19,2211
11,2211
18,2211
1,2212
22,2212
27,2212
15,2212
28,2212
24,2212
10,2212
21,2212
22,2226
28,2226
21,2226
12,2227
8,2227
2,2227
10,2227
28,2231
23,2231
22,2231
29,2231
21,2231
5,2231
3,2231
1,2232
14,2232
9,2232
30,2232
8,2232
18,2232
1,2236
24,2236
7,2236
10,2239
14,2239
2,2239
13,2239
7,2240
12,2240
3,2240
17,2240
4,2240
20,2240
10,2240
11,2240
12,2241
15,2241
3,2241
5,2241
11,2243
29,2243
2,2243
24,2243
15,2243
28,2243
27,2243
8,2244
24,2244
20,2244
21,2244
25,2245
17,2245
21,2245
11,2245
6,2245
8,2245
18,2245
28,2247
27,2247
11,2247
19,2247
17,2247
6,2248
25,2248
4,2248
18,2248
2,2248
12,2248
9,2249
11,2249
24,2249
6,2249
22,2249
18,2249
1,2252
23,2252
4,2252
21,2253
30,2253
23,2253
11,2253
15,2253
7,2253
19,2255
9,2255
10,2255
27,2255
24,2255
29,2255
20,2255
7,2255
19,2256
9,2256
30,2256
26,2257
15,2257
28,2257
20,2257
24,2257
10,2257
17,2257
23,2259
7,2259
9,2259
29,2259
2,2259
26,2259
10,2259
28,2260
24,2260
4,2260
28,2261
9,2261
14,2261
6,2261
3,2261
13,2261
9,2262
24,2262
28,2262
2,2262
27,2262
26,2262
3,2262
21,2262
1,2263
6,2263
28,2263
18,2264
23,2264
13,2264
21,2264
22,2264
16,2264
17,2264
10,2264
16,2265
4,2265
17,2265
13,2265
6,2265
23,2266
27,2266
8,2266
26,2266
1,2266
11,2266
10,2267
22,2267
9,2267
25,2267
3,2267
19,2267
27,2268
10,2268
21,2268
12,2268
15,2268
9,2268
11,2268
1,2269
24,2269
18,2269
15,2271
30,2271
29,2271
19,2271
8,2271
21,2271
1,2272
18,2272
26,2272
23,2272
9,2272
15,2272
7,2272
5,2273
28,2273
24,2273
29,2273
10,2273
20,2273
1,2275
4,2275
15,2275
24,2275
17,2278
10,2278
22,2278
24,2279
6,2279
16,2279
21,2279
10,2279
20,2280
1,2280
12,2280
7,2280
2,2280
17,2280
25,2280
3,2280
29,2281
13,2281
28,2281
18,2281
9,2281
27,2281
15,2282
26,2282
17,2282
18,2282
8,2282
9,2282
13,2282
1,2282
14,2283
5,2283
25,2283
16,2283
11,2283
30,2286
15,2286
28,2286
12,2286
19,2286
23,2287
29,2287
17,2287
26,2287
22,2287
6,2287
4,2287
1,2287
18,2288
13,2288
7,2288
12,2289
2,2289
16,2289
8,2289
25,2289
23,2289
13,2289
29,2289
23,2290
6,2290
26,2290
24,2290
16,2290
1,2291
22,2291
2,2291
25,2291
29,2291
4,2292
5,2292
27,2292
1,2292
1,2294
6,2294
2,2294
12,2294
27,2294
3,2294
19,2294
25,2295
16,2295
29,2295
28,2295
10,2295
5,2295
2,2296
6,2296
14,2296
18,2296
2,2297
9,2297
10,2297
17,2297
19,2297
14,2297
24,2298
6,2298
9,2298
16,2298
22,2298
3,2298
25,2300
27,2300
29,2300
30,2300
1,2300
9,2300
12,2300
24,2300
19,2301
24,2301
28,2301
17,2301
20,2301
29,2301
18,2301
14,2302
13,2302
26,2302
29,2302
24,2302
15,2303
27,2303
7,2303
12,2304
29,2304
23,2304
8,2304
30,2304
15,2306
25,2306
13,2306
11,2306
11,2307
23,2307
29,2307
19,2307
14,2307
15,2307
6,2307
22,2307
1,2310
25,2310
23,2310
16,2311
8,2311
4,2311
10,2311
5,2311
21,2311
15,2312
22,2312
5,2312
2,2313
16,2313
4,2313
28,2313
25,2313
30,2313
29,2313
15,2313
23,2314
25,2314
28,2314
4,2314
26,2314
22,2314
21,2314
22,2315
15,2315
27,2315
29,2316
12,2316
27,2316
30,2318
26,2318
1,2318
21,2320
15,2320
6,2320
18,2321
30,2321
22,2321
13,2321
19,2321
9,2322
29,2322
3,2322
12,2322
16,2322
11,2322
22,2323
30,2323
11,2323
7,2323
2,2323
12,2323
8,2323
15,2323
2,2324
19,2324
3,2324
17,2325
26,2325
24,2325
1,2325
20,2327
15,2327
19,2327
29,2327
21,2328
11,2328
2,2328
24,2328
5,2328
13,2329
7,2329
23,2329
10,2329
27,2329
2,2329
21,2330
15,2330
8,2330
1,2330
27,2330
1,2331
24,2331
8,2331
16,2331
27,2331
13,2331
2,2331
27,2332
26,2332
24,2332
4,2332
29,2333
18,2333
1,2333
12,2333
2,2333
23,2333
5,2333
15,2334
21,2334
10,2334
13,2334
17,2334
11,2335
25,2335
15,2335
9,2335
20,2335
8,2336
24,2336
15,2336
1,2336
16,2336
2,2337
17,2337
12,2337
9,2338
12,2338
11,2338
29,2338
13,2338
17,2338
1,2338
16,2338
12,2339
4,2339
2,2339
26,2339
29,2339
20,2339
16,2339
18,2339
17,2340
28,2340
10,2340
4,2340
27,2340
30,2342
26,2342
14,2342
28,2344
26,2344
12,2344
9,2344
30,2344
2,2344
22,2344
18,2344
30,2346
21,2346
7,2346
19,2346
12,2346
2,2346
16,2347
30,2347
28,2347
6,2347
8,2347
7,2347
11,2348
28,2348
26,2348
27,2348
24,2348
2,2348
3,2348
26,2349
9,2349
2,2349
23,2349
17,2349
28,2349
22,2349
5,2349
8,2350
14,2350
16,2350
29,2350
18,2350
22,2350
2,2351
8,2351
23,2351
18,2352
23,2352
22,2352
3,2353
28,2353
4,2353
22,2353
26,2353
10,2353
30,2353
10,2354
23,2354
18,2354
25,2354
16,2354
5,2355
1,2355
13,2355
11,2355
6,2355
7,2356
15,2356
21,2356
17,2356
28,2356
27,2356
25,2356
7,2357
3,2357
9,2357
4,2358
17,2358
24,2358
30,2358
20,2358
2,2358
13,2358
14,2359
7,2359
13,2359
21,2359
20,2359
18,2359
17,2360
29,2360
20,2360
3,2360
2,2360
28,2360
6,2360
30,2361
12,2361
11,2361
26,2362
22,2362
8,2362
27,2362
1,2363
26,2363
20,2363
14,2363
24,2364
6,2364
11,2364
12,2364
7,2365
16,2365
1,2365
1,2366
9,2366
11,2366
24,2366
27,2367
1,2367
15,2367
8,2367
29,2368
5,2368
20,2368
9,2368
27,2368
5,2369
28,2369
25,2369
24,2370
23,2370
4,2370
2,2371
13,2371
10,2371
16,2371
6,2371
2,2372
13,2372
26,2372
17,2372
21,2372
12,2372
11,2372
9,2372
22,2373
2,2373
9,2373
5,2373
21,2374
30,2374
9,2374
4,2374
26,2374
12,2374
24,2374
17,2375
9,2375
7,2375
5,2375
18,2375
26,2375
6,2376
1,2376
21,2376
23,2376
20,2376
8,2377
25,2377
23,2377
5,2377
16,2377
15,2377
21,2377
25,2378
21,2378
8,2378
17,2378
15,2379
23,2379
7,2379
13,2380
27,2380
7,2380
4,2380
2,2380
28,2380
23,2381
12,2381
4,2381
29,2381
22,2381
5,2381
13,2382
4,2382
14,2382
21,2382
23,2382
7,2382
18,2382
3,2382
20,2383
25,2383
11,2383
17,2383
9,2383
13,2383
1,2384
14,2384
3,2384
12,2384
13,2385
20,2385
9,2385
7,2385
20,2387
2,2387
1,2387
9,2387
18,2387
1,2388
22,2388
20,2388
3,2388
2,2389
3,2389
30,2389
7,2389
15,2389
8,2389
10,2389
2,2390
28,2390
19,2390
7,2390
13,2390
6,2390
22,2391
20,2391
9,2391
4,2391
26,2391
6,2392
9,2392
19,2392
8,2392
14,2392
27,2392
13,2392
7,2393
12,2393
19,2393
15,2393
8,2393
5,2394
10,2394
28,2394
19,2394
27,2394
25,2394
21,2394
21,2395
16,2395
27,2395
8,2395
13,2395
7,2395
23,2396
8,2396
29,2396
28,2396
9,2396
27,2398
4,2398
9,2398
15,2398
5,2398
14,2398
24,2398
24,2399
6,2399
22,2399
15,2399
21,2399
25,2399
17,2400
13,2400
8,2400
26,2400
10,2400
12,2400
23,2401
13,2401
5,2401
16,2401
1,2401
25,2401
24,2401
29,2401
17,2402
15,2402
22,2402
9,2402
18,2402
26,2402
11,2402
14,2402
14,2403
25,2403
9,2403
15,2404
11,2404
5,2404
7,2404
28,2404
23,2404
17,2405
2,2405
14,2405
6,2405
5,2405
27,2405
30,2405
9,2405
22,2406
27,2406
8,2406
19,2406
21,2406
7,2406
26,2406
30,2407
21,2407
15,2407
8,2407
2,2407
6,2407
23,2407
27,2407
28,2408
22,2408
14,2408
25,2408
23,2408
25,2409
29,2409
3,2409
1,2409
22,2409
24,2409
11,2409
10,2409
13,2410
17,2410
12,2410
30,2410
18,2411
10,2411
25,2411
28,2411
6,2411
18,2412
13,2412
27,2412
4,2412
29,2413
3,2413
10,2413
11,2413
8,2413
1,2413
24,2413
18,2413
20,2414
19,2414
7,2414
16,2414
29,2415
30,2415
1,2415
26,2416
6,2416
23,2416
2,2416
15,2416
8,2417
25,2417
9,2417
8,2418
13,2418
9,2418
3,2418
21,2418
29,2418
16,2418
26,2418
25,2419
12,2419
19,2419
6,2419
20,2419
2,2420
9,2420
26,2420
3,2420
22,2420
6,2421
22,2421
2,2421
29,2421
23,2421
12,2421
27,2421
25,2422
5,2422
1,2422
6,2422
30,2422
3,2422
23,2422
11,2423
1,2423
4,2423
15,2423
16,2424
27,2424
23,2424
4,2424
8,2424
27,2425
9,2425
4,2425
17,2425
3,2425
20,2425
11,2425
8,2425
1,2427
19,2427
7,2427
11,2427
29,2428
30,2428
22,2428
12,2428
5,2428
21,2428
26,2428
24,2428
17,2429
16,2429
11,2429
3,2429
4,2429
19,2429
30,2430
3,2430
8,2430
7,2431
29,2431
17,2431
1,2432
12,2432
14,2432
6,2432
2,2433
6,2433
10,2433
26,2433
12,2433
20,2433
4,2433
13,2433
5,2435
15,2435
1,2435
11,2435
7,2435
1,2436
8,2436
4,2436
16,2436
1,2439
29,2439
16,2439
25,2439
23,2439
21,2439
4,2442
15,2442
30,2442
23,2442
7,2442
9,2442
20,2443
22,2443
23,2443
28,2443
24,2443
14,2443
1,2445
22,2445
3,2445
20,2445
26,2446
15,2446
24,2446
27,2446
18,2446
30,2446
3,2446
29,2446
3,2447
1,2447
19,2447
12,2447
7,2447
25,2447
21,2448
5,2448
12,2448
9,2448
19,2448
26,2450
6,2450
10,2450
4,2450
5,2450
6,2451
7,2451
17,2451
24,2453
30,2453
27,2453
22,2453
11,2454
20,2454
24,2454
15,2455
29,2455
25,2455
4,2455
28,2455
10,2455
21,2455
2,2456
23,2456
4,2456
3,2457
15,2457
17,2457
7,2457
8,2457
29,2457
14,2457
2,2458
22,2458
21,2458
14,2458
17,2458
8,2458
3,2459
15,2459
22,2459
25,2459
6,2460
30,2460
20,2460
19,2460
1,2460
27,2460
3,2460
22,2462
29,2462
18,2462
2,2462
8,2462
1,2462
26,2462
25,2463
27,2463
15,2463
9,2465
27,2465
30,2465
17,2465
16,2465
19,2465
11,2465
12,2465
14,2467
10,2467
3,2467
6,2467
27,2467
12,2467
6,2468
9,2468
3,2468
14,2468
19,2469
12,2469
8,2469
21,2469
27,2469
17,2469
21,2470
9,2470
13,2470
26,2470
24,2470
27,2470
13,2471
5,2471
12,2471
11,2471
7,2471
26,2472
16,2472
8,2472
9,2472
20,2472
1,2472
12,2472
2,2473
17,2473
5,2473
21,2473
9,2473
22,2473
13,2473
12,2473
30,2474
8,2474
24,2474
14,2474
27,2474
13,2475
22,2475
19,2475
24,2475
29,2475
6,2476
18,2476
28,2476
13,2476
19,2476
27,2476
14,2476
5,2476
14,2477
16,2477
2,2477
6,2477
20,2477
21,2478
5,2478
27,2478
25,2478
16,2478
2,2478
12,2478
16,2481
14,2481
22,2481
22,2482
25,2482
12,2482
30,2482
29,2482
17,2482
8,2483
18,2483
16,2483
9,2483
25,2485
20,2485
24,2485
23,2485
11,2485
12,2485
17,2485
8,2485
4,2488
3,2488
13,2488
1,2490
19,2490
3,2490
17,2490
9,2491
11,2491
10,2491
18,2491
24,2491
5,2491
23,2491
26,2492
14,2492
30,2492
20,2492
1,2493
20,2493
4,2493
9,2493
6,2493
18,2493
17,2493
27,2493
27,2494
18,2494
1,2494
22,2494
26,2494
5,2494
7,2495
8,2495
30,2495
29,2495
21,2496
23,2496
19,2496
7,2496
13,2496
9,2496
18,2496
5,2497
13,2497
18,2497
10,2497
2,2497
8,2497
2,2498
27,2498
30,2498
23,2498
9,2498
13,2498
24,2500
11,2500
9,2500
1,2500
25,2501
29,2501
1,2501
28,2501
10,2501
18,2501
11,2501
15,2502
27,2502
28,2502
8,2503
10,2503
5,2503
25,2503
30,2503
26,2503
24,2503
15,2503
21,2504
16,2504
4,2504
22,2504
12,2504
6,2504
7,2504
3,2505
17,2505
6,2505
17,2506
23,2506
30,2506
6,2506
18,2506
13,2506
27,2506
29,2511
22,2511
23,2511
8,2511
26,2512
19,2512
18,2512
6,2513
18,2513
7,2513
1,2513
28,2513
27,2513
14,2513
20,2514
1,2514
23,2514
30,2514
16,2514
10,2514
14,2514
27,2514
20,2515
3,2515
30,2515
16,2515
12,2516
6,2516
29,2516
18,2516
20,2516
15,2516
9,2517
13,2517
23,2517
10,2518
26,2518
7,2518
22,2518
30,2518
25,2518
27,2520
8,2520
24,2520
19,2520
25,2520
4,2520
3,2520
29,2521
6,2521
25,2521
20,2522
13,2522
7,2522
8,2522
1,2522
14,2522
9,2522
22,2523
29,2523
21,2523
6,2524
28,2524
21,2524
6,2525
29,2525
22,2525
16,2525
1,2525
24,2525
20,2525
24,2526
9,2526
18,2526
5,2526
30,2526
28,2526
1,2526
13,2526
4,2527
1,2527
29,2527
15,2527
17,2527
10,2527
26,2527
9,2527
17,2528
6,2528
20,2528
18,2528
27,2528
3,2528
24,2528
7,2529
23,2529
13,2529
4,2529
5,2529
5,2530
9,2530
27,2530
20,2530
25,2530
23,2531
6,2531
2,2531
9,2532
23,2532
22,2532
2,2532
25,2532
23,2533
2,2533
8,2533
21,2534
28,2534
23,2534
6,2534
30,2535
8,2535
6,2535
23,2535
3,2535
26,2537
24,2537
1,2537
19,2537
7,2537
10,2537
13,2537
18,2537
17,2538
1,2538
23,2538
5,2538
15,2538
9,2538
7,2538
24,2538
12,2539
16,2539
30,2539
5,2539
7,2539
21,2539
5,2540
2,2540
11,2540
6,2540
18,2541
21,2541
28,2541
8,2541
1,2542
27,2542
14,2542
28,2542
25,2544
30,2544
20,2544
12,2544
21,2544
28,2546
30,2546
1,2546
11,2546
2,2548
9,2548
19,2548
7,2548
27,2548
15,2548
22,2548
18,2548
1,2549
6,2549
29,2549
20,2549
11,2549
4,2550
2,2550
27,2550
11,2550
13,2550
27,2551
14,2551
1,2551
24,2552
8,2552
18,2552
5,2552
1,2552
5,2553
1,2553
6,2553
24,2553
29,2553
5,2554
29,2554
21,2554
1,2555
4,2555
23,2555
30,2557
24,2557
19,2557
29,2557
16,2557
7,2558
23,2558
3,2558
26,2558
6,2558
23,2559
27,2559
17,2559
24,2559
1,2560
5,2560
30,2560
24,2560
29,2560
27,2560
25,2560
13,2561
17,2561
7,2561
16,2561
21,2561
24,2561
12,2561
23,2563
26,2563
27,2563
8,2563
11,2565
29,2565
8,2565
7,2566
17,2566
27,2566
5,2567
10,2567
7,2567
26,2567
29,2567
4,2568
11,2568
7,2568
8,2568
1,2570
13,2570
15,2570
16,2570
23,2571
1,2571
17,2571
22,2571
25,2571
3,2571
10,2572
26,2572
9,2572
14,2572
1,2572
25,2572
12,2572
7,2572
26,2573
22,2573
30,2573
30,2574
14,2574
20,2574
10,2574
1,2574
19,2574
7,2574
27,2574
7,2575
28,2575
9,2575
19,2577
25,2577
24,2577
15,2577
10,2577
11,2579
15,2579
7,2579
20,2579
21,2580
24,2580
12,2580
7,2580
29,2580
18,2580
29,2581
17,2581
22,2581
9,2581
15,2581
14,2581
11,2581
1,2582
3,2582
8,2582
6,2582
14,2583
28,2583
20,2583
2,2583
10,2585
11,2585
30,2585
28,2585
7,2585
21,2585
24,2585
15,2586
6,2586
11,2586
29,2586
24,2586
12,2586
1,2586
25,2586
2,2587
28,2587
22,2587
29,2587
30,2587
20,2589
13,2589
24,2589
29,2590
9,2590
26,2590
22,2590
7,2590
23,2590
26,2593
7,2593
29,2593
14,2593
11,2594
4,2594
18,2594
3,2594
27,2594
29,2594
5,2594
22,2594
4,2596
30,2596
2,2596
22,2596
24,2596
5,2596
7,2597
9,2597
21,2597
3,2597
22,2597
6,2597
2,2597
27,2598
26,2598
2,2598
10,2598
10,2599
27,2599
21,2599
1,2600
20,2600
15,2600
5,2600
21,2600
19,2605
8,2605
24,2605
23,2606
16,2606
26,2606
23,2607
9,2607
20,2607
15,2607
19,2607
1,2609
22,2609
7,2609
12,2609
4,2609
6,2611
29,2611
17,2611
15,2612
3,2612
2,2612
21,2612
24,2612
7,2612
6,2613
19,2613
21,2613
27,2613
4,2613
10,2613
14,2614
13,2614
30,2614
2,2614
3,2614
5,2615
24,2615
1,2615
22,2615
29,2615
4,2616
15,2616
8,2616
9,2616
1,2616
26,2616
23,2616
25,2616
5,2617
14,2617
13,2617
4,2617
11,2617
9,2617
12,2618
20,2618
17,2618
14,2618
26,2618
2,2618
22,2620
21,2620
17,2620
28,2620
11,2620
10,2620
20,2620
16,2622
27,2622
3,2622
28,2622
8,2622
29,2622
22,2622
14,2623
10,2623
15,2623
26,2623
24,2623
16,2624
27,2624
4,2624
1,2625
19,2625
5,2625
11,2628
20,2628
15,2628
1,2628
26,2629
8,2629
23,2629
22,2629
11,2629
7,2629
1,2629
20,2629
10,2630
15,2630
3,2630
27,2630
18,2630
4,2632
27,2632
5,2632
9,2632
7,2632
28,2632
6,2632
5,2633
21,2633
18,2633
3,2633
27,2634
5,2634
8,2634
18,2634
3,2634
6,2634
20,2634
14,2639
26,2639
30,2639
11,2639
22,2640
30,2640
9,2640
17,2640
7,2641
16,2641
23,2641
9,2641
17,2641
22,2641
4,2641
18,2641
10,2642
6,2642
5,2642
21,2642
20,2642
18,2642
8,2642
3,2642
4,2643
12,2643
20,2643
16,2643
1,2643
30,2643
21,2643
7,2644
19,2644
24,2644
30,2644
22,2644
8,2644
15,2644
9,2648
29,2648
1,2648
5,2648
21,2648
14,2648
25,2648
7,2648
3,2651
1,2651
10,2651
14,2651
5,2651
30,2651
16,2651
23,2652
11,2652
19,2652
9,2652
27,2654
28,2654
24,2654
1,2654
29,2654
5,2654
10,2654
11,2655
1,2655
20,2655
17,2655
5,2655
6,2655
27,2655
24,2655
3,2656
25,2656
8,2656
12,2656
4,2656
24,2656
15,2657
2,2657
8,2657
28,2657
20,2659
21,2659
26,2659
11,2659
4,2659
12,2659
26,2660
3,2660
13,2660
23,2660
17,2660
12,2661
21,2661
4,2661
22,2661
13,2661
16,2661
25,2661
11,2662
13,2662
15,2662
28,2662
8,2662
2,2662
8,2664
30,2664
7,2664
4,2664
18,2664
11,2664
29,2664
9,2665
5,2665
22,2665
2,2665
11,2665
20,2665
24,2665
29,2668
4,2668
14,2668
11,2668
8,2669
29,2669
22,2669
21,2669
28,2669
29,2670
24,2670
30,2670
23,2670
27,2670
7,2670
22,2670
17,2670
14,2671
8,2671
27,2671
5,2671
17,2671
4,2671
19,2671
8,2672
17,2672
28,2672
11,2672
20,2672
12,2672
4,2672
1,2674
17,2674
10,2674
30,2674
23,2674
20,2674
16,2674
1,2676
3,2676
8,2676
1,2677
5,2677
22,2677
29,2677
2,2677
27,2677
2,2681
7,2681
28,2681
23,2681
1,2681
26,2681
13,2681
25,2681
13,2682
16,2682
7,2682
30,2682
29,2682
10,2682
1,2682
12,2682
1,2683
12,2683
29,2683
16,2686
10,2686
26,2686
23,2686
6,2686
12,2686
1,2686
13,2686
1,2687
25,2687
18,2687
11,2687
1,2688
30,2688
29,2688
3,2688
4,2688
28,2688
20,2688
29,2690
19,2690
7,2690
28,2690
13,2690
27,2690
26,2690
1,2690
1,2691
11,2691
3,2691
26,2692
25,2692
14,2692
28,2692
1,2692
11,2692
28,2693
14,2693
23,2693
22,2693
5,2693
16,2693
20,2693
5,2694
30,2694
21,2694
10,2695
30,2695
11,2695
4,2695
18,2695
26,2696
23,2696
24,2696
27,2696
29,2696
9,2696
10,2696
6,2696
19,2697
25,2697
22,2697
30,2697
18,2697
26,2697
3,2698
15,2698
4,2698
27,2698
26,2698
9,2698
24,2698
28,2698
26,2699
29,2699
5,2699
13,2700
16,2700
19,2700
25,2700
4,2700
25,2701
8,2701
1,2701
27,2701
23,2701
30,2701
29,2701
1,2702
29,2702
15,2702
30,2702
28,2702
23,2706
9,2706
18,2706
3,2706
29,2706
17,2706
22,2706
9,2707
5,2707
30,2707
4,2707
13,2707
8,2707
1,2707
23,2708
21,2708
26,2708
9,2708
17,2708
25,2708
5,2708
3,2709
4,2709
15,2709
17,2709
16,2709
30,2709
14,2709
1,2710
23,2710
25,2710
14,2710
17,2712
2,2712
28,2712
9,2712
7,2712
30,2712
1,2713
13,2713
2,2713
4,2713
28,2713
30,2716
15,2716
14,2716
26,2716
13,2716
10,2716
16,2716
8,2716
21,2717
10,2717
27,2717
11,2717
5,2717
29,2717
7,2717
2,2717
21,2718
5,2718
7,2718
15,2718
29,2718
1,2719
23,2719
25,2719
7,2719
8,2719
23,2720
11,2720
5,2720
3,2720
1,2722
10,2722
20,2722
12,2723
29,2723
10,2723
20,2723
30,2723
11,2724
9,2724
17,2724
8,2724
19,2724
7,2724
30,2724
4,2725
9,2725
14,2725
3,2725
5,2725
1,2725
15,2725
30,2726
2,2726
12,2726
26,2726
22,2726
7,2727
20,2727
15,2727
23,2727
26,2727
28,2727
24,2727
16,2728
1,2728
10,2728
6,2728
7,2728
4,2729
2,2729
21,2729
29,2729
14,2729
5,2730
6,2730
18,2730
23,2730
4,2730
18,2731
12,2731
13,2731
26,2731
17,2731
22,2732
2,2732
10,2732
12,2733
21,2733
17,2733
14,2733
6,2734
13,2734
7,2734
15,2735
22,2735
9,2735
10,2735
11,2735
16,2736
26,2736
4,2736
28,2736
3,2736
19,2737
24,2737
26,2737
16,2738
25,2738
6,2738
4,2738
28,2738
9,2738
24,2738
21,2739
11,2739
12,2739
13,2739
1,2739
17,2739
22,2739
20,2740
30,2740
12,2740
19,2740
8,2740
23,2740
28,2740
10,2740
20,2741
9,2741
12,2741
2,2742
20,2742
24,2742
28,2742
10,2742
24,2743
14,2743
21,2743
26,2743
17,2743
21,2744
10,2744
26,2744
11,2744
19,2745
27,2745
3,2745
30,2745
6,2745
20,2745
19,2746
11,2746
10,2746
26,2746
19,2747
24,2747
16,2747
21,2747
15,2747
3,2747
7,2747
26,2747
16,2748
7,2748
28,2748
29,2748
9,2748
28,2749
8,2749
20,2749
1,2749
3,2750
14,2750
17,2750
7,2750
19,2750
30,2751
9,2751
1,2751
20,2752
3,2752
12,2752
30,2752
1,2752
16,2752
26,2752
4,2754
27,2754
10,2754
8,2754
12,2754
27,2757
1,2757
12,2757
3,2757
13,2759
7,2759
5,2759
2,2759
29,2759
18,2759
19,2759
23,2759
17,2761
29,2761
20,2761
22,2761
4,2761
1,2762
4,2762
27,2762
10,2762
26,2762
1,2763
5,2763
20,2763
21,2763
3,2763
9,2763
17,2763
20,2764
14,2764
7,2764
19,2764
17,2764
8,2764
26,2764
11,2764
17,2765
20,2765
22,2765
13,2766
19,2766
22,2766
17,2766
27,2766
13,2769
7,2769
16,2769
18,2769
23,2769
14,2770
20,2770
17,2770
4,2771
8,2771
21,2771
13,2771
9,2772
30,2772
5,2772
11,2772
20,2772
21,2772
26,2772
13,2774
18,2774
7,2774
6,2774
30,2774
12,2774
1,2775
29,2775
20,2775
10,2775
15,2779
25,2779
4,2779
24,2779
27,2779
3,2782
26,2782
18,2782
13,2784
7,2784
22,2784
15,2784
11,2784
18,2784
17,2784
27,2786
10,2786
5,2786
25,2786
13,2786
7,2787
2,2787
16,2787
27,2787
18,2787
15,2787
3,2787
20,2788
3,2788
15,2788
10,2788
1,2788
11,2789
20,2789
6,2789
10,2789
21,2789
14,2789
19,2790
14,2790
7,2790
11,2790
2,2790
6,2790
21,2791
5,2791
15,2791
19,2791
12,2791
30,2791
26,2791
4,2791
24,2792
4,2792
3,2792
6,2792
16,2792
1,2793
15,2793
13,2793
26,2793
16,2793
29,2793
7,2793
12,2793
12,2794
28,2794
6,2794
21,2794
25,2794
10,2794
30,2794
8,2794
16,2795
27,2795
12,2795
7,2795
17,2795
13,2795
13,2796
7,2796
11,2796
9,2797
11,2797
30,2797
17,2797
5,2797
17,2798
22,2798
25,2798
13,2798
29,2798
19,2798
27,2798
30,2799
18,2799
29,2799
1,2799
7,2799
6,2799
18,2800
9,2800
24,2800
30,2800
20,2800
1,2800
21,2801
17,2801
16,2801
20,2801
12,2802
23,2802
6,2802
30,2802
29,2803
19,2803
22,2803
10,2803
27,2803
21,2803
2,2804
24,2804
17,2804
26,2804
16,2805
26,2805
15,2805
17,2805
12,2805
13,2805
25,2805
23,2805
5,2806
3,2806
23,2806
10,2806
13,2807
1,2807
9,2807
27,2808
25,2808
4,2808
15,2808
18,2808
24,2808
12,2810
18,2810
23,2810
9,2810
30,2810
28,2810
1,2812
11,2812
24,2812
13,2812
7,2812
30,2812
29,2812
14,2812
26,2813
11,2813
7,2813
12,2813
30,2813
19,2815
3,2815
15,2815
22,2815
25,2815
3,2816
11,2816
10,2816
15,2816
9,2816
1,2817
20,2817
16,2817
30,2817
30,2818
3,2818
2,2818
21,2818
13,2818
6,2819
22,2819
2,2819
24,2819
23,2819
10,2819
16,2820
26,2820
4,2820
21,2820
1,2820
6,2820
1,2822
30,2822
9,2822
16,2822
19,2822
29,2822
10,2824
17,2824
15,2824
1,2824
1,2826
16,2826
7,2826
23,2826
2,2826
24,2826
14,2826
25,2826
1,2827
20,2827
18,2827
30,2827
23,2827
4,2827
16,2828
3,2828
19,2828
21,2829
11,2829
8,2829
6,2829
28,2829
9,2829
1,2835
22,2835
16,2835
17,2835
29,2835
30,2835
3,2835
10,2835
18,2836
26,2836
16,2836
22,2836
7,2836
29,2836
2,2836
26,2837
6,2837
30,2837
8,2837
10,2839
13,2839
12,2839
25,2839
16,2839
14,2839
3,2839
1,2840
15,2840
28,2840
17,2840
20,2840
7,2840
18,2840
23,2841
20,2841
21,2841
9,2841
25,2843
10,2843
19,2843
16,2843
9,2843
7,2843
11,2843
12,2844
9,2844
5,2844
18,2844
30,2846
17,2846
26,2846
1,2846
19,2846
10,2846
7,2846
3,2847
9,2847
22,2847
4,2847
17,2847
5,2848
30,2848
7,2848
24,2851
13,2851
9,2851
16,2851
22,2851
18,2851
7,2851
4,2851
9,2852
22,2852
29,2852
21,2852
27,2852
25,2856
28,2856
24,2856
6,2857
9,2857
24,2857
23,2857
13,2858
9,2858
8,2858
16,2858
29,2859
8,2859
25,2859
1,2859
3,2859
13,2859
27,2859
19,2859
28,2860
6,2860
18,2860
23,2860
9,2860
14,2860
30,2860
26,2861
8,2861
2,2861
6,2861
7,2861
9,2861
24,2861
23,2862
15,2862
11,2862
24,2862
30,2862
9,2862
12,2863
16,2863
2,2863
25,2865
29,2865
13,2865
14,2865
7,2865
27,2865
4,2865
26,2865
13,2866
17,2866
21,2866
1,2866
30,2866
3,2866
15,2866
22,2867
21,2867
6,2867
10,2867
4,2867
19,2867
29,2867
5,2868
26,2868
4,2868
2,2868
6,2868
11,2868
8,2868
1,2868
15,2870
30,2870
28,2870
4,2870
25,2870
19,2870
7,2871
23,2871
13,2871
2,2871
18,2871
5,2872
17,2872
14,2872
1,2872
9,2872
16,2874
29,2874
8,2874
18,2874
30,2874
7,2874
25,2875
19,2875
28,2875
6,2875
1,2875
11,2875
20,2876
26,2876
23,2876
28,2876
1,2876
7,2877
9,2877
11,2877
29,2877
25,2877
16,2877
18,2877
20,2877
28,2878
9,2878
26,2878
12,2878
20,2879
25,2879
12,2879
6,2879
30,2879
1,2879
10,2879
4,2879
11,2880
29,2880
4,2880
21,2880
10,2880
8,2880
16,2881
12,2881
17,2881
6,2881
4,2882
14,2882
7,2882
24,2882
29,2883
13,2883
30,2883
10,2883
3,2883
28,2883
15,2883
1,2884
23,2884
7,2884
18,2885
20,2885
5,2885
8,2885
15,2885
10,2885
28,2885
17,2885
13,2886
6,2886
5,2886
10,2886
23,2887
7,2887
26,2887
30,2887
10,2887
29,2887
18,2887
20,2887
28,2888
3,2888
25,2888
1,2888
1,2889
12,2889
24,2889
16,2889
22,2889
25,2889
6,2889
28,2889
6,2890
27,2890
11,2890
13,2890
17,2890
16,2890
18,2890
8,2890
6,2891
8,2891
26,2891
3,2891
10,2892
8,2892
23,2892
1,2892
27,2893
29,2893
13,2893
26,2893
1,2894
9,2894
14,2894
19,2894
3,2894
25,2894
28,2896
14,2896
24,2896
11,2896
27,2896
1,2897
29,2897
30,2897
19,2897
17,2897
24,2897
15,2897
11,2898
29,2898
17,2898
4,2899
19,2899
27,2899
6,2899
13,2900
26,2900
29,2900
17,2901
8,2901
21,2901
15,2901
19,2902
23,2902
8,2902
6,2902
3,2902
11,2902
27,2903
30,2903
2,2903
22,2903
1,2903
6,2903
4,2903
20,2905
25,2905
11,2905
4,2905
2,2905
19,2905
28,2905
27,2906
16,2906
29,2906
23,2906
4,2906
18,2907
23,2907
25,2907
13,2907
24,2907
7,2907
8,2908
1,2908
12,2908
4,2912
5,2912
16,2912
1,2912
23,2912
9,2912
2,2912
14,2915
20,2915
8,2915
26,2915
10,2915
11,2915
29,2915
6,2915
22,2916
19,2916
2,2916
10,2916
11,2917
27,2917
29,2917
7,2917
14,2917
26,2917
22,2917
1,2917
29,2918
12,2918
10,2918
1,2918
19,2919
14,2919
30,2919
29,2919
22,2919
24,2921
27,2921
9,2921
28,2921
14,2921
3,2921
26,2921
7,2922
25,2922
10,2922
11,2922
3,2922
17,2922
28,2922
13,2924
2,2924
26,2924
23,2924
14,2924
1,2925
20,2925
11,2925
12,2925
4,2925
19,2925
27,2925
16,2925
26,2926
8,2926
14,2926
30,2926
1,2926
17,2926
15,2926
19,2926
29,2927
18,2927
3,2927
23,2927
28,2927
17,2927
28,2928
26,2928
8,2928
25,2928
6,2928
22,2928
4,2929
29,2929
17,2929
3,2929
19,2929
14,2929
25,2929
27,2929
29,2930
25,2930
7,2930
21,2930
8,2931
22,2931
20,2931
29,2931
9,2931
6,2931
30,2931
18,2931
22,2932
29,2932
9,2932
27,2932
24,2932
22,2935
8,2935
21,2935
25,2935
12,2935
14,2935
5,2935
2,2935
16,2936
26,2936
24,2936
20,2936
10,2936
29,2937
14,2937
5,2937
30,2939
3,2939
8,2939
17,2939
18,2940
4,2940
6,2940
27,2940
1,2941
14,2941
21,2941
27,2942
14,2942
22,2942
7,2942
4,2942
2,2942
5,2942
12,2942
3,2943
2,2943
22,2943
12,2943
29,2943
28,2944
4,2944
17,2944
19,2944
26,2944
8,2946
21,2946
19,2946
28,2947
5,2947
12,2947
13,2947
18,2947
29,2947
1,2947
9,2947
26,2948
19,2948
10,2948
30,2948
22,2948
19,2949
15,2949
11,2949
12,2949
1,2949
29,2949
9,2949
3,2950
5,2950
9,2950
23,2950
26,2951
29,2951
25,2951
1,2952
20,2952
10,2952
4,2952
16,2952
18,2952
3,2952
11,2953
3,2953
29,2953
18,2953
4,2956
2,2956
14,2956
23,2956
9,2956
20,2956
27,2956
30,2956
23,2959
2,2959
15,2959
17,2961
6,2961
20,2961
28,2961
16,2961
2,2961
29,2961
13,2962
10,2962
27,2962
28,2964
8,2964
10,2964
25,2964
1,2965
20,2965
25,2965
17,2965
15,2965
11,2965
15,2966
2,2966
11,2966
27,2966
9,2966
29,2966
12,2967
8,2967
5,2967
7,2968
25,2968
12,2968
9,2968
26,2969
1,2969
15,2969
12,2969
17,2969
27,2970
19,2970
21,2970
15,2970
30,2970
1,2970
20,2970
1,2971
9,2971
16,2971
4,2971
30,2971
25,2972
19,2972
29,2972
27,2972
22,2972
28,2972
17,2972
14,2972
28,2973
29,2973
11,2973
30,2973
25,2973
11,2974
6,2974
8,2974
10,2974
13,2974
20,2974
3,2974
26,2974
6,2975
10,2975
3,2975
25,2975
16,2975
22,2975
13,2975
8,2976
29,2976
26,2976
7,2976
21,2976
4,2976
5,2977
6,2977
27,2977
19,2977
3,2977
8,2977
1,2977
20,2977
13,2978
18,2978
11,2978
28,2978
24,2978
30,2978
7,2978
1,2979
23,2979
6,2979
1,2982
26,2982
12,2982
10,2982
2,2982
19,2983
14,2983
17,2983
27,2983
9,2983
29,2983
10,2983
2,2984
26,2984
20,2984
30,2984
14,2984
6,2984
15,2985
25,2985
14,2985
8,2985
2,2985
7,2985
18,2985
27,2986
11,2986
26,2986
30,2986
9,2986
1,2987
17,2987
22,2987
26,2987
20,2987
15,2987
18,2987
15,2988
6,2988
11,2988
16,2988
14,2988
27,2988
4,2988
17,2988
28,2989
26,2989
27,2989
7,2989
14,2989
6,2990
12,2990
26,2990
4,2990
5,2991
7,2991
13,2991
26,2991
20,2992
12,2992
28,2992
13,2992
23,2992
5,2992
6,2992
15,2993
11,2993
9,2993
14,2993
8,2993
1,2995
16,2995
28,2995
1,2996
3,2996
14,2996
29,2996
25,2996
12,2997
1,2997
9,2997
12,3000
27,3000
21,3000
10,3000
30,3000
24,3002
20,3002
6,3002
22,3002
26,3002
18,3002
23,3002
1,3003
19,3003
28,3003
17,3003
17,3004
18,3004
10,3004
9,3004
26,3004
24,3004
22,3004
1,3005
9,3005
12,3005
29,3006
9,3006
8,3006
1,3007
23,3007
4,3007
10,3007
20,3007
9,3007
15,3007
27,3007
7,3008
24,3008
21,3008
10,3008
29,3008
1,3010
26,3010
25,3010
9,3010
10,3010
28,3011
16,3011
6,3011
17,3011
18,3011
11,3013
26,3013
24,3013
18,3014
25,3014
20,3014
1,3015
12,3015
2,3015
24,3015
19,3016
4,3016
26,3016
22,3017
3,3017
11,3017
4,3017
12,3017
6,3018
14,3018
1,3018
11,3018
9,3018
13,3018
2,3018
3,3018
11,3019
14,3019
15,3019
2,3019
19,3019
7,3019
20,3019
27,3019
12,3020
3,3020
4,3020
28,3020
13,3020
11,3020
1,3020
16,3020
19,3021
14,3021
16,3021
21,3022
23,3022
20,3022
26,3022
29,3022
13,3022
7,3022
5,3022
26,3024
23,3024
27,3024
15,3024
4,3024
1,3024
19,3024
28,3028
9,3028
2,3028
26,3028
5,3028
3,3029
28,3029
23,3029
27,3029
30,3029
19,3029
17,3029
19,3030
8,3030
14,3030
18,3030
20,3030
7,3031
30,3031
5,3031
28,3031
26,3031
24,3032
10,3032
26,3032
7,3032
15,3032
28,3032
12,3032
3,3032
2,3033
30,3033
19,3033
28,3033
6,3033
25,3033
2,3034
29,3034
5,3034
23,3034
3,3034
8,3034
19,3035
6,3035
1,3035
18,3035
17,3036
1,3036
3,3036
14,3036
25,3036
30,3037
26,3037
6,3037
12,3037
21,3037
18,3037
17,3038
28,3038
7,3038
3,3039
30,3039
11,3039
14,3039
13,3039
5,3039
27,3039
6,3039
27,3040
19,3040
18,3040
29,3040
7,3040
22,3040
15,3040
8,3040
18,3041
25,3041
12,3041
13,3041
16,3041
21,3041
24,3041
28,3042
18,3042
3,3042
11,3042
30,3042
5,3042
16,3042
29,3042
1,3043
27,3043
16,3043
17,3043
23,3044
3,3044
26,3044
18,3044
1,3045
4,3045
13,3045
10,3045
12,3045
20,3045
28,3046
6,3046
4,3046
7,3048
29,3048
17,3048
10,3048
23,3051
24,3051
11,3051
30,3051
18,3052
9,3052
13,3052
4,3052
15,3052
28,3052
5,3052
25,3053
16,3053
14,3053
7,3053
5,3053
11,3053
30,3054
17,3054
3,3054
18,3054
12,3055
4,3055
26,3055
25,3055
1,3055
22,3056
13,3056
19,3056
30,3056
19,3057
30,3057
10,3057
14,3057
27,3057
21,3057
25,3057
13,3060
16,3060
6,3060
27,3060
7,3061
28,3061
8,3061
27,3061
12,3062
23,3062
19,3062
29,3062
11,3062
22,3062
19,3063
7,3063
9,3063
23,3063
28,3064
8,3064
27,3064
9,3064
21,3064
22,3064
30,3064
6,3066
16,3066
8,3066
9,3066
30,3067
22,3067
26,3067
16,3067
1,3067
29,3067
9,3068
18,3068
25,3068
21,3068
15,3068
7,3070
13,3070
25,3070
11,3070
3,3070
25,3071
21,3071
26,3071
16,3071
24,3071
19,3071
19,3072
2,3072
5,3072
11,3072
9,3072
22,3073
9,3073
14,3073
11,3073
2,3073
15,3073
10,3073
25,3074
27,3074
6,3074
12,3074
26,3074
10,3074
11,3074
13,3074
18,3075
1,3075
6,3075
16,3076
2,3076
9,3076
19,3076
27,3076
1,3076
14,3076
12,3077
29,3077
1,3077
26,3078
25,3078
30,3078
30,3079
17,3079
13,3079
12,3079
19,3081
1,3081
7,3081
29,3081
14,3081
4,3082
27,3082
10,3082
18,3082
30,3083
3,3083
9,3083
14,3083
5,3083
17,3083
7,3083
13,3086
4,3086
18,3086
23,3087
16,3087
7,3087
11,3087
2,3088
7,3088
25,3088
10,3088
22,3088
11,3088
28,3089
15,3089
3,3089
4,3089
19,3089
10,3090
24,3090
6,3090
17,3090
14,3091
3,3091
24,3091
29,3091
21,3093
24,3093
30,3093
17,3093
6,3093
3,3093
15,3093
5,3093
22,3094
1,3094
29,3094
13,3094
28,3094
19,3094
3,3095
9,3095
29,3095
24,3096
20,3096
22,3096
2,3097
14,3097
29,3097
17,3098
29,3098
18,3098
24,3099
12,3099
7,3099
11,3100
17,3100
16,3100
25,3101
28,3101
19,3101
25,3102
7,3102
26,3102
20,3102
6,3102
29,3102
12,3102
10,3102
2,3103
4,3103
6,3103
13,3104
16,3104
27,3104
17,3104
2,3104
12,3104
18,3104
28,3105
12,3105
6,3105
24,3105
30,3105
1,3105
8,3106
24,3106
21,3106
10,3107
28,3107
23,3107
3,3107
5,3107
21,3107
4,3107
22,3107
1,3108
18,3108
10,3108
8,3109
13,3109
4,3109
19,3111
1,3111
23,3111
15,3111
22,3111
12,3111
2,3111
25,3112
26,3112
18,3112
10,3112
16,3112
19,3112
24,3113
5,3113
29,3113
25,3113
11,3113
4,3113
8,3114
22,3114
6,3114
1,3115
2,3115
11,3115
26,3115
18,3115
21,3115
1,3117
6,3117
21,3117
18,3117
16,3117
7,3117
20,3120
24,3120
15,3120
21,3120
30,3120
7,3125
20,3125
21,3125
11,3125
1,3127
13,3127
21,3127
30,3127
28,3127
23,3127
15,3127
19,3127
20,3129
10,3129
14,3129
25,3129
1,3130
19,3130
30,3130
11,3132
22,3132
5,3132
1,3132
19,3134
30,3134
11,3134
25,3134
28,3134
8,3135
21,3135
30,3135
18,3135
19,3135
26,3135
14,3138
15,3138
3,3138
10,3138
6,3141
14,3141
20,3141
11,3141
19,3141
29,3141
30,3141
9,3142
14,3142
13,3142
7,3142
16,3142
27,3142
30,3143
19,3143
22,3143
20,3143
13,3143
17,3143
27,3143
1,3145
7,3145
11,3145
2,3145
16,3145
26,3146
16,3146
14,3146
1,3147
11,3147
19,3147
20,3147
2,3147
6,3147
13,3147
4,3147
6,3148
19,3148
20,3148
27,3148
9,3148
14,3148
8,3148
4,3148
2,3150
29,3150
7,3150
26,3150
27,3152
20,3152
15,3152
26,3152
30,3152
24,3153
19,3153
15,3153
5,3153
23,3153
28,3155
1,3155
27,3155
10,3155
22,3156
5,3156
19,3156
18,3156
13,3156
23,3156
10,3157
6,3157
5,3157
26,3157
28,3157
12,3157
20,3157
15,3157
12,3158
13,3158
3,3158
10,3158
7,3158
1,3158
18,3158
26,3159
2,3159
15,3159
22,3159
23,3159
1,3160
24,3160
12,3160
18,3160
21,3160
30,3160
21,3161
5,3161
7,3161
8,3161
1,3162
24,3162
28,3162
13,3162
19,3162
25,3162
30,3163
24,3163
18,3163
22,3163
23,3163
5,3163
17,3163
16,3165
26,3165
14,3165
2,3165
9,3165
9,3167
1,3167
25,3167
11,3168
16,3168
3,3168
1,3168
12,3168
1,3169
23,3169
28,3169
2,3169
9,3171
21,3171
29,3171
9,3173
23,3173
1,3173
14,3173
6,3173
1,3174
12,3174
3,3174
5,3174
23,3174
21,3174
6,3174
27,3175
23,3175
16,3175
15,3175
24,3175
25,3175
2,3175
1,3176
4,3176
9,3176
14,3177
27,3177
19,3177
5,3177
23,3178
2,3178
20,3178
5,3178
7,3178
9,3178
8,3179
5,3179
2,3179
17,3179
20,3179
19,3179
11,3179
28,3179
1,3181
12,3181
16,3181
24,3181
18,3181
20,3182
30,3182
4,3182
11,3182
12,3182
16,3182
8,3183
2,3183
11,3183
20,3183
17,3183
7,3183
18,3183
22,3185
27,3185
23,3185
6,3185
8,3185
28,3185
13,3185
19,3185
25,3186
24,3186
23,3186
30,3189
19,3189
28,3189
15,3189
2,3189
14,3189
22,3189
30,3190
20,3190
28,3190
26,3192
29,3192
17,3192
30,3192
19,3192
2,3192
28,3192
18,3192
21,3194
22,3194
26,3194
5,3194
23,3194
9,3194
10,3194
18,3196
20,3196
12,3196
23,3196
14,3196
6,3197
1,3197
14,3197
26,3197
16,3197
8,3198
13,3198
12,3198
13,3200
16,3200
29,3200
8,3200
16,3201
22,3201
26,3201
17,3201
20,3201
1,3201
26,3203
14,3203
17,3203
28,3204
5,3204
29,3204
17,3204
23,3204
20,3204
3,3204
22,3206
7,3206
11,3206
28,3206
1,3208
21,3208
28,3208
8,3208
4,3208
14,3208
22,3208
16,3208
22,3210
7,3210
15,3210
8,3210
19,3210
24,3210
12,3210
21,3211
15,3211
26,3211
9,3211
11,3211
14,3211
3,3211
10,3213
26,3213
22,3213
14,3213
13,3213
23,3214
2,3214
20,3214
4,3214
25,3214
22,3217
5,3217
7,3217
25,3217
1,3219
30,3219
21,3219
12,3219
24,3219
20,3221
19,3221
4,3221
7,3221
23,3221
25,3223
12,3223
3,3223
1,3224
20,3224
29,3224
18,3224
19,3225
4,3225
27,3225
23,3225
18,3225
25,3225
30,3225
28,3225
14,3230
12,3230
8,3230
24,3230
6,3235
13,3235
20,3235
2,3235
5,3235
2,3238
23,3238
25,3238
20,3240
27,3240
21,3240
17,3241
2,3241
23,3241
1,3241
13,3241
14,3241
26,3243
29,3243
11,3243
21,3243
13,3244
17,3244
4,3244
8,3244
19,3246
10,3246
13,3246
12,3246
2,3246
29,3247
10,3247
21,3247
18,3247
5,3247
22,3248
20,3248
28,3248
23,3248
22,3249
30,3249
6,3249
18,3249
16,3249
16,3250
1,3250
25,3250
29,3250
10,3250
18,3251
19,3251
29,3251
5,3252
24,3252
15,3252
25,3252
11,3252
18,3252
13,3252
26,3252
28,3253
20,3253
9,3253
24,3253
4,3254
25,3254
29,3254
1,3255
7,3255
5,3255
2,3255
3,3255
12,3255
1,3256
14,3256
9,3256
27,3257
15,3257
1,3257
30,3257
25,3257
22,3257
11,3257
19,3257
13,3258
24,3258
30,3258
21,3258
29,3258
20,3259
5,3259
9,3259
21,3259
4,3259
8,3259
11,3259
14,3259
22,3260
29,3260
7,3260
21,3260
12,3260
5,3260
20,3260
1,3261
4,3261
19,3261
28,3261
27,3262
14,3262
6,3262
7,3262
12,3262
28,3263
24,3263
6,3263
8,3263
5,3264
25,3264
30,3264
18,3264
22,3264
23,3264
1,3265
3,3265
28,3265
25,3266
7,3266
12,3266
18,3266
23,3266
1,3267
21,3267
10,3267
26,3267
7,3267
6,3267
24,3267
4,3268
10,3268
19,3268
25,3268
28,3268
9,3268
24,3268
3,3268
1,3269
26,3269
6,3269
3,3269
2,3269
27,3269
21,3269
14,3270
9,3270
30,3270
26,3270
4,3270
11,3270
22,3270
16,3271
1,3271
13,3271
15,3271
30,3271
11,3271
17,3271
20,3271
29,3272
21,3272
2,3272
1,3272
15,3272
28,3272
8,3272
20,3273
28,3273
2,3273
21,3273
20,3274
1,3274
13,3274
29,3274
2,3274
8,3275
25,3275
15,3275
13,3275
26,3275
27,3275
1,3276
13,3276
5,3276
27,3276
14,3276
30,3276
29,3276
22,3280
12,3280
14,3280
17,3280
24,3280
28,3280
10,3281
18,3281
9,3281
4,3281
16,3283
24,3283
1,3283
20,3283
12,3283
15,3283
9,3283
17,3283
6,3284
2,3284
23,3284
15,3284
30,3284
27,3284
7,3285
29,3285
27,3285
18,3286
17,3286
10,3286
21,3286
16,3286
15,3286
14,3286
16,3287
22,3287
1,3287
19,3287
13,3287
23,3287
20,3287
15,3287
9,3289
3,3289
22,3289
29,3289
19,3289
1,3294
7,3294
17,3294
16,3294
28,3294
18,3294
1,3295
28,3295
9,3295
24,3295
22,3296
15,3296
16,3296
5,3296
18,3298
9,3298
5,3298
2,3299
3,3299
30,3299
5,3299
26,3299
14,3299
8,3299
18,3300
8,3300
27,3300
13,3300
27,3301
12,3301
9,3301
24,3301
7,3301
14,3302
13,3302
12,3302
23,3302
29,3302
1,3302
1,3303
23,3303
21,3303
11,3303
10,3303
13,3303
24,3306
23,3306
8,3306
6,3307
19,3307
30,3307
11,3307
10,3307
2,3308
15,3308
26,3308
14,3308
17,3308
12,3308
24,3310
15,3310
28,3310
8,3310
16,3313
20,3313
4,3313
11,3313
15,3315
30,3315
5,3315
10,3315
4,3315
30,3316
4,3316
16,3316
8,3316
24,3316
1,3316
1,3317
12,3317
2,3317
27,3317
14,3317
29,3323
15,3323
20,3323
23,3324
18,3324
28,3324
24,3324
29,3324
17,3325
9,3325
4,3325
21,3325
20,3326
11,3326
17,3326
23,3326
25,3326
5,3327
4,3327
15,3327
18,3327
3,3327
23,3327
2,3327
25,3327
25,3328
23,3328
1,3328
15,3329
17,3329
29,3329
3,3329
1,3329
21,3330
8,3330
4,3330
1,3330
14,3330
14,3331
20,3331
1,3331
19,3331
22,3331
29,3331
5,3331
23,3331
23,3334
4,3334
2,3334
24,3334
3,3338
22,3338
23,3338
11,3338
15,3338
24,3341
4,3341
10,3341
27,3341
2,3341
23,3341
7,3342
30,3342
15,3342
17,3342
2,3344
21,3344
11,3344
27,3344
29,3344
18,3344
22,3344
6,3344
9,3345
27,3345
30,3345
29,3345
13,3345
22,3345
20,3347
19,3347
17,3347
2,3347
24,3347
18,3347
7,3350
25,3350
9,3350
4,3350
3,3350
10,3350
29,3353
14,3353
2,3353
13,3354
22,3354
29,3354
12,3354
27,3355
6,3355
11,3355
26,3355
10,3355
12,3355
2,3355
23,3357
27,3357
28,3357
20,3357
10,3357
25,3357
1,3357
1,3358
17,3358
3,3358
4,3358
13,3358
21,3358
29,3358
22,3358
5,3359
7,3359
17,3359
22,3359
2,3359
14,3360
1,3360
11,3360
6,3360
29,3361
8,3361
7,3361
4,3361
27,3361
25,3361
20,3361
29,3362
10,3362
6,3362
18,3362
4,3362
9,3363
7,3363
1,3363
11,3363
19,3363
26,3363
25,3363
24,3363
19,3364
22,3364
25,3364
28,3364
15,3364
30,3364
28,3365
23,3365
3,3365
17,3365
27,3365
7,3368
1,3368
8,3368
12,3370
9,3370
20,3370
3,3370
25,3370
15,3370
13,3370
29,3372
15,3372
24,3372
6,3374
10,3374
9,3374
1,3374
3,3374
14,3374
17,3378
9,3378
14,3378
11,3378
10,3378
1,3378
28,3379
26,3379
23,3379
2,3379
15,3379
16,3379
18,3384
24,3384
11,3384
13,3384
23,3384
7,3385
19,3385
20,3385
26,3385
4,3385
24,3385
2,3386
28,3386
21,3386
27,3386
1,3387
26,3387
4,3387
10,3387
21,3388
9,3388
30,3388
22,3388
28,3388
15,3389
3,3389
24,3389
23,3389
30,3389
12,3389
17,3389
17,3390
11,3390
22,3390
30,3390
9,3390
16,3390
17,3391
22,3391
13,3391
5,3391
16,3391
8,3391
21,3392
4,3392
24,3392
16,3392
12,3393
23,3393
28,3393
25,3393
5,3393
7,3393
15,3393
24,3393
4,3394
16,3394
28,3394
17,3394
7,3394
29,3394
2,3394
8,3394
16,3395
9,3395
29,3395
26,3395
15,3395
27,3395
22,3395
29,3396
30,3396
3,3396
10,3396
19,3396
7,3396
1,3396
21,3396
30,3397
15,3397
20,3397
10,3397
4,3397
14,3397
7,3397
26,3398
15,3398
18,3398
24,3400
6,3400
15,3400
25,3400
7,3400
9,3401
3,3401
14,3401
4,3401
5,3401
6,3401
28,3401
13,3402
3,3402
30,3402
7,3403
8,3403
20,3403
15,3403
6,3403
17,3403
13,3403
22,3403
8,3404
27,3404
24,3404
17,3404
25,3405
11,3405
13,3405
30,3405
11,3406
7,3406
9,3406
15,3408
1,3408
4,3408
21,3408
28,3408
3,3409
15,3409
11,3409
13,3409
20,3409
23,3409
5,3409
17,3410
19,3410
8,3410
26,3410
23,3410
1,3410
19,3412
9,3412
29,3412
22,3412
1,3412
17,3412
3,3412
9,3414
24,3414
25,3414
2,3414
29,3414
13,3415
29,3415
19,3415
14,3415
24,3415
2,3417
5,3417
25,3417
6,3418
20,3418
29,3418
16,3420
25,3420
27,3420
12,3420
14,3420
27,3421
10,3421
1,3421
20,3421
26,3421
11,3421
17,3421
11,3422
5,3422
12,3422
27,3423
3,3423
13,3423
2,3423
14,3423
19,3423
5,3423
22,3424
8,3424
24,3424
7,3425
6,3425
20,3425
8,3425
27,3425
5,3425
18,3425
1,3426
20,3426
26,3426
2,3426
9,3426
12,3426
29,3426
1,3428
4,3428
3,3428
20,3428
2,3428
17,3429
9,3429
13,3429
15,3430
29,3430
9,3430
12,3430
26,3430
11,3430
28,3431
15,3431
27,3431
6,3431
14,3431
22,3431
9,3432
18,3432
17,3432
14,3432
20,3432
16,3432
4,3433
23,3433
8,3433
6,3433
19,3433
24,3433
1,3434
3,3434
26,3434
2,3434
18,3434
22,3434
28,3435
26,3435
8,3435
23,3435
19,3435
14,3435
21,3435
3,3436
18,3436
13,3436
4,3436
26,3436
30,3436
10,3438
3,3438
23,3438
12,3438
4,3438
13,3439
4,3439
19,3439
2,3440
17,3440
11,3440
22,3440
13,3440
16,3441
22,3441
10,3441
27,3441
3,3441
30,3441
13,3441
15,3441
11,3442
17,3442
24,3442
27,3442
25,3442
13,3442
26,3442
12,3442
25,3444
6,3444
16,3444
17,3444
19,3444
15,3444
12,3445
28,3445
29,3445
25,3445
9,3445
4,3445
4,3446
2,3446
7,3446
25,3446
13,3447
9,3447
20,3447
16,3447
19,3448
13,3448
27,3448
17,3448
24,3448
13,3449
12,3449
17,3449
7,3449
15,3449
24,3450
6,3450
28,3450
9,3451
15,3451
17,3451
26,3451
27,3451
28,3451
23,3451
10,3452
1,3452
19,3452
12,3452
8,3452
7,3452
11,3452
17,3453
15,3453
26,3453
2,3453
6,3454
28,3454
1,3454
14,3454
4,3454
1,3455
16,3455
22,3455
24,3455
30,3455
5,3455
2,3455
27,3455
1,3456
2,3456
8,3456
21,3456
29,3456
26,3456
10,3456
7,3459
30,3459
5,3459
27,3459
14,3459
3,3459
13,3459
9,3461
16,3461
26,3461
29,3461
24,3461
3,3461
18,3461
25,3461
27,3462
8,3462
10,3462
29,3462
14,3462
11,3466
21,3466
26,3466
28,3466
30,3466
27,3466
11,3467
22,3467
13,3467
3,3467
29,3468
22,3468
19,3468
14,3469
7,3469
16,3469
30,3469
3,3469
15,3469
19,3470
12,3470
13,3470
11,3470
17,3470
17,3471
23,3471
25,3471
2,3471
2,3473
12,3473
23,3473
3,3473
27,3473
17,3473
23,3474
5,3474
21,3474
23,3475
28,3475
24,3475
14,3475
6,3475
11,3475
30,3476
4,3476
15,3476
3,3476
25,3476
26,3476
14,3476
24,3476
18,3477
1,3477
12,3477
5,3477
27,3477
21,3477
26,3477
22,3477
24,3478
16,3478
27,3478
3,3478
22,3479
20,3479
27,3479
10,3479
28,3479
6,3479
17,3480
10,3480
8,3480
3,3481
25,3481
8,3481
17,3481
11,3483
7,3483
24,3483
29,3483
8,3483
16,3483
18,3483
26,3484
19,3484
15,3484
22,3489
30,3489
18,3489
12,3489
25,3489
9,3489
5,3489
24,3489
21,3492
26,3492
1,3492
17,3492
5,3492
26,3494
29,3494
19,3494
3,3494
11,3494
16,3496
9,3496
5,3496
10,3496
28,3496
22,3496
18,3496
4,3496
29,3497
13,3497
15,3497
23,3497
2,3497
6,3497
5,3497
28,3497
25,3498
2,3498
24,3498
26,3498
10,3498
13,3498
29,3498
1,3499
27,3499
5,3499
10,3500
14,3500
3,3500
19,3500
1,3500
28,3500
17,3500
27,3500
16,3501
21,3501
15,3501
1,3501
3,3501
23,3501
1,3502
9,3502
5,3502
18,3502
18,3503
12,3503
4,3503
25,3504
24,3504
18,3504
4,3504
30,3504
27,3504
23,3505
26,3505
16,3505
17,3505
3,3505
25,3506
26,3506
1,3506
24,3506
13,3506
11,3507
23,3507
16,3507
8,3507
3,3507
5,3507
22,3508
21,3508
20,3508
3,3508
30,3508
23,3508
29,3510
24,3510
10,3510
15,3510
25,3510
19,3510
2,3510
21,3510
15,3511
21,3511
16,3511
3,3512
18,3512
11,3512
22,3513
26,3513
2,3513
20,3513
22,3514
6,3514
15,3514
26,3515
22,3515
1,3515
27,3515
11,3515
2,3515
6,3516
3,3516
30,3516
26,3516
20,3516
4,3519
10,3519
8,3519
8,3521
6,3521
5,3521
17,3521
15,3524
3,3524
18,3524
26,3524
21,3525
13,3525
11,3525
15,3526
29,3526
14,3526
20,3526
25,3526
18,3526
5,3526
6,3526
3,3527
6,3527
7,3527
9,3527
18,3527
30,3527
2,3527
4,3528
14,3528
29,3528
3,3529
11,3529
14,3529
20,3529
9,3529
25,3529
22,3529
1,3531
2,3531
14,3531
8,3531
18,3531
13,3531
3,3534
20,3534
30,3534
27,3534
2,3534
28,3534
10,3534
7,3535
9,3535
15,3535
11,3535
23,3535
26,3535
12,3535
20,3535
1,3536
14,3536
30,3536
20,3536
9,3536
17,3536
10,3536
21,3537
1,3537
5,3537
15,3537
24,3538
12,3538
19,3538
20,3538
29,3539
19,3539
12,3539
7,3539
17,3539
15,3539
4,3543
21,3543
3,3543
22,3543
13,3543
17,3543
25,3543
25,3544
23,3544
12,3544
2,3544
5,3544
11,3545
7,3545
12,3545
5,3545
14,3545
3,3546
4,3546
15,3546
29,3546
7,3546
2,3546
14,3546
28,3548
6,3548
25,3548
26,3548
9,3548
29,3548
13,3549
21,3549
28,3549
18,3549
26,3549
25,3549
1,3549
9,3550
26,3550
5,3550
4,3551
22,3551
26,3551
25,3551
17,3551
4,3552
29,3552
3,3552
16,3552
15,3552
7,3552
25,3552
6,3552
26,3553
17,3553
13,3553
12,3553
30,3553
1,3554
22,3554
11,3554
30,3554
3,3555
25,3555
29,3555
29,3556
11,3556
3,3556
28,3556
25,3556
7,3556
20,3556
26,3556
10,3557
2,3557
18,3557
19,3557
23,3557
24,3557
29,3559
11,3559
23,3559
1,3559
19,3559
26,3559
25,3559
22,3563
11,3563
30,3563
1,3563
18,3563
11,3564
27,3564
5,3564
10,3564
3,3564
17,3565
11,3565
19,3565
12,3566
10,3566
3,3566
30,3566
11,3566
1,3566
1,3567
18,3567
6,3567
22,3567
5,3567
23,3567
11,3567
8,3567
30,3568
14,3568
18,3568
11,3568
7,3568
23,3568
23,3569
15,3569
2,3569
17,3569
24,3571
8,3571
12,3571
16,3571
11,3571
21,3571
16,3572
13,3572
29,3572
5,3572
17,3572
22,3573
14,3573
25,3573
4,3573
16,3573
17,3573
11,3573
2,3574
19,3574
17,3574
5,3574
18,3574
10,3574
16,3574
20,3576
9,3576
18,3576
12,3576
4,3576
27,3577
25,3577
23,3577
6,3577
29,3577
19,3577
16,3577
13,3578
16,3578
22,3578
3,3578
21,3578
30,3580
21,3580
14,3580
27,3580
2,3581
8,3581
28,3581
30,3581
4,3581
11,3581
3,3581
27,3581
16,3584
17,3584
8,3584
18,3584
26,3584
3,3586
28,3586
26,3586
15,3586
21,3586
30,3586
8,3586
20,3586
20,3587
24,3587
12,3587
27,3587
19,3587
4,3587
9,3587
14,3590
23,3590
10,3590
7,3590
11,3590
4,3591
27,3591
23,3591
6,3591
20,3591
26,3592
29,3592
5,3592
30,3592
11,3592
14,3592
21,3592
16,3592
24,3593
14,3593
1,3593
23,3593
5,3593
8,3593
5,3594
16,3594
1,3594
26,3594
8,3594
24,3594
28,3596
6,3596
2,3596
15,3597
11,3597
26,3597
7,3597
10,3597
30,3597
28,3597
1,3598
7,3598
6,3598
26,3598
11,3598
12,3598
19,3598
20,3599
3,3599
9,3599
1,3599
24,3599
10,3599
11,3599
26,3599
16,3604
20,3604
17,3604
15,3604
5,3604
1,3604
13,3604
6,3604
20,3606
5,3606
15,3606
19,3606
29,3606
24,3606
23,3608
12,3608
4,3608
2,3608
22,3608
21,3609
18,3609
26,3609
6,3609
28,3609
19,3609
2,3609
5,3609
30,3614
3,3614
11,3614
29,3614
4,3614
14,3614
12,3614
22,3614
19,3615
2,3615
21,3615
17,3616
21,3616
2,3616
12,3617
19,3617
25,3617
2,3617
10,3617
20,3618
7,3618
3,3618
22,3618
13,3618
11,3618
25,3618
21,3619
2,3619
29,3619
20,3619
16,3619
4,3619
8,3619
3,3622
24,3622
6,3622
8,3622
19,3622
20,3622
22,3622
1,3622
26,3623
29,3623
11,3623
17,3623
30,3623
28,3624
12,3624
16,3624
21,3624
19,3624
17,3624
23,3625
21,3625
5,3625
4,3625
4,3626
6,3626
22,3626
24,3626
30,3626
3,3626
13,3627
17,3627
20,3627
2,3628
18,3628
8,3628
21,3628
1,3629
24,3629
30,3629
22,3629
10,3629
18,3629
26,3632
21,3632
15,3632
25,3632
30,3632
27,3632
17,3632
22,3633
11,3633
26,3633
28,3633
2,3633
18,3634
16,3634
30,3634
23,3635
6,3635
12,3635
28,3635
18,3635
11,3635
10,3635
19,3635
23,3637
8,3637
22,3637
4,3637
7,3637
24,3637
18,3637
1,3638
21,3638
12,3638
25,3638
14,3639
10,3639
28,3639
22,3640
4,3640
5,3640
13,3640
6,3640
28,3640
16,3640
8,3640
24,3641
8,3641
17,3641
18,3641
3,3641
4,3641
16,3643
10,3643
6,3643
6,3646
5,3646
7,3646
8,3648
21,3648
27,3648
24,3648
29,3648
24,3649
22,3649
3,3649
9,3649
25,3649
16,3649
18,3649
15,3649
8,3652
12,3652
25,3652
16,3652
27,3653
20,3653
13,3653
15,3653
21,3654
13,3654
2,3654
4,3655
22,3655
27,3655
3,3655
20,3658
25,3658
29,3658
24,3658
17,3660
11,3660
29,3660
9,3660
11,3661
10,3661
26,3661
5,3661
30,3661
3,3661
11,3662
4,3662
2,3662
25,3662
12,3662
1,3663
23,3663
27,3663
11,3663
3,3663
30,3663
1,3664
14,3664
18,3664
11,3667
18,3667
26,3667
22,3667
1,3667
5,3668
21,3668
28,3668
4,3668
29,3668
23,3668
8,3668
15,3668
12,3669
11,3669
22,3669
27,3669
20,3671
1,3671
17,3671
12,3672
4,3672
19,3672
10,3672
5,3672
28,3672
16,3672
5,3673
17,3673
12,3673
25,3673
13,3674
19,3674
5,3674
3,3674
1,3674
10,3674
6,3674
17,3674
15,3675
30,3675
27,3675
4,3676
14,3676
27,3676
3,3677
1,3677
23,3677
20,3678
8,3678
22,3678
6,3678
30,3678
2,3678
15,3678
16,3678
29,3679
8,3679
15,3679
9,3679
21,3679
9,3680
4,3680
19,3680
5,3680
11,3680
28,3680
22,3681
6,3681
23,3681
18,3681
19,3681
21,3681
12,3681
13,3681
9,3682
15,3682
10,3682
21,3682
7,3683
13,3683
4,3683
24,3683
22,3683
3,3683
17,3683
9,3684
20,3684
19,3684
24,3684
8,3684
10,3684
21,3684
26,3684
8,3685
11,3685
13,3685
12,3685
6,3686
28,3686
20,3686
12,3686
26,3686
14,3686
19,3686
15,3686
3,3687
4,3687
8,3687
3,3688
21,3688
12,3688
29,3688
24,3688
7,3688
5,3688
6,3689
12,3689
1,3689
3,3689
7,3689
22,3689
14,3690
5,3690
7,3690
22,3690
4,3690
27,3690
17,3691
10,3691
15,3691
14,3691
13,3691
27,3691
4,3691
4,3692
14,3692
2,3692
16,3692
30,3692
9,3692
28,3692
11,3693
1,3693
29,3693
7,3693
21,3694
29,3694
26,3694
7,3695
2,3695
13,3695
29,3696
13,3696
25,3696
17,3696
30,3696
6,3696
20,3696
15,3696
21,3697
30,3697
25,3697
5,3698
21,3698
4,3698
24,3699
21,3699
26,3699
8,3699
23,3700
1,3700
21,3700
20,3700
27,3700
14,3700
24,3700
28,3700
17,3701
24,3701
3,3701
14,3701
9,3702
2,3702
6,3702
5,3702
18,3702
25,3702
12,3702
11,3702
10,3703
18,3703
26,3703
16,3703
12,3704
8,3704
10,3704
17,3704
2,3704
3,3704
4,3704
16,3704
19,3705
2,3705
24,3705
27,3705
29,3705
4,3705
23,3705
26,3705
21,3706
28,3706
2,3706
30,3707
27,3707
17,3707
2,3708
30,3708
9,3708
26,3708
1,3708
27,3708
21,3708
19,3709
8,3709
22,3709
9,3709
1,3709
24,3709
11,3709
23,3710
4,3710
7,3710
27,3710
2,3710
30,3710
29,3711
4,3711
16,3711
20,3712
3,3712
18,3712
9,3712
5,3712
2,3713
11,3713
28,3713
30,3713
24,3713
12,3713
25,3714
23,3714
2,3714
21,3714
13,3714
29,3714
5,3714
19,3715
21,3715
1,3715
17,3716
19,3716
23,3716
1,3717
22,3717
30,3717
18,3719
29,3719
8,3719
7,3719
28,3720
15,3720
14,3720
24,3720
25,3720
26,3720
12,3720
1,3723
23,3723
5,3723
13,3723
25,3723
16,3723
9,3723
21,3724
23,3724
24,3724
7,3724
17,3724
4,3724
14,3724
22,3724
17,3725
7,3725
13,3725
18,3725
14,3725
26,3725
25,3725
15,3726
19,3726
6,3726
24,3727
4,3727
15,3727
11,3727
23,3727
16,3728
17,3728
19,3728
18,3728
23,3729
3,3729
27,3729
24,3729
8,3729
4,3729
6,3729
28,3730
18,3730
23,3730
16,3730
26,3731
20,3731
7,3731
7,3732
20,3732
9,3732
16,3732
1,3733
5,3733
28,3733
9,3733
11,3735
29,3735
21,3735
28,3735
5,3736
25,3736
2,3736
10,3736
4,3736
10,3737
21,3737
12,3737
29,3737
28,3737
21,3738
26,3738
15,3738
28,3738
11,3739
24,3739
14,3739
27,3739
18,3739
8,3739
12,3740
18,3740
17,3740
12,3741
10,3741
3,3741
2,3741
22,3741
25,3741
26,3742
5,3742
20,3742
10,3742
23,3742
11,3742
9,3743
24,3743
22,3743
29,3743
2,3743
6,3743
30,3743
15,3743
24,3744
28,3744
27,3744
5,3744
1,3745
24,3745
28,3745
10,3745
29,3745
11,3745
20,3746
6,3746
10,3746
11,3746
14,3746
12,3746
1,3746
15,3747
14,3747
10,3747
29,3747
18,3747
8,3747
22,3747
5,3751
11,3751
26,3751
3,3751
28,3752
18,3752
27,3752
12,3752
1,3753
25,3753
22,3753
15,3753
14,3754
20,3754
12,3754
22,3754
8,3754
21,3754
23,3755
14,3755
6,3755
4,3755
2,3756
24,3756
21,3756
1,3756
23,3756
12,3758
13,3758
5,3758
22,3758
8,3760
11,3760
24,3760
14,3760
1,3760
21,3760
3,3760
29,3760
18,3761
21,3761
11,3761
29,3761
1,3761
30,3761
27,3761
26,3763
15,3763
4,3763
3,3763
13,3763
19,3763
1,3763
14,3763
1,3764
15,3764
26,3764
25,3764
12,3765
15,3765
19,3765
27,3765
23,3765
24,3765
27,3766
14,3766
7,3766
30,3766
28,3766
12,3766
3,3767
20,3767
16,3767
14,3768
11,3768
3,3768
23,3769
21,3769
10,3769
24,3770
2,3770
17,3770
1,3770
28,3770
13,3770
4,3770
15,3770
27,3771
6,3771
16,3771
23,3771
22,3771
15,3771
5,3771
26,3771
29,3773
22,3773
20,3773
25,3773
15,3773
7,3773
2,3773
9,3773
13,3774
18,3774
10,3774
3,3774
28,3774
17,3774
16,3774
19,3774
21,3783
15,3783
20,3783
23,3783
28,3783
30,3784
26,3784
24,3784
27,3784
16,3784
28,3784
18,3784
11,3784
29,3785
22,3785
4,3785
28,3785
25,3785
27,3786
2,3786
8,3786
15,3786
11,3786
28,3786
11,3787
12,3787
5,3787
27,3787
16,3787
21,3787
24,3787
6,3787
25,3788
23,3788
19,3788
4,3788
27,3788
18,3788
8,3789
4,3789
1,3789
22,3789
3,3789
5,3789
15,3789
19,3789
27,3790
24,3790
21,3790
14,3790
19,3790
8,3790
9,3791
29,3791
2,3791
7,3791
12,3791
2,3792
10,3792
1,3792
7,3792
12,3792
30,3792
1,3793
10,3793
5,3793
8,3793
29,3793
1,3794
13,3794
18,3794
21,3794
29,3794
24,3794
28,3795
20,3795
4,3795
1,3795
18,3795
26,3795
14,3795
1,3797
20,3797
23,3797
14,3797
12,3797
26,3798
20,3798
3,3798
7,3798
29,3798
15,3799
16,3799
20,3799
6,3799
28,3799
8,3799
14,3799
22,3799
7,3801
22,3801
20,3801
12,3801
9,3801
27,3801
1,3802
11,3802
30,3802
29,3802
3,3802
27,3802
23,3806
25,3806
1,3806
26,3806
27,3806
22,3806
30,3806
12,3807
19,3807
20,3807
29,3808
17,3808
8,3808
15,3808
23,3809
6,3809
4,3809
10,3810
28,3810
7,3810
16,3810
23,3810
13,3810
24,3811
18,3811
11,3811
16,3811
25,3811
10,3811
2,3811
27,3811
3,3812
7,3812
6,3812
22,3812
8,3813
30,3813
17,3813
26,3813
3,3813
10,3813
14,3813
6,3813
28,3814
19,3814
3,3814
16,3814
11,3814
1,3814
8,3816
9,3816
14,3816
23,3816
17,3816
6,3816
26,3816
7,3819
2,3819
6,3819
4,3819
22,3821
27,3821
3,3821
4,3821
1,3822
14,3822
15,3822
20,3822
27,3823
16,3823
7,3823
14,3823
24,3824
29,3824
25,3824
8,3824
19,3824
17,3824
18,3825
19,3825
24,3825
5,3825
1,3826
16,3826
17,3826
21,3826
29,3826
7,3827
29,3827
12,3827
20,3827
27,3827
1,3830
7,3830
30,3830
23,3830
14,3830
22,3831
19,3831
7,3831
26,3831
24,3831
18,3831
9,3832
4,3832
22,3832
3,3832
23,3832
26,3832
6,3832
8,3833
15,3833
10,3833
11,3833
3,3833
9,3833
1,3834
5,3834
26,3834
22,3834
16,3834
10,3834
15,3834
21,3834
3,3835
5,3835
23,3835
27,3835
8,3835
4,3835
13,3836
17,3836
7,3836
22,3836
16,3837
18,3837
9,3837
4,3837
17,3837
26,3837
22,3837
7,3837
1,3838
12,3838
22,3838
4,3838
2,3838
8,3838
9,3838
11,3839
25,3839
28,3839
7,3839
11,3840
12,3840
22,3840
18,3840
3,3840
19,3841
18,3841
8,3841
7,3841
12,3841
10,3841
22,3841
11,3843
18,3843
12,3843
9,3844
11,3844
20,3844
30,3844
15,3844
12,3845
29,3845
10,3845
14,3845
8,3846
4,3846
28,3846
12,3846
25,3846
14,3847
2,3847
9,3847
5,3849
22,3849
6,3849
20,3849
1,3849
13,3849
28,3849
21,3849
9,3851
27,3851
21,3851
11,3851
25,3852
9,3852
21,3852
14,3855
28,3855
22,3855
18,3855
3,3855
29,3855
7,3857
18,3857
29,3857
24,3857
2,3857
4,3857
16,3858
13,3858
9,3858
7,3858
27,3858
30,3858
19,3858
1,3859
28,3859
5,3859
25,3859
10,3859
2,3859
15,3861
22,3861
3,3861
17,3861
3,3862
10,3862
7,3862
18,3862
6,3862
10,3863
2,3863
25,3863
4,3863
28,3863
29,3863
25,3864
3,3864
8,3864
6,3864
19,3864
4,3864
23,3864
29,3865
22,3865
19,3865
15,3868
30,3868
23,3868
20,3868
24,3868
27,3868
7,3868
9,3868
14,3869
23,3869
18,3869
11,3869
12,3869
29,3869
18,3870
15,3870
4,3870
26,3870
5,3871
1,3871
4,3871
10,3871
24,3871
13,3871
22,3871
15,3871
21,3872
23,3872
14,3872
15,3872
6,3872
19,3872
25,3872
1,3872
17,3873
26,3873
23,3873
5,3873
19,3873
4,3873
6,3873
14,3873
9,3877
6,3877
27,3877
16,3877
17,3877
10,3877
25,3877
2,3879
14,3879
13,3879
25,3879
17,3879
7,3879
11,3879
16,3879
12,3882
11,3882
28,3882
7,3882
10,3882
7,3884
10,3884
27,3884
28,3884
17,3884
1,3888
15,3888
29,3888
27,3888
23,3888
17,3888
2,3888
9,3889
23,3889
28,3889
25,3893
3,3893
17,3893
2,3893
20,3893
25,3894
19,3894
7,3894
26,3894
20,3894
6,3894
11,3894
10,3895
28,3895
11,3895
13,3895
19,3895
3,3895
1,3896
24,3896
3,3896
14,3896
13,3896
2,3896
10,3896
29,3896
29,3897
2,3897
30,3897
6,3897
5,3897
1,3898
11,3898
7,3898
15,3898
21,3898
16,3898
30,3898
12,3899
10,3899
19,3899
25,3899
28,3899
21,3899
5,3899
1,3900
29,3900
2,3900
10,3900
14,3900
24,3900
1,3901
19,3901
15,3901
10,3901
30,3906
11,3906
14,3906
8,3906
21,3906
1,3906
25,3908
17,3908
1,3908
21,3909
24,3909
19,3909
15,3909
12,3909
17,3909
11,3909
23,3909
22,3910
28,3910
11,3910
14,3910
7,3911
26,3911
25,3911
21,3911
23,3912
25,3912
24,3912
30,3912
13,3912
18,3912
5,3912
17,3914
25,3914
16,3914
26,3914
7,3914
21,3914
13,3914
3,3914
30,3915
1,3915
14,3915
2,3915
1,3916
18,3916
8,3916
2,3916
7,3917
5,3917
4,3917
16,3917
9,3917
17,3917
19,3918
15,3918
4,3918
29,3918
13,3918
12,3919
14,3919
10,3919
13,3919
6,3919
1,3920
8,3920
23,3920
12,3920
19,3920
27,3920
3,3922
11,3922
7,3922
21,3925
17,3925
24,3925
3,3925
29,3925
21,3926
1,3926
25,3926
15,3926
16,3926
11,3926
22,3926
10,3926
8,3927
20,3927
9,3927
29,3927
6,3927
21,3928
1,3928
20,3928
26,3928
18,3928
22,3928
26,3929
6,3929
5,3929
1,3929
14,3929
25,3929
7,3929
18,3930
27,3930
8,3930
1,3932
11,3932
27,3932
9,3932
17,3932
20,3932
19,3932
2,3933
19,3933
14,3933
25,3933
1,3933
3,3933
16,3933
18,3933
13,3937
24,3937
27,3937
26,3937
7,3937
22,3937
16,3937
14,3938
13,3938
30,3938
8,3938
6,3938
26,3938
10,3939
18,3939
22,3939
13,3939
4,3939
24,3940
5,3940
10,3940
23,3940
22,3940
29,3940
1,3940
20,3941
14,3941
26,3941
21,3941
28,3941
12,3941
3,3941
17,3942
21,3942
13,3942
28,3942
24,3942
15,3942
15,3943
17,3943
13,3943
8,3943
4,3943
1,3945
8,3945
13,3945
11,3946
27,3946
20,3946
12,3946
11,3947
13,3947
15,3947
22,3947
27,3947
7,3947
23,3947
8,3947
18,3948
25,3948
5,3948
28,3948
10,3948
3,3948
22,3948
24,3948
20,3949
9,3949
19,3949
16,3950
23,3950
29,3950
3,3950
21,3951
20,3951
3,3951
14,3951
4,3952
5,3952
30,3952
17,3953
12,3953
2,3953
15,3955
22,3955
5,3955
20,3955
5,3957
25,3957
24,3957
22,3958
19,3958
15,3958
4,3958
30,3958
16,3958
11,3958
18,3959
21,3959
28,3959
6,3962
19,3962
13,3962
14,3962
5,3962
28,3962
20,3962
30,3962
17,3963
30,3963
19,3963
24,3963
10,3964
1,3964
23,3964
7,3964
8,3964
28,3964
5,3964
16,3965
15,3965
20,3965
8,3965
7,3966
9,3966
3,3966
13,3966
15,3966
19,3966
26,3967
14,3967
10,3967
12,3968
2,3968
8,3968
21,3969
19,3969
16,3969
1,3969
6,3969
28,3969
17,3969
14,3971
7,3971
17,3971
22,3971
1,3971
13,3971
21,3972
5,3972
17,3972
4,3972
24,3972
21,3973
10,3973
7,3973
17,3973
13,3973
11,3973
18,3973
4,3974
19,3974
6,3974
11,3974
13,3977
15,3977
24,3977
17,3977
21,3977
8,3977
9,3977
26,3977
5,3978
3,3978
4,3978
2,3978
21,3978
28,3978
7,3979
6,3979
4,3979
26,3979
27,3979
29,3979
15,3980
28,3980
20,3980
21,3980
25,3980
19,3980
29,3980
13,3981
24,3981
5,3981
5,3983
27,3983
29,3983
15,3984
9,3984
27,3984
13,3984
8,3984
24,3984
21,3984
11,3984
12,3985
8,3985
2,3985
25,3985
10,3985
5,3986
25,3986
1,3986
8,3986
13,3986
14,3986
11,3986
21,3986
1,3987
6,3987
3,3987
24,3988
14,3988
28,3988
17,3989
3,3989
18,3989
25,3989
8,3989
15,3989
30,3989
10,3990
28,3990
13,3990
24,3990
23,3991
5,3991
26,3991
21,3991
6,3991
25,3991
1,3992
8,3992
13,3992
23,3992
14,3992
25,3993
24,3993
9,3993
20,3993
19,3993
11,3993
26,3993
1,3994
21,3994
19,3994
4,3994
21,3996
22,3996
1,3996
14,3996
23,3997
20,3997
1,3997
3,3997
25,3997
7,3997
30,3998
11,3998
14,3998
13,3998
1,3999
3,3999
6,3999
5,3999
8,3999
16,3999
19,3999
14,3999
8,4000
2,4000
16,4000
12,4002
16,4002
1,4002
24,4002
15,4003
17,4003
26,4003
26,4005
28,4005
17,4005
7,4005
4,4006
13,4006
6,4006
2,4006
22,4006
29,4006
17,4006
22,4007
9,4007
15,4007
29,4007
21,4007
6,4007
30,4007
4,4007
25,4008
11,4008
29,4008
5,4008
22,4008
1,4008
17,4008
23,4008
24,4009
6,4009
12,4009
7,4009
4,4009
20,4010
28,4010
30,4010
17,4011
18,4011
14,4011
30,4011
13,4012
25,4012
20,4012
1,4012
16,4012
4,4012
26,4012
5,4012
23,4014
15,4014
25,4014
20,4014
13,4014
29,4014
16,4014
17,4014
9,4015
30,4015
22,4015
7,4015
19,4015
21,4015
10,4015
10,4016
17,4016
30,4016
1,4017
20,4017
19,4017
17,4017
12,4017
10,4017
15,4018
10,4018
20,4018
1,4019
3,4019
30,4019
28,4019
5,4019
18,4019
9,4020
10,4020
11,4020
6,4020
20,4021
30,4021
23,4021
11,4021
13,4022
21,4022
24,4022
28,4022
17,4022
3,4022
1,4023
26,4023
17,4023
7,4023
13,4023
8,4023
21,4023
20,4024
9,4024
14,4024
23,4024
29,4024
17,4024
19,4024
5,4025
17,4025
11,4025
8,4027
11,4027
28,4027
13,4027
10,4027
7,4027
19,4027
20,4027
10,4029
11,4029
18,4029
28,4029
15,4030
28,4030
18,4030
13,4030
17,4030
5,4031
20,4031
13,4031
10,4031
23,4031
1,4031
30,4031
2,4031
9,4032
15,4032
7,4032
1,4032
2,4032
8,4032
19,4032
3,4033
15,4033
2,4033
27,4033
11,4033
13,4033
1,4034
6,4034
17,4034
19,4034
8,4034
22,4034
14,4034
25,4035
13,4035
29,4035
22,4035
20,4035
4,4035
6,4036
23,4036
14,4036
2,4036
20,4036
27,4036
4,4037
26,4037
1,4037
18,4037
29,4037
3,4037
12,4039
1,4039
7,4039
5,4040
30,4040
28,4040
7,4040
15,4040
16,4040
6,4040
28,4041
17,4041
26,4041
8,4041
22,4041
4,4041
18,4041
25,4041
19,4042
2,4042
8,4042
5,4042
3,4042
28,4042
17,4042
19,4043
28,4043
2,4043
3,4043
17,4043
1,4043
11,4043
10,4043
12,4046
11,4046
2,4046
3,4046
29,4046
28,4046
1,4047
20,4047
10,4047
16,4047
4,4047
11,4047
24,4047
20,4051
13,4051
17,4051
3,4051
1,4052
28,4052
6,4052
1,4053
16,4053
5,4053
25,4053
12,4053
4,4053
19,4053
13,4053
1,4054
19,4054
15,4054
30,4054
3,4054
17,4054
30,4055
17,4055
15,4055
29,4055
4,4055
25,4055
5,4055
22,4055
9,4056
19,4056
10,4056
1,4061
16,4061
11,4061
29,4061
17,4061
5,4061
20,4061
4,4061
18,4062
12,4062
17,4062
27,4062
28,4062
4,4062
5,4062
29,4062
21,4063
29,4063
24,4063
15,4063
3,4063
14,4063
30,4064
25,4064
17,4064
10,4064
17,4065
21,4065
18,4065
11,4066
30,4066
7,4066
21,4066
8,4067
30,4067
7,4067
21,4067
12,4067
6,4068
27,4068
15,4068
22,4068
19,4068
16,4068
29,4068
4,4069
17,4069
13,4069
29,4074
1,4074
4,4074
28,4074
2,4074
12,4077
17,4077
1,4077
29,4077
4,4078
2,4078
29,4078
7,4078
11,4078
15,4078
28,4078
9,4079
4,4079
26,4079
22,4080
18,4080
25,4080
23,4080
11,4081
7,4081
25,4081
21,4081
1,4081
29,4081
22,4081
18,4082
29,4082
21,4082
28,4082
9,4082
21,4083
28,4083
6,4083
1,4083
16,4083
26,4084
11,4084
24,4084
7,4085
19,4085
20,4085
18,4085
15,4085
30,4085
5,4086
23,4086
6,4086
17,4086
25,4086
27,4089
24,4089
29,4089
29,4090
14,4090
4,4090
11,4090
21,4090
17,4091
29,4091
9,4091
21,4091
13,4091
18,4092
30,4092
1,4092
9,4092
11,4092
5,4093
11,4093
24,4093
21,4093
14,4102
17,4102
2,4102
1,4102
29,4103
30,4103
16,4103
1,4104
21,4104
28,4104
19,4104
4,4104
9,4104
6,4104
16,4104
3,4105
27,4105
8,4105
9,4105
1,4109
26,4109
7,4109
11,4109
28,4109
18,4109
23,4109
27,4110
3,4110
15,4110
22,4110
6,4110
12,4111
8,4111
2,4111
3,4111
28,4113
26,4113
4,4113
20,4115
19,4115
6,4115
1,4115
27,4116
7,4116
26,4116
10,4116
2,4116
5,4116
23,4116
10,4117
17,4117
15,4117
4,4117
2,4121
11,4121
10,4121
9,4121
3,4121
25,4123
10,4123
8,4123
2,4123
29,4124
17,4124
16,4124
7,4124
27,4124
5,4124
25,4125
19,4125
13,4125
4,4125
11,4125
5,4125
20,4126
14,4126
12,4126
17,4127
18,4127
20,4127
24,4128
3,4128
19,4128
28,4129
17,4129
26,4129
12,4129
30,4129
24,4129
7,4129
27,4130
4,4130
13,4130
30,4130
24,4130
19,4131
29,4131
1,4131
23,4131
2,4131
16,4132
6,4132
22,4132
20,4132
28,4132
4,4133
10,4133
30,4133
21,4133
5,4133
19,4133
25,4133
11,4135
18,4135
15,4135
24,4135
20,4138
12,4138
28,4138
2,4138
30,4138
24,4138
6,4138
23,4139
19,4139
9,4139
28,4139
25,4139
5,4139
27,4139
20,4139
10,4141
15,4141
27,4141
5,4142
27,4142
11,4142
18,4142
21,4142
18,4143
13,4143
26,4143
4,4143
8,4143
20,4143
1,4144
4,4144
15,4144
23,4144
26,4144
27,4144
1,4146
22,4146
10,4146
27,4146
7,4146
8,4146
11,4146
23,4146
2,4147
24,4147
4,4147
11,4147
23,4147
27,4147
21,4147
21,4148
10,4148
17,4148
30,4148
29,4148
7,4148
11,4148
23,4149
20,4149
18,4149
29,4149
11,4149
5,4149
2,4149
12,4152
4,4152
7,4152
9,4152
25,4152
5,4152
18,4153
12,4153
16,4153
2,4153
6,4153
30,4153
3,4153
17,4154
14,4154
20,4154
9,4155
22,4155
19,4155
6,4156
22,4156
2,4156
14,4156
4,4156
6,4157
11,4157
15,4157
3,4157
4,4158
17,4158
18,4158
28,4158
13,4158
23,4158
24,4158
1,4159
30,4159
5,4159
23,4160
19,4160
14,4160
20,4161
8,4161
18,4161
12,4161
15,4161
2,4164
19,4164
11,4164
14,4164
3,4164
16,4164
10,4164
1,4166
17,4166
25,4166
15,4166
8,4166
24,4167
6,4167
4,4167
19,4167
16,4167
29,4167
8,4168
20,4168
26,4168
4,4171
25,4171
2,4171
14,4171
8,4171
24,4171
16,4171
22,4171
3,4174
17,4174
26,4174
1,4175
25,4175
12,4175
20,4175
21,4175
8,4175
18,4175
9,4175
1,4178
14,4178
16,4178
21,4178
26,4180
28,4180
11,4180
30,4180
2,4180
21,4180
24,4181
28,4181
15,4181
23,4184
11,4184
5,4184
5,4187
26,4187
1,4187
17,4187
12,4187
27,4187
19,4187
8,4189
28,4189
23,4189
12,4190
16,4190
24,4190
15,4190
19,4191
29,4191
14,4191
2,4193
10,4193
27,4193
28,4194
30,4194
15,4194
19,4195
12,4195
21,4195
2,4195
29,4197
23,4197
6,4197
2,4198
3,4198
15,4198
5,4198
4,4200
30,4200
29,4200
16,4200
3,4200
21,4200
10,4200
9,4202
27,4202
14,4202
30,4202
28,4202
21,4202
24,4202
1,4203
9,4203
18,4203
25,4203
8,4203
3,4203
20,4204
12,4204
8,4204
1,4205
26,4205
28,4205
8,4205
7,4205
17,4207
29,4207
13,4207
2,4207
8,4207
29,4210
4,4210
24,4210
22,4210
16,4210
20,4210
18,4210
22,4211
7,4211
12,4211
27,4211
3,4211
9,4211
28,4211
26,4211
21,4212
8,4212
24,4212
3,4212
4,4212
13,4212
6,4214
19,4214
14,4214
9,4214
24,4214
30,4215
20,4215
2,4215
19,4217
1,4217
5,4217
14,4217
22,4217
23,4217
3,4218
12,4218
19,4218
3,4219
26,4219
22,4219
8,4219
23,4219
2,4219
14,4220
1,4220
16,4220
15,4220
10,4220
2,4221
6,4221
12,4221
14,4221
16,4221
9,4221
22,4221
19,4223
12,4223
30,4223
25,4223
3,4223
15,4223
10,4223
20,4223
19,4224
15,4224
2,4224
24,4224
17,4224
8,4224
26,4224
5,4224
15,4225
6,4225
2,4225
8,4225
30,4225
20,4225
25,4225
18,4226
20,4226
11,4226
5,4226
25,4226
18,4228
30,4228
13,4228
7,4228
16,4228
24,4228
26,4228
19,4228
1,4229
20,4229
24,4229
3,4229
27,4229
28,4229
26,4229
4,4229
26,4231
13,4231
29,4231
2,4231
4,4231
20,4231
10,4231
6,4231
19,4232
28,4232
14,4232
2,4232
30,4232
22,4232
21,4232
11,4232
12,4233
26,4233
7,4233
28,4233
5,4234
13,4234
12,4234
9,4234
19,4234
1,4235
10,4235
22,4235
2,4235
23,4235
4,4235
5,4235
17,4235
7,4236
2,4236
12,4236
27,4236
11,4236
15,4237
16,4237
19,4237
29,4237
10,4238
19,4238
26,4238
5,4238
2,4239
7,4239
8,4239
5,4239
11,4240
23,4240
20,4240
14,4240
16,4240
12,4240
30,4240
12,4241
15,4241
14,4241
1,4242
25,4242
26,4242
7,4242
3,4243
28,4243
25,4243
1,4246
26,4246
11,4246
10,4246
30,4246
22,4246
20,4246
2,4247
14,4247
9,4247
1,4247
12,4247
13,4247
16,4247
28,4247
21,4248
22,4248
11,4248
9,4248
29,4248
25,4248
18,4251
30,4251
24,4251
2,4251
16,4251
3,4251
5,4252
22,4252
3,4252
6,4252
25,4252
11,4252
16,4252
20,4254
13,4254
23,4254
15,4254
25,4254
14,4255
29,4255
30,4255
22,4255
16,4255
10,4255
15,4256
19,4256
12,4256
30,4256
7,4256
16,4256
9,4256
4,4259
24,4259
12,4259
16,4259
6,4259
5,4259
11,4259
22,4259
26,4260
23,4260
21,4260
28,4260
6,4260
30,4260
5,4260
16,4260
23,4262
29,4262
22,4262
17,4262
30,4262
8,4262
9,4262
26,4263
20,4263
21,4263
18,4263
25,4263
25,4265
2,4265
15,4265
19,4265
28,4265
4,4265
10,4265
23,4265
29,4267
12,4267
11,4267
23,4268
18,4268
9,4268
20,4268
22,4270
6,4270
8,4270
26,4270
26,4273
23,4273
29,4273
22,4273
6,4273
14,4275
3,4275
10,4275
8,4275
18,4275
11,4275
16,4275
20,4275
9,4276
23,4276
19,4276
5,4276
11,4276
21,4276
26,4278
30,4278
22,4278
28,4278
18,4278
6,4278
5,4278
7,4278
25,4280
1,4280
12,4280
19,4280
4,4280
21,4280
18,4280
17,4282
14,4282
30,4282
24,4282
11,4282
4,4282
10,4282
7,4282
27,4284
2,4284
20,4284
17,4284
29,4285
12,4285
20,4285
15,4285
27,4285
16,4289
3,4289
24,4289
23,4289
8,4289
10,4290
19,4290
16,4290
14,4290
22,4290
4,4290
16,4291
29,4291
21,4291
28,4291
8,4292
21,4292
28,4292
12,4292
29,4292
12,4293
21,4293
8,4293
17,4293
1,4293
10,4294
7,4294
18,4294
4,4296
21,4296
24,4296
7,4296
18,4296
11,4297
26,4297
19,4297
3,4297
3,4298
13,4298
16,4298
2,4298
19,4298
1,4298
20,4298
9,4299
7,4299
3,4299
10,4299
13,4300
6,4300
3,4300
1,4300
29,4304
28,4304
17,4304
14,4304
7,4305
16,4305
15,4305
26,4305
1,4305
30,4306
19,4306
17,4306
18,4307
24,4307
7,4307
27,4307
9,4307
20,4307
17,4308
27,4308
5,4308
13,4310
22,4310
5,4310
14,4310
9,4310
1,4312
29,4312
3,4312
9,4313
19,4313
10,4313
15,4313
7,4313
20,4313
5,4316
10,4316
9,4316
23,4316
2,4316
13,4316
22,4316
16,4317
18,4317
20,4317
11,4317
5,4317
2,4317
21,4321
29,4321
23,4321
25,4321
24,4321
24,4322
25,4322
29,4322
12,4322
19,4322
2,4322
23,4323
13,4323
25,4323
22,4325
4,4325
26,4325
7,4325
9,4326
1,4326
25,4326
22,4326
4,4326
13,4326
23,4326
20,4327
2,4327
3,4327
15,4327
8,4327
19,4329
5,4329
26,4329
11,4329
1,4329
6,4329
15,4329
17,4329
17,4333
22,4333
14,4333
27,4333
23,4333
4,4333
12,4333
6,4334
8,4334
10,4334
25,4334
3,4334
26,4334
24,4334
21,4337
18,4337
13,4337
17,4338
22,4338
3,4338
5,4338
18,4338
26,4338
5,4339
16,4339
6,4339
23,4339
15,4339
9,4339
10,4339
6,4340
21,4340
12,4340
27,4340
15,4340
1,4342
29,4342
7,4342
23,4342
3,4342
14,4342
29,4343
19,4343
24,4343
22,4343
14,4344
10,4344
18,4344
22,4344
16,4344
9,4344
1,4344
2,4344
1,4345
22,4345
27,4345
18,4345
1,4347
8,4347
23,4347
7,4347
19,4347
2,4347
22,4347
28,4349
29,4349
1,4349
5,4349
2,4349
6,4349
16,4350
1,4350
14,4350
25,4350
13,4350
22,4350
1,4351
12,4351
9,4351
6,4353
18,4353
15,4353
2,4354
27,4354
6,4354
7,4354
18,4354
8,4354
13,4354
18,4355
21,4355
4,4355
13,4355
7,4355
28,4355
24,4355
16,4356
18,4356
21,4356
7,4357
4,4357
10,4357
29,4359
3,4359
10,4359
21,4359
1,4359
21,4361
14,4361
30,4361
27,4361
16,4361
29,4366
19,4366
21,4366
6,4367
18,4367
24,4367
30,4367
10,4367
22,4367
13,4368
6,4368
14,4368
27,4368
28,4368
3,4369
27,4369
23,4369
29,4369
28,4369
8,4370
16,4370
17,4370
10,4370
21,4370
14,4370
22,4370
2,4370
22,4371
21,4371
15,4371
1,4371
11,4371
28,4371
19,4371
17,4371
1,4372
19,4372
25,4372
10,4372
4,4372
21,4372
7,4372
13,4372
14,4373
15,4373
26,4373
12,4373
22,4373
3,4373
5,4374
26,4374
23,4374
2,4374
16,4374
1,4378
13,4378
24,4378
1,4380
22,4380
18,4380
25,4380
26,4380
15,4381
4,4381
20,4381
13,4381
30,4381
1,4383
15,4383
4,4383
3,4383
25,4384
4,4384
12,4384
26,4384
30,4386
15,4386
5,4386
1,4387
10,4387
22,4387
12,4387
25,4387
14,4388
10,4388
12,4388
13,4388
21,4388
11,4388
6,4388
1,4389
19,4389
29,4389
27,4389
30,4390
7,4390
21,4390
26,4390
20,4390
4,4390
9,4390
25,4390
1,4392
3,4392
5,4392
8,4392
16,4392
20,4393
19,4393
27,4393
3,4393
28,4393
13,4393
6,4394
16,4394
10,4394
14,4394
4,4394
18,4394
13,4395
1,4395
26,4395
9,4395
24,4395
3,4395
16,4395
18,4396
10,4396
24,4396
21,4396
3,4396
5,4396
17,4396
6,4397
8,4397
4,4397
30,4397
18,4397
20,4397
3,4397
28,4397
22,4399
26,4399
11,4399
3,4399
18,4399
22,4402
10,4402
5,4402
16,4402
25,4402
6,4402
27,4402
13,4403
11,4403
7,4403
1,4403
30,4404
14,4404
18,4404
17,4404
26,4404
1,4404
4,4404
11,4406
6,4406
18,4406
9,4406
23,4406
16,4406
24,4406
20,4407
26,4407
21,4407
24,4407
28,4407
29,4407
19,4407
18,4408
11,4408
7,4408
25,4408
6,4408
5,4408
21,4409
25,4409
6,4409
13,4409
30,4409
6,4410
30,4410
25,4410
9,4410
24,4412
23,4412
6,4412
18,4412
17,4412
2,4419
7,4419
5,4419
10,4419
28,4419
4,4419
18,4419
24,4420
20,4420
25,4420
30,4422
18,4422
21,4422
18,4424
29,4424
5,4424
4,4424
27,4424
12,4424
10,4424
4,4426
26,4426
1,4426
27,4426
28,4426
20,4426
3,4427
6,4427
12,4427
14,4428
29,4428
1,4428
2,4429
7,4429
11,4429
1,4429
24,4429
8,4429
5,4429
13,4432
3,4432
25,4432
21,4432
12,4432
28,4433
5,4433
2,4433
24,4434
8,4434
26,4434
19,4434
13,4434
30,4436
17,4436
6,4436
6,4437
26,4437
21,4437
14,4437
19,4438
6,4438
1,4438
18,4438
3,4439
12,4439
28,4439
21,4439
22,4439
20,4440
16,4440
23,4440
15,4440
19,4440
5,4440
14,4441
15,4441
4,4441
11,4441
7,4441
2,4441
16,4441
22,4441
18,4442
28,4442
21,4442
9,4442
19,4442
17,4442
24,4442
29,4443
17,4443
11,4443
26,4444
1,4444
28,4444
2,4444
17,4444
25,4445
3,4445
6,4445
21,4445
15,4445
30,4445
12,4445
7,4446
21,4446
15,4446
10,4446
6,4446
29,4446
1,4446
22,4446
18,4447
30,4447
8,4447
21,4447
14,4447
26,4447
1,4448
18,4448
4,4448
13,4448
20,4448
8,4448
28,4448
16,4449
4,4449
19,4449
14,4449
29,4449
24,4449
1,4450
24,4450
7,4450
10,4450
25,4450
27,4450
3,4450
1,4451
10,4451
9,4451
4,4451
8,4452
4,4452
17,4452
20,4452
5,4452
10,4452
14,4453
15,4453
3,4453
20,4454
26,4454
28,4454
23,4454
22,4454
16,4454
1,4458
29,4458
5,4458
18,4458
15,4458
22,4458
6,4459
8,4459
4,4459
23,4459
11,4459
14,4459
8,4462
7,4462
17,4462
12,4462
2,4462
5,4462
14,4462
12,4463
1,4463
3,4463
28,4463
3,4464
28,4464
30,4464
27,4464
18,4464
17,4464
20,4465
2,4465
8,4465
14,4465
5,4465
28,4465
26,4466
10,4466
3,4466
16,4466
9,4466
12,4467
8,4467
3,4467
2,4467
29,4467
19,4467
11,4467
16,4470
11,4470
3,4470
29,4470
26,4470
24,4471
2,4471
25,4471
11,4471
30,4471
4,4471
15,4473
27,4473
14,4473
1,4473
7,4473
21,4474
4,4474
16,4474
18,4475
12,4475
11,4475
22,4475
25,4476
18,4476
22,4476
14,4477
15,4477
8,4477
19,4477
30,4477
20,4477
23,4478
19,4478
8,4478
12,4478
22,4478
14,4478
28,4478
20,4480
18,4480
14,4480
4,4480
8,4480
7,4480
9,4480
11,4480
17,4482
22,4482
25,4482
27,4482
1,4482
4,4482
21,4483
10,4483
24,4483
14,4483
8,4483
20,4484
27,4484
12,4484
1,4484
16,4484
17,4487
28,4487
24,4487
21,4487
25,4487
18,4487
6,4488
9,4488
23,4488
20,4488
6,4489
1,4489
5,4489
10,4489
29,4489
1,4490
13,4490
16,4490
11,4490
18,4490
7,4490
17,4492
26,4492
27,4492
18,4492
7,4492
10,4492
2,4492
1,4495
2,4495
28,4495
14,4496
2,4496
9,4496
1,4496
20,4496
7,4496
27,4496
13,4496
25,4497
22,4497
9,4497
13,4497
27,4497
2,4497
14,4497
6,4497
22,4498
29,4498
5,4498
18,4498
10,4498
19,4498
7,4499
4,4499
5,4499
25,4499
26,4499
24,4500
27,4500
18,4500
1,4500
28,4500
13,4500
17,4500
12,4502
19,4502
21,4502
25,4502
21,4504
30,4504
12,4504
20,4504
17,4504
14,4504
7,4504
11,4505
22,4505
23,4505
17,4505
8,4505
5,4505
1,4505
12,4505
13,4506
5,4506
16,4506
18,4508
8,4508
17,4508
23,4508
16,4508
3,4508
26,4508
28,4508
10,4509
15,4509
23,4509
14,4509
13,4509
13,4511
10,4511
8,4511
1,4511
21,4516
13,4516
20,4516
26,4516
11,4516
3,4517
14,4517
19,4517
9,4517
4,4517
8,4517
15,4517
17,4517
10,4518
14,4518
19,4518
8,4518
26,4518
25,4518
30,4518
13,4519
18,4519
16,4519
26,4520
13,4520
2,4520
5,4521
20,4521
1,4521
10,4521
6,4521
17,4521
15,4522
14,4522
29,4522
26,4522
28,4522
6,4522
10,4522
14,4523
18,4523
7,4523
9,4523
2,4524
11,4524
17,4524
19,4524
2,4526
25,4526
26,4526
27,4526
22,4526
8,4526
13,4526
16,4526
22,4527
19,4527
11,4527
27,4529
7,4529
29,4529
10,4529
17,4529
25,4529
22,4529
22,4531
16,4531
7,4531
17,4531
18,4531
30,4531
13,4531
9,4533
23,4533
14,4533
1,4534
16,4534
23,4534
15,4534
9,4534
19,4534
21,4534
29,4535
13,4535
12,4535
20,4535
23,4535
19,4535
8,4535
22,4535
17,4537
18,4537
21,4537
22,4537
25,4537
5,4537
30,4537
1,4537
15,4541
25,4541
24,4541
13,4541
9,4541
18,4541
22,4541
12,4541
6,4544
2,4544
7,4544
23,4544
20,4544
4,4545
24,4545
19,4545
28,4545
23,4545
27,4545
21,4545
12,4545
26,4546
9,4546
16,4546
10,4552
16,4552
6,4552
11,4552
1,4553
8,4553
29,4553
19,4553
11,4553
19,4557
21,4557
22,4557
7,4557
15,4557
11,4557
6,4557
12,4557
8,4558
30,4558
16,4558
14,4562
2,4562
5,4562
17,4562
16,4562
8,4562
25,4562
21,4562
24,4563
5,4563
21,4563
3,4563
30,4564
16,4564
9,4564
15,4564
7,4564
9,4565
21,4565
20,4565
6,4565
30,4565
15,4565
5,4565
1,4565
30,4568
10,4568
11,4568
16,4571
2,4571
24,4571
10,4571
29,4571
22,4571
1,4571
6,4572
3,4572
25,4572
30,4572
13,4572
17,4573
10,4573
8,4573
30,4573
20,4573
9,4573
5,4574
7,4574
2,4574
21,4577
12,4577
27,4577
6,4577
20,4577
9,4577
21,4578
24,4578
1,4578
15,4580
13,4580
5,4580
6,4581
3,4581
30,4581
14,4581
2,4583
14,4583
4,4583
3,4583
5,4584
27,4584
3,4584
25,4585
28,4585
1,4585
2,4585
14,4585
21,4587
9,4587
30,4587
25,4587
15,4587
28,4587
23,4587
5,4589
20,4589
27,4589
24,4589
13,4589
10,4589
12,4589
30,4591
21,4591
20,4591
15,4591
1,4591
8,4591
27,4593
28,4593
22,4593
12,4593
21,4593
16,4594
22,4594
25,4594
23,4594
5,4594
4,4594
19,4595
18,4595
7,4595
3,4597
16,4597
1,4597
13,4597
26,4597
28,4597
24,4597
28,4599
13,4599
21,4599
25,4599
29,4599
2,4599
9,4600
3,4600
20,4600
22,4602
23,4602
2,4602
14,4602
11,4602
20,4602
16,4603
14,4603
12,4603
6,4603
2,4603
9,4605
8,4605
23,4605
4,4605
3,4605
7,4605
14,4605
18,4608
25,4608
9,4608
12,4608
4,4608
10,4608
6,4608
23,4608
20,4610
22,4610
18,4610
13,4610
2,4610
4,4611
23,4611
8,4611
24,4611
6,4611
15,4612
26,4612
28,4612
22,4612
14,4612
11,4612
25,4612
24,4612
10,4613
7,4613
24,4613
7,4614
11,4614
24,4614
23,4614
16,4614
18,4614
28,4614
6,4615
8,4615
17,4615
25,4615
15,4615
9,4615
5,4615
23,4615
3,4616
5,4616
23,4616
2,4616
12,4616
29,4617
28,4617
6,4617
10,4619
28,4619
14,4619
26,4619
9,4619
2,4621
23,4621
15,4621
27,4621
9,4621
8,4621
21,4621
19,4621
10,4622
12,4622
2,4622
15,4622
18,4622
28,4622
27,4622
14,4623
15,4623
6,4623
21,4623
24,4624
23,4624
27,4624
14,4624
29,4624
20,4624
26,4625
2,4625
9,4625
18,4625
12,4625
30,4625
13,4626
3,4626
22,4626
19,4626
21,4626
29,4626
18,4626
14,4628
27,4628
1,4628
5,4628
29,4628
28,4628
2,4629
1,4629
26,4629
16,4629
6,4629
28,4630
19,4630
13,4630
11,4630
29,4630
5,4630
4,4630
17,4630
21,4632
8,4632
4,4632
2,4632
6,4634
19,4634
21,4634
2,4634
4,4634
17,4634
15,4634
24,4634
4,4635
29,4635
16,4635
14,4636
1,4636
26,4636
18,4638
25,4638
8,4638
13,4638
9,4639
25,4639
30,4639
2,4639
15,4639
20,4639
1,4640
27,4640
15,4640
17,4640
24,4640
13,4641
24,4641
2,4641
17,4642
24,4642
25,4642
28,4643
30,4643
11,4643
8,4643
22,4643
15,4644
23,4644
21,4644
17,4644
12,4644
2,4644
13,4644
7,4644
1,4645
3,4645
4,4645
29,4645
25,4645
27,4645
20,4646
11,4646
10,4646
16,4646
27,4646
8,4646
1,4646
1,4649
9,4649
22,4649
26,4649
4,4649
29,4649
21,4649
2,4649
12,4653
6,4653
1,4653
30,4653
30,4654
23,4654
3,4654
24,4654
4,4654
8,4654
11,4654
14,4654
13,4658
10,4658
23,4658
22,4658
11,4658
16,4660
13,4660
2,4660
5,4661
17,4661
22,4661
25,4661
14,4661
7,4662
20,4662
18,4662
26,4662
27,4662
23,4662
18,4663
7,4663
4,4663
17,4663
8,4666
3,4666
23,4666
15,4666
22,4666
19,4666
10,4666
13,4670
17,4670
24,4670
25,4670
13,4671
28,4671
26,4671
5,4671
20,4671
10,4671
2,4671
11,4671
6,4672
29,4672
12,4672
26,4672
14,4672
5,4672
23,4672
16,4673
24,4673
17,4673
25,4673
19,4673
11,4673
30,4675
22,4675
24,4675
7,4675
18,4675
2,4675
6,4675
1,4676
28,4676
16,4676
26,4676
23,4677
9,4677
22,4677
27,4677
14,4677
20,4677
3,4678
1,4678
9,4678
18,4678
28,4679
15,4679
9,4679
27,4679
13,4679
29,4679
11,4681
3,4681
6,4681
8,4681
5,4681
19,4681
22,4681
4,4683
6,4683
27,4683
5,4683
21,4683
7,4683
29,4683
24,4683
6,4686
10,4686
16,4686
4,4686
12,4686
14,4686
12,4687
2,4687
21,4687
20,4687
8,4687
16,4688
18,4688
23,4688
4,4688
6,4688
24,4688
7,4688
8,4689
2,4689
15,4689
3,4689
29,4689
6,4689
19,4689
12,4690
21,4690
1,4690
9,4690
27,4690
8,4695
13,4695
4,4695
28,4695
26,4695
3,4695
21,4695
16,4697
26,4697
2,4697
21,4697
12,4697
8,4697
3,4699
6,4699
17,4699
16,4699
24,4699
15,4700
28,4700
11,4700
25,4700
5,4700
19,4701
16,4701
10,4701
8,4703
10,4703
24,4703
13,4703
12,4703
23,4703
15,4703
17,4704
15,4704
26,4704
7,4704
13,4704
24,4704
22,4704
5,4705
19,4705
22,4705
3,4705
7,4705
18,4705
26,4708
6,4708
21,4708
20,4708
7,4708
14,4708
7,4709
5,4709
25,4709
3,4709
15,4709
20,4710
17,4710
5,4710
27,4710
11,4711
25,4711
29,4711
4,4711
3,4713
20,4713
8,4713
17,4714
24,4714
27,4714
8,4714
28,4714
11,4714
9,4714
13,4714
13,4715
20,4715
12,4715
25,4715
10,4717
17,4717
22,4717
6,4717
15,4717
26,4718
12,4718
11,4718
29,4718
4,4718
20,4719
1,4719
19,4719
16,4719
21,4719
12,4720
5,4720
7,4720
26,4721
24,4721
28,4721
17,4721
29,4721
14,4721
18,4722
2,4722
17,4722
3,4722
11,4722
20,4723
4,4723
2,4723
9,4723
5,4725
29,4725
21,4725
17,4727
29,4727
6,4727
8,4728
17,4728
16,4728
29,4728
19,4728
14,4728
12,4728
18,4728
6,4732
26,4732
17,4732
28,4733
2,4733
24,4733
30,4734
18,4734
1,4734
14,4735
10,4735
28,4735
22,4735
2,4735
15,4735
21,4735
3,4736
15,4736
19,4736
20,4736
25,4736
1,4736
2,4738
24,4738
18,4738
8,4738
22,4738
21,4738
3,4738
22,4740
23,4740
6,4740
1,4741
20,4741
26,4741
27,4741
24,4741
7,4743
9,4743
21,4743
6,4743
22,4743
20,4744
29,4744
10,4744
21,4744
25,4744
4,4744
9,4744
27,4744
18,4745
27,4745
5,4745
13,4745
29,4745
30,4745
22,4745
19,4748
12,4748
22,4748
28,4749
13,4749
17,4749
5,4749
26,4749
29,4749
22,4749
1,4750
17,4750
8,4750
9,4750
6,4750
23,4750
15,4754
16,4754
7,4754
2,4756
27,4756
28,4756
24,4756
7,4756
19,4756
23,4756
29,4756
1,4757
25,4757
23,4757
7,4757
1,4759
26,4759
25,4759
19,4759
24,4765
18,4765
2,4765
1,4766
18,4766
29,4766
5,4766
25,4766
3,4766
8,4766
13,4766
24,4769
14,4769
30,4769
15,4769
7,4770
14,4770
3,4770
25,4770
11,4770
29,4770
18,4770
23,4771
1,4771
3,4771
13,4771
25,4771
10,4771
1,4772
27,4772
19,4772
24,4773
5,4773
9,4773
15,4773
28,4773
7,4773
18,4773
12,4773
27,4774
1,4774
30,4774
5,4775
11,4775
24,4775
12,4775
19,4775
1,4776
3,4776
5,4776
26,4776
10,4777
23,4777
29,4777
1,4777
1,4780
26,4780
20,4780
23,4780
5,4780
30,4782
13,4782
1,4782
24,4782
25,4782
9,4782
29,4782
19,4783
11,4783
4,4783
10,4784
5,4784
7,4784
9,4784
16,4784
17,4785
15,4785
5,4785
22,4785
12,4785
3,4785
16,4785
18,4786
30,4786
23,4786
19,4786
3,4786
25,4786
2,4786
30,4787
13,4787
6,4787
19,4787
4,4788
23,4788
2,4788
10,4788
24,4788
28,4789
30,4789
19,4789
8,4789
10,4792
25,4792
7,4792
8,4792
12,4792
30,4792
27,4792
26,4794
18,4794
28,4794
1,4794
15,4794
19,4795
3,4795
2,4795
23,4795
16,4796
30,4796
7,4796
1,4796
26,4796
5,4796
29,4796
22,4796
10,4798
27,4798
15,4798
6,4798
14,4798
18,4798
11,4799
27,4799
5,4799
10,4799
29,4799
6,4799
14,4799
28,4799
1,4800
2,4800
5,4800
13,4800
2,4801
30,4801
22,4801
4,4801
24,4801
19,4802
9,4802
27,4802
5,4803
19,4803
20,4803
25,4804
23,4804
13,4804
17,4804
16,4804
1,4808
30,4808
18,4808
28,4808
6,4808
15,4809
10,4809
11,4809
3,4809
6,4809
2,4810
29,4810
8,4810
11,4810
25,4811
23,4811
2,4811
11,4811
28,4811
12,4812
15,4812
9,4812
11,4813
25,4813
7,4813
22,4814
23,4814
13,4814
18,4814
14,4814
21,4815
12,4815
13,4815
30,4815
16,4815
4,4815
24,4815
25,4815
16,4816
18,4816
13,4816
25,4816
27,4816
20,4818
2,4818
28,4818
7,4818
17,4818
25,4818
5,4821
30,4821
29,4821
13,4821
20,4821
6,4821
4,4821
11,4821
14,4822
18,4822
25,4822
5,4823
3,4823
1,4823
30,4823
4,4823
22,4823
2,4825
18,4825
11,4825
21,4825
6,4825
17,4826
28,4826
27,4826
30,4827
17,4827
1,4827
22,4827
13,4827
7,4827
8,4828
22,4828
26,4828
14,4828
17,4828
3,4828
29,4828
25,4828
1,4830
26,4830
14,4830
16,4830
12,4830
20,4830
22,4830
24,4830
18,4831
3,4831
1,4831
25,4831
29,4833
13,4833
9,4833
7,4833
5,4833
11,4835
30,4835
18,4835
16,4835
9,4835
21,4836
4,4836
20,4836
13,4840
26,4840
15,4840
4,4840
24,4840
14,4840
7,4840
11,4844
16,4844
3,4844
23,4844
27,4844
4,4844
9,4844
28,4844
25,4845
10,4845
24,4845
3,4846
8,4846
16,4846
26,4846
25,4846
7,4846
12,4846
9,4846
1,4847
6,4847
18,4847
11,4847
26,4847
24,4847
27,4847
1,4848
23,4848
9,4848
18,4848
7,4848
4,4848
24,4849
5,4849
14,4849
18,4849
27,4849
8,4850
15,4850
16,4850
23,4850
27,4850
11,4850
23,4852
16,4852
4,4852
10,4852
17,4852
21,4855
11,4855
23,4855
22,4855
26,4855
14,4855
29,4857
10,4857
12,4857
23,4857
19,4857
30,4860
18,4860
5,4860
26,4860
27,4860
22,4860
11,4860
15,4862
4,4862
19,4862
22,4862
27,4862
9,4862
18,4863
1,4863
3,4863
6,4864
19,4864
8,4864
2,4864
10,4865
18,4865
11,4865
7,4865
5,4865
22,4865
25,4865
24,4866
30,4866
16,4866
19,4867
28,4867
9,4867
26,4867
15,4867
30,4871
16,4871
23,4871
3,4871
4,4871
2,4873
14,4873
29,4873
3,4873
23,4873
28,4873
7,4873
6,4873
18,4874
23,4874
16,4874
1,4874
1,4876
7,4876
10,4876
27,4876
17,4876
29,4876
16,4877
25,4877
19,4877
3,4877
11,4877
21,4877
28,4878
1,4878
7,4878
9,4878
26,4878
4,4879
18,4879
21,4879
30,4879
12,4879
14,4879
1,4879
15,4880
24,4880
23,4880
28,4880
1,4881
26,4881
10,4881
8,4881
21,4881
22,4881
27,4881
25,4881
23,4883
28,4883
29,4883
12,4883
1,4883
24,4883
2,4883
4,4883
10,4885
22,4885
1,4885
19,4885
15,4886
22,4886
27,4886
4,4886
5,4886
2,4886
11,4886
1,4887
20,4887
21,4887
13,4887
21,4888
3,4888
14,4888
13,4888
27,4888
9,4888
1,4889
2,4889
9,4889
22,4889
16,4890
4,4890
12,4890
7,4890
24,4890
2,4890
23,4890
21,4893
12,4893
6,4893
16,4896
20,4896
13,4896
18,4896
8,4896
26,4898
29,4898
19,4898
11,4898
16,4898
25,4898
3,4898
2,4899
5,4899
3,4899
8,4899
18,4900
7,4900
22,4900
23,4900
9,4900
12,4900
19,4900
14,4900
29,4901
22,4901
16,4901
30,4901
23,4901
19,4901
4,4901
6,4901
22,4902
18,4902
20,4902
1,4903
17,4903
15,4903
29,4903
6,4909
8,4909
12,4909
18,4911
30,4911
25,4911
8,4911
12,4912
17,4912
10,4912
5,4914
14,4914
25,4914
20,4914
21,4914
17,4915
13,4915
15,4915
21,4915
30,4915
19,4915
26,4915
20,4915
23,4916
29,4916
27,4916
17,4916
9,4916
21,4916
6,4917
28,4917
8,4917
3,4917
16,4919
6,4919
23,4919
2,4919
10,4920
23,4920
2,4920
29,4921
15,4921
5,4921
9,4921
23,4921
2,4921
4,4921
30,4921
29,4925
9,4925
6,4925
17,4925
27,4925
30,4925
14,4925
8,4925
6,4926
5,4926
29,4926
26,4926
25,4926
23,4926
13,4927
7,4927
5,4927
18,4927
21,4927
9,4927
19,4927
20,4927
21,4928
1,4928
5,4928
22,4928
20,4929
25,4929
5,4929
23,4929
17,4929
14,4932
4,4932
26,4932
15,4932
21,4932
28,4932
5,4936
11,4936
28,4936
5,4939
10,4939
6,4939
2,4939
23,4941
14,4941
28,4941
9,4942
13,4942
23,4942
12,4942
25,4942
10,4942
17,4942
19,4945
3,4945
15,4945
7,4945
20,4945
18,4946
27,4946
6,4946
19,4946
30,4946
14,4946
20,4947
24,4947
21,4947
8,4947
19,4951
21,4951
30,4951
24,4951
16,4951
14,4951
22,4952
29,4952
4,4952
3,4952
11,4953
22,4953
1,4953
16,4953
30,4953
22,4954
6,4954
25,4954
1,4954
14,4954
30,4954
24,4954
6,4956
22,4956
27,4956
2,4956
14,4956
29,4956
8,4956
4,4957
26,4957
30,4957
6,4957
23,4957
28,4957
24,4957
17,4957
22,4958
17,4958
18,4958
19,4958
14,4958
29,4958
4,4958
25,4959
22,4959
24,4959
10,4961
16,4961
11,4961
19,4961
14,4961
21,4961
6,4961
27,4961
13,4962
7,4962
17,4962
23,4962
19,4962
28,4962
15,4963
17,4963
22,4963
29,4963
19,4963
17,4964
14,4964
21,4964
16,4964
24,4964
1,4965
24,4965
7,4965
26,4965
14,4965
21,4965
5,4965
20,4965
25,4966
11,4966
10,4966
30,4966
23,4966
1,4967
24,4967
26,4967
17,4967
20,4967
3,4967
15,4967
9,4969
25,4969
22,4969
12,4969
29,4969
30,4969
26,4969
23,4970
7,4970
4,4970
1,4970
6,4970
30,4970
25,4970
28,4971
25,4971
5,4971
14,4973
28,4973
27,4973
30,4973
13,4974
14,4974
29,4974
3,4974
1,4974
20,4974
24,4974
25,4974
4,4975
17,4975
14,4975
15,4975
7,4975
21,4975
1,4975
27,4975
29,4976
2,4976
22,4976
1,4976
27,4976
17,4977
6,4977
13,4977
27,4977
9,4977
8,4977
1,4978
2,4978
16,4978
22,4978
12,4978
15,4978
1,4979
30,4979
4,4979
8,4979
6,4979
23,4979
8,4980
16,4980
5,4980
22,4980
20,4980
25,4981
27,4981
4,4981
18,4981
24,4981
29,4981
26,4985
28,4985
6,4985
5,4985
9,4985
29,4987
26,4987
1,4987
3,4987
11,4987
21,4988
26,4988
29,4988
23,4988
5,4988
16,4988
17,4989
15,4989
16,4989
7,4990
18,4990
9,4990
30,4990
17,4990
4,4990
2,4990
13,4991
7,4991
29,4991
5,4992
15,4992
8,4992
18,4993
17,4993
30,4993
10,4993
6,4993
11,4994
27,4994
17,4994
2,4994
24,4995
20,4995
18,4995
4,4995
16,4995
19,4995
7,4998
15,4998
21,4998
1,4998
4,5004
26,5004
8,5004
16,5004
20,5007
17,5007
13,5007
25,5008
6,5008
19,5008
12,5008
29,5008
16,5008
1,5009
17,5009
6,5009
4,5009
15,5009
14,5009
18,5009
20,5009
1,5010
17,5010
13,5010
14,5010
1,5011
11,5011
27,5011
28,5011
16,5011
30,5011
18,5011
14,5012
5,5012
11,5012
23,5012
30,5012
12,5012
1,5013
17,5013
10,5013
13,5014
21,5014
1,5014
9,5014
14,5014
4,5015
30,5015
14,5015
7,5016
20,5016
1,5016
25,5016
17,5016
25,5021
20,5021
21,5021
30,5021
10,5021
17,5021
26,5021
28,5023
5,5023
16,5023
21,5025
25,5025
29,5025
9,5025
19,5025
24,5025
23,5026
18,5026
25,5026
16,5026
24,5026
20,5026
26,5026
6,5026
1,5027
9,5027
6,5027
25,5027
21,5027
22,5027
20,5027
12,5027
7,5028
15,5028
13,5028
30,5028
16,5028
12,5028
4,5028
2,5028
12,5033
3,5033
29,5033
30,5033
13,5033
11,5033
11,5034
10,5034
26,5034
20,5034
2,5034
4,5039
17,5039
10,5039
2,5040
17,5040
4,5040
19,5041
23,5041
21,5041
3,5041
24,5041
18,5046
7,5046
19,5046
12,5046
15,5046
13,5046
27,5046
8,5046
25,5047
14,5047
6,5047
9,5047
5,5047
24,5047
17,5047
6,5048
9,5048
3,5048
30,5048
14,5048
24,5048
18,5049
5,5049
9,5049
7,5049
1,5051
27,5051
12,5051
6,5051
30,5051
19,5051
15,5053
18,5053
6,5053
27,5053
9,5053
8,5053
7,5053
30,5053
12,5054
19,5054
7,5054
26,5054
22,5055
20,5055
24,5055
10,5055
18,5055
7,5055
14,5055
12,5055
20,5059
8,5059
24,5059
4,5059
3,5059
24,5060
1,5060
8,5060
7,5060
30,5060
14,5062
16,5062
24,5062
3,5062
19,5062
2,5062
20,5062
3,5063
27,5063
9,5063
6,5063
4,5063
25,5063
24,5063
25,5064
21,5064
1,5064
22,5065
3,5065
19,5065
14,5065
5,5065
3,5066
11,5066
12,5066
5,5066
21,5066
24,5066
20,5068
10,5068
21,5068
25,5068
24,5069
25,5069
18,5069
5,5069
13,5069
9,5069
6,5071
15,5071
1,5071
24,5072
18,5072
20,5072
25,5072
22,5072
9,5072
28,5073
14,5073
7,5073
8,5073
9,5073
5,5073
3,5073
19,5073
1,5074
4,5074
5,5074
11,5074
6,5074
19,5074
15,5075
14,5075
21,5075
19,5075
16,5075
22,5075
29,5076
3,5076
7,5076
24,5076
16,5076
12,5076
9,5077
26,5077
25,5077
4,5077
22,5077
15,5077
4,5080
14,5080
30,5080
16,5080
28,5080
9,5080
27,5080
18,5080
12,5081
8,5081
25,5081
30,5081
3,5081
5,5081
24,5083
25,5083
11,5083
2,5083
14,5083
29,5083
26,5083
12,5088
13,5088
23,5088
22,5088
29,5088
26,5088
2,5088
21,5092
5,5092
11,5092
14,5092
28,5092
3,5093
26,5093
9,5093
23,5094
17,5094
10,5094
14,5094
14,5095
4,5095
11,5095
9,5095
1,5095
29,5095
10,5095
22,5095
30,5096
17,5096
16,5096
15,5096
22,5096
23,5096
5,5096
9,5099
20,5099
6,5099
13,5099
14,5099
12,5099
19,5099
11,5099
24,5102
20,5102
17,5102
16,5102
7,5102
22,5103
28,5103
15,5103
11,5103
12,5103
16,5103
21,5103
6,5103
7,5105
1,5105
8,5105
3,5105
15,5106
9,5106
22,5106
16,5106
21,5106
17,5106
12,5106
11,5107
15,5107
3,5107
5,5107
22,5107
2,5107
20,5108
12,5108
5,5108
13,5108
17,5109
21,5109
29,5109
11,5109
14,5109
4,5109
22,5110
27,5110
19,5110
11,5110
17,5110
8,5110
6,5110
15,5111
4,5111
24,5111
14,5111
26,5112
29,5112
20,5112
4,5112
9,5112
15,5112
1,5112
7,5112
24,5113
25,5113
20,5113
9,5113
16,5113
23,5113
15,5113
6,5114
15,5114
21,5114
24,5114
9,5116
22,5116
19,5116
30,5116
17,5116
26,5116
18,5120
6,5120
3,5120
15,5120
30,5120
19,5121
21,5121
22,5121
5,5121
11,5121
2,5121
13,5121
15,5127
4,5127
3,5127
8,5128
26,5128
30,5128
28,5128
15,5128
7,5131
2,5131
3,5131
25,5134
22,5134
29,5134
24,5134
22,5135
12,5135
6,5135
26,5135
27,5135
18,5135
3,5135
3,5136
10,5136
9,5136
4,5137
22,5137
18,5137
19,5137
20,5137
25,5137
17,5139
8,5139
24,5139
15,5139
27,5139
23,5139
9,5139
1,5146
16,5146
26,5146
29,5146
6,5146
12,5147
27,5147
21,5147
26,5147
1,5147
8,5151
2,5151
26,5151
25,5151
16,5151
22,5151
5,5151
1,5152
25,5152
26,5152
9,5152
29,5155
12,5155
16,5155
30,5155
18,5155
16,5156
22,5156
27,5156
6,5156
17,5156
26,5156
10,5159
26,5159
25,5159
9,5159
11,5159
15,5165
22,5165
23,5165
28,5165
14,5165
22,5168
12,5168
25,5168
6,5168
30,5168
9,5168
17,5170
6,5170
20,5170
24,5170
25,5170
1,5170
14,5170
10,5171
29,5171
5,5171
28,5177
24,5177
3,5177
10,5178
9,5178
5,5178
28,5178
14,5178
8,5178
18,5178
27,5181
5,5181
30,5181
12,5181
9,5187
27,5187
1,5187
13,5189
22,5189
8,5189
9,5189
23,5197
3,5197
1,5197
22,5197
9,5197
25,5197
12,5198
28,5198
5,5198
29,5198
21,5202
28,5202
8,5202
11,5202
19,5202
1,5202
14,5205
12,5205
9,5205
26,5205
16,5205
28,5205
10,5205
14,5209
15,5209
4,5209
27,5209
1,5212
20,5212
9,5212
20,5213
11,5213
28,5213
2,5213
27,5214
13,5214
23,5214
29,5214
22,5214
14,5214
30,5214
4,5218
7,5218
3,5218
6,5218
18,5218
27,5218
14,5219
16,5219
15,5219
18,5219
13,5219
20,5219
22,5220
25,5220
24,5220
10,5220
8,5220
4,5220
27,5220
18,5221
19,5221
12,5221
23,5221
20,5221
23,5222
1,5222
11,5222
21,5222
18,5222
26,5224
4,5224
14,5224
5,5225
28,5225
23,5225
6,5225
30,5226
24,5226
11,5226
10,5226
25,5226
28,5226
6,5226
10,5231
15,5231
14,5231
12,5231
17,5231
16,5237
15,5237
13,5237
10,5237
30,5238
20,5238
25,5238
23,5238
1,5238
12,5238
13,5239
20,5239
7,5239
28,5239
1,5239
27,5239
8,5239
4,5240
9,5240
3,5240
14,5240
25,5240
19,5240
27,5240
19,5241
9,5241
28,5241
16,5241
3,5241
4,5244
11,5244
12,5244
20,5244
15,5244
8,5244
7,5244
22,5246
6,5246
9,5246
25,5246
20,5246
24,5246
28,5246
9,5247
10,5247
20,5247
26,5247
11,5248
28,5248
18,5248
24,5248
23,5250
29,5250
30,5250
1,5250
18,5254
4,5254
20,5254
23,5254
21,5254
9,5254
5,5255
22,5255
26,5255
11,5255
30,5255
15,5255
21,5255
27,5255
6,5256
7,5256
23,5256
5,5256
25,5256
27,5258
20,5258
25,5258
24,5258
5,5258
4,5258
14,5258
26,5264
16,5264
22,5264
24,5264
8,5264
1,5265
19,5265
28,5265
26,5265
1,5266
29,5266
11,5266
23,5266
15,5266
30,5267
5,5267
22,5267
20,5267
1,5267
28,5267
9,5267
15,5267
27,5268
13,5268
7,5268
6,5268
2,5269
19,5269
1,5269
10,5269
3,5269
26,5269
20,5269
1,5272
7,5272
2,5272
14,5272
5,5275
22,5275
9,5275
30,5275
15,5275
2,5275
14,5278
20,5278
30,5278
3,5278
28,5278
1,5278
24,5278
29,5278
12,5279
17,5279
19,5279
20,5279
4,5282
9,5282
14,5282
24,5282
15,5282
17,5282
19,5283
16,5283
8,5283
14,5283
21,5283
18,5283
1,5283
17,5284
2,5284
10,5284
13,5285
7,5285
6,5285
3,5285
3,5288
6,5288
10,5288
19,5288
28,5288
13,5288
24,5288
9,5288
20,5291
14,5291
29,5291
13,5291
9,5292
15,5292
22,5292
18,5292
11,5292
14,5293
8,5293
7,5293
1,5294
22,5294
26,5294
4,5294
27,5294
24,5296
1,5296
28,5296
7,5296
2,5297
14,5297
13,5297
24,5297
30,5297
3,5297
16,5298
22,5298
9,5298
14,5298
6,5298
11,5298
2,5298
28,5299
30,5299
7,5299
30,5300
27,5300
9,5300
10,5300
17,5300
28,5300
14,5300
29,5303
23,5303
6,5303
3,5303
12,5304
23,5304
6,5304
14,5304
24,5304
15,5304
23,5307
11,5307
8,5307
30,5307
2,5307
4,5308
12,5308
1,5308
26,5308
27,5308
18,5309
29,5309
30,5309
6,5309
27,5311
29,5311
11,5311
3,5311
15,5311
20,5311
7,5311
26,5312
23,5312
22,5312
29,5312
27,5312
8,5313
17,5313
26,5313
18,5313
10,5313
29,5313
20,5313
11,5313
21,5316
12,5316
3,5316
27,5316
1,5316
17,5316
21,5319
7,5319
1,5319
3,5319
2,5319
25,5319
23,5321
24,5321
3,5321
8,5321
1,5321
13,5321
22,5321
2,5322
10,5322
15,5322
8,5322
1,5323
8,5323
28,5323
7,5323
15,5323
21,5323
7,5324
13,5324
5,5324
30,5325
18,5325
28,5325
5,5328
3,5328
7,5328
30,5329
15,5329
3,5329
20,5329
17,5329
19,5329
24,5333
22,5333
30,5333
18,5333
3,5334
8,5334
27,5334
16,5334
21,5334
24,5334
30,5337
22,5337
20,5337
8,5337
9,5337
29,5337
21,5337
17,5337
19,5338
2,5338
9,5338
3,5339
26,5339
20,5339
21,5339
8,5339
23,5339
14,5339
5,5341
19,5341
6,5341
1,5341
8,5345
5,5345
29,5345
18,5345
24,5345
30,5345
10,5345
3,5346
10,5346
4,5346
21,5346
6,5346
24,5346
7,5346
18,5347
21,5347
2,5347
16,5347
4,5347
30,5347
17,5348
20,5348
6,5348
29,5348
8,5348
28,5349
22,5349
1,5349
5,5349
23,5353
19,5353
6,5353
30,5353
28,5356
19,5356
2,5356
13,5356
14,5356
7,5357
16,5357
14,5357
1,5357
13,5358
2,5358
29,5358
15,5358
7,5358
5,5358
24,5358
22,5358
9,5361
3,5361
11,5361
1,5361
30,5361
18,5361
5,5361
18,5363
3,5363
16,5363
5,5363
4,5363
26,5363
12,5364
3,5364
26,5364
27,5364
25,5364
29,5364
23,5365
25,5365
4,5365
11,5372
10,5372
16,5372
13,5372
3,5373
20,5373
28,5373
12,5375
29,5375
28,5375
25,5375
3,5375
18,5375
6,5377
18,5377
23,5377
21,5377
15,5377
17,5377
29,5377
7,5377
18,5378
12,5378
13,5378
1,5378
27,5379
12,5379
10,5379
9,5379
23,5379
21,5379
19,5380
6,5380
10,5380
22,5380
1,5382
8,5382
24,5382
30,5382
11,5384
3,5384
25,5384
13,5384
9,5384
10,5384
23,5384
9,5385
6,5385
12,5385
21,5387
14,5387
29,5387
13,5388
7,5388
11,5388
6,5388
24,5388
3,5388
1,5388
30,5389
3,5389
12,5389
11,5389
4,5389
16,5389
17,5389
3,5390
7,5390
28,5390
13,5390
7,5391
15,5391
11,5391
24,5391
9,5391
20,5391
24,5397
10,5397
19,5397
13,5397
14,5397
21,5397
23,5397
5,5398
15,5398
29,5398
11,5398
18,5398
20,5398
22,5398
17,5398
25,5400
3,5400
18,5400
16,5400
7,5400
1,5400
29,5400
16,5401
17,5401
27,5401
4,5401
22,5401
21,5401
8,5401
2,5401
24,5404
23,5404
9,5404
17,5404
12,5404
11,5404
27,5404
16,5409
23,5409
27,5409
4,5409
6,5409
24,5409
19,5409
7,5409
28,5410
4,5410
5,5410
3,5410
8,5410
2,5410
24,5410
20,5414
18,5414
10,5414
6,5414
24,5414
19,5414
17,5414
8,5415
15,5415
19,5415
23,5415
25,5415
27,5416
16,5416
11,5416
1,5416
24,5416
7,5416
10,5417
1,5417
9,5417
14,5417
29,5417
1,5418
28,5418
16,5418
6,5418
27,5418
9,5418
10,5418
9,5419
5,5419
14,5419
11,5419
24,5419
1,5420
17,5420
19,5420
8,5420
2,5420
27,5420
22,5421
8,5421
21,5421
13,5421
25,5421
24,5422
19,5422
28,5422
5,5422
1,5423
16,5423
11,5423
30,5423
24,5424
20,5424
18,5424
29,5424
10,5425
2,5425
6,5425
3,5425
4,5425
21,5425
18,5427
30,5427
2,5427
19,5427
17,5427
2,5428
24,5428
13,5428
20,5428
9,5433
26,5433
5,5433
8,5433
21,5433
28,5433
13,5433
16,5434
10,5434
19,5434
13,5434
3,5434
11,5435
8,5435
24,5435
21,5435
23,5435
9,5437
25,5437
6,5437
3,5437
19,5437
29,5437
2,5437
16,5437
28,5438
30,5438
29,5438
27,5440
30,5440
13,5440
4,5440
5,5440
1,5442
18,5442
6,5442
16,5442
28,5442
24,5442
28,5443
19,5443
27,5443
16,5443
10,5443
4,5444
15,5444
23,5444
1,5445
19,5445
6,5445
25,5445
27,5445
17,5445
23,5445
7,5445
8,5446
21,5446
4,5446
24,5446
6,5447
12,5447
16,5447
1,5447
24,5447
18,5447
11,5447
1,5448
7,5448
13,5448
24,5448
3,5448
27,5449
5,5449
26,5449
2,5449
22,5449
20,5449
7,5450
11,5450
27,5450
29,5451
1,5451
9,5451
12,5451
16,5451
17,5451
5,5451
30,5451
24,5452
19,5452
22,5452
14,5452
7,5452
30,5452
3,5452
4,5454
30,5454
13,5454
24,5454
1,5455
28,5455
2,5455
11,5455
16,5455
15,5455
10,5455
6,5456
7,5456
14,5456
25,5456
18,5456
27,5456
19,5458
28,5458
1,5458
3,5458
16,5459
5,5459
10,5459
4,5459
29,5459
12,5459
18,5460
27,5460
11,5460
1,5461
28,5461
23,5461
5,5462
2,5462
27,5462
24,5462
12,5462
28,5462
15,5462
23,5462
3,5463
17,5463
19,5463
1,5463
28,5463
21,5464
20,5464
26,5464
5,5464
16,5464
4,5464
1,5465
12,5465
13,5465
16,5465
14,5465
24,5465
7,5466
9,5466
23,5466
29,5466
19,5466
4,5466
26,5466
13,5466
2,5468
22,5468
27,5468
16,5468
24,5468
6,5468
18,5468
17,5468
18,5470
4,5470
28,5470
16,5470
8,5470
14,5470
7,5470
17,5470
25,5471
1,5471
9,5471
24,5471
28,5471
22,5471
15,5471
3,5471
27,5472
14,5472
10,5472
20,5472
23,5472
28,5475
17,5475
25,5475
14,5475
14,5476
16,5476
1,5476
24,5476
26,5477
27,5477
12,5477
1,5477
16,5477
7,5477
2,5478
10,5478
26,5478
17,5478
28,5478
6,5478
11,5478
1,5479
18,5479
8,5479
21,5479
7,5479
29,5479
20,5480
27,5480
18,5480
10,5481
15,5481
26,5481
17,5481
18,5483
25,5483
13,5483
1,5485
9,5485
3,5485
7,5485
27,5486
12,5486
25,5486
20,5486
23,5489
28,5489
14,5489
25,5489
26,5489
26,5490
8,5490
9,5490
2,5490
7,5490
20,5490
4,5490
19,5493
22,5493
29,5493
26,5493
1,5493
14,5497
4,5497
26,5497
17,5497
21,5497
13,5497
22,5497
27,5497
16,5498
14,5498
27,5498
9,5498
23,5498
8,5498
11,5499
23,5499
12,5499
22,5499
4,5499
24,5499
8,5500
13,5500
6,5500
3,5500
6,5501
4,5501
8,5501
2,5501
30,5501
11,5501
9,5501
16,5502
28,5502
26,5502
3,5502
9,5502
17,5503
18,5503
26,5503
13,5503
19,5503
20,5503
28,5503
23,5503
14,5504
29,5504
9,5504
11,5505
17,5505
7,5505
15,5505
8,5505
21,5506
12,5506
5,5506
28,5506
29,5506
27,5506
26,5506
3,5506
14,5507
12,5507
16,5507
21,5507
9,5507
23,5507
25,5507
7,5508
4,5508
27,5508
11,5508
9,5508
28,5512
9,5512
13,5512
30,5512
27,5512
26,5512
25,5513
30,5513
15,5513
17,5513
5,5513
2,5513
24,5515
19,5515
21,5515
28,5515
20,5515
8,5515
14,5515
9,5515
10,5521
17,5521
22,5521
4,5521
9,5521
20,5521
5,5521
27,5521
14,5522
13,5522
16,5522
18,5522
25,5522
3,5522
4,5522
24,5522
3,5523
14,5523
4,5523
11,5523
26,5523
23,5523
6,5524
1,5524
27,5524
16,5524
17,5524
1,5525
7,5525
17,5525
28,5525
4,5525
23,5525
16,5525
20,5527
23,5527
19,5527
8,5527
7,5528
16,5528
29,5528
28,5528
6,5528
14,5529
7,5529
2,5529
12,5529
13,5529
8,5529
5,5529
26,5529
24,5530
27,5530
12,5530
2,5530
13,5530
3,5530
28,5530
27,5531
23,5531
4,5531
11,5532
7,5532
10,5532
29,5532
27,5532
6,5537
9,5537
30,5537
19,5537
1,5538
22,5538
28,5538
16,5538
6,5538
3,5538
29,5539
15,5539
3,5539
4,5539
8,5539
9,5539
15,5540
27,5540
20,5540
26,5540
28,5540
5,5540
14,5540
26,5541
16,5541
13,5541
24,5541
22,5543
20,5543
4,5543
8,5543
7,5543
1,5544
30,5544
27,5544
4,5544
19,5544
26,5544
22,5544
6,5544
22,5548
4,5548
16,5548
5,5548
8,5548
18,5548
28,5548
7,5550
4,5550
10,5550
5,5550
3,5550
18,5550
26,5553
28,5553
5,5553
18,5553
1,5556
26,5556
4,5556
6,5556
13,5560
25,5560
4,5560
27,5560
22,5560
12,5560
26,5560
30,5560
19,5562
8,5562
15,5562
19,5563
14,5563
28,5563
11,5564
18,5564
12,5564
3,5568
9,5568
16,5568
19,5568
27,5568
11,5568
23,5568
13,5569
30,5569
15,5569
21,5569
2,5569
16,5569
1,5569
9,5570
21,5570
7,5570
6,5570
26,5570
8,5570
18,5570
2,5572
15,5572
4,5572
5,5572
30,5572
9,5572
25,5572
6,5573
8,5573
1,5573
30,5574
16,5574
24,5574
13,5574
26,5575
13,5575
24,5575
25,5575
17,5575
6,5575
14,5575
23,5575
12,5577
27,5577
4,5577
9,5577
28,5577
6,5577
14,5577
13,5580
18,5580
16,5580
14,5580
4,5580
5,5580
5,5581
17,5581
7,5581
16,5582
20,5582
30,5582
10,5582
26,5582
24,5584
3,5584
10,5584
28,5584
12,5584
20,5585
18,5585
3,5585
17,5588
24,5588
20,5588
9,5589
11,5589
13,5589
7,5589
8,5590
5,5590
15,5590
3,5590
29,5590
18,5590
30,5590
26,5591
10,5591
12,5591
24,5591
30,5591
22,5591
12,5596
6,5596
5,5596
4,5596
2,5596
20,5597
27,5597
2,5597
9,5597
17,5597
26,5597
10,5597
30,5601
8,5601
18,5601
14,5601
29,5602
18,5602
7,5602
30,5602
1,5602
21,5602
14,5602
24,5603
28,5603
11,5603
10,5603
17,5603
1,5603
13,5603
13,5604
1,5604
28,5604
14,5604
25,5604
12,5604
30,5604
17,5604
13,5607
23,5607
20,5607
1,5607
15,5607
12,5608
24,5608
30,5608
5,5608
27,5608
8,5609
27,5609
3,5609
17,5609
28,5609
21,5609
19,5609
1,5609
16,5610
17,5610
3,5610
12,5610
18,5611
25,5611
15,5611
12,5611
24,5612
1,5612
11,5612
22,5612
25,5612
6,5612
13,5613
8,5613
30,5613
12,5613
27,5613
1,5614
5,5614
21,5614
15,5614
3,5614
12,5615
1,5615
20,5615
29,5615
8,5615
6,5615
22,5615
3,5617
15,5617
12,5617
20,5617
1,5617
9,5617
13,5617
18,5618
13,5618
10,5618
27,5618
27,5619
3,5619
26,5619
13,5619
17,5619
24,5619
4,5619
28,5619
14,5620
20,5620
24,5620
6,5620
11,5620
23,5620
29,5620
1,5621
25,5621
2,5621
4,5621
14,5621
12,5621
1,5625
16,5625
20,5625
19,5625
23,5625
22,5625
27,5628
8,5628
12,5628
1,5628
2,5628
7,5628
6,5628
24,5628
16,5629
24,5629
6,5629
4,5629
12,5629
21,5629
29,5629
1,5630
8,5630
14,5630
26,5630
10,5630
13,5630
4,5630
24,5630
1,5632
25,5632
15,5632
24,5633
27,5633
19,5633
21,5635
30,5635
6,5635
14,5635
12,5635
5,5635
6,5636
25,5636
11,5636
21,5636
23,5637
8,5637
13,5637
15,5637
25,5637
10,5637
5,5637
30,5637
9,5638
25,5638
12,5638
2,5640
15,5640
23,5640
5,5640
28,5643
12,5643
17,5643
2,5643
23,5643
24,5644
30,5644
2,5644
17,5646
1,5646
16,5646
29,5646
11,5646
3,5646
22,5649
4,5649
14,5649
16,5649
26,5649
30,5649
9,5649
8,5650
19,5650
4,5650
7,5650
7,5651
3,5651
26,5651
4,5651
24,5651
9,5651
27,5651
1,5657
28,5657
20,5657
29,5657
10,5657
15,5657
27,5657
13,5663
2,5663
26,5663
28,5663
20,5663
9,5663
14,5663
12,5663
30,5664
20,5664
15,5664
19,5664
29,5664
22,5664
1,5665
8,5665
4,5665
9,5665
14,5665
27,5665
16,5665
18,5666
15,5666
16,5666
17,5666
6,5667
1,5667
22,5667
7,5668
1,5668
15,5668
21,5668
26,5669
17,5669
1,5669
16,5669
13,5669
6,5669
24,5669
17,5670
10,5670
30,5670
27,5670
29,5670
18,5670
6,5670
14,5672
27,5672
25,5672
10,5672
19,5672
2,5672
7,5672
11,5672
15,5673
6,5673
20,5673
2,5673
22,5673
17,5675
25,5675
14,5675
1,5678
27,5678
16,5678
19,5678
15,5678
29,5679
24,5679
19,5679
18,5679
30,5679
25,5679
28,5680
20,5680
9,5680
15,5680
8,5680
24,5680
29,5682
21,5682
19,5682
25,5682
30,5682
15,5682
20,5682
10,5682
4,5684
29,5684
18,5684
5,5685
2,5685
9,5685
12,5685
4,5685
1,5688
20,5688
19,5688
14,5688
7,5688
22,5688
23,5688
9,5688
1,5689
18,5689
23,5689
29,5690
4,5690
5,5690
1,5690
22,5690
16,5693
29,5693
14,5693
21,5693
11,5694
30,5694
21,5694
4,5696
5,5696
27,5696
22,5696
20,5699
16,5699
13,5699
11,5699
19,5699
12,5699
2,5700
25,5700
21,5700
15,5700
29,5700
1,5704
24,5704
6,5704
28,5704
8,5704
8,5706
29,5706
10,5706
9,5706
3,5706
28,5706
17,5706
15,5706
28,5707
12,5707
11,5707
17,5707
27,5707
27,5710
23,5710
24,5710
1,5712
6,5712
26,5712
3,5712
4,5712
7,5712
11,5712
2,5712
19,5720
24,5720
22,5720
20,5720
17,5720
4,5720
23,5721
4,5721
17,5721
5,5721
8,5721
11,5721
1,5721
25,5723
15,5723
21,5723
18,5733
14,5733
1,5733
23,5733
21,5735
16,5735
12,5735
4,5735
2,5735
8,5736
17,5736
19,5736
11,5741
25,5741
13,5741
21,5742
26,5742
27,5742
14,5742
2,5742
5,5742
28,5742
16,5742
9,5745
24,5745
28,5745
14,5746
13,5746
5,5746
6,5746
19,5746
16,5746
22,5746
8,5746
5,5747
28,5747
19,5747
21,5749
25,5749
29,5749
4,5752
16,5752
10,5752
17,5752
8,5752
12,5752
29,5755
16,5755
6,5755
20,5755
27,5755
11,5755
8,5755
23,5764
16,5764
11,5764
1,5764
28,5764
13,5764
6,5767
14,5767
8,5767
11,5767
13,5767
21,5767
26,5768
20,5768
14,5768
11,5768
6,5768
18,5768
17,5771
6,5771
7,5771
30,5771
1,5771
19,5771
11,5771
2,5772
13,5772
8,5772
1,5772
14,5772
25,5773
19,5773
7,5773
11,5773
9,5773
4,5773
28,5779
13,5779
9,5779
27,5779
10,5779
5,5779
7,5779
24,5780
8,5780
29,5780
3,5780
13,5782
5,5782
4,5782
23,5784
21,5784
5,5784
20,5784
28,5784
28,5785
7,5785
1,5785
23,5785
15,5786
12,5786
20,5786
18,5786
28,5786
1,5787
17,5787
9,5787
11,5787
23,5787
8,5787
28,5787
1,5788
2,5788
23,5788
28,5788
27,5788
26,5788
15,5791
21,5791
19,5791
28,5791
26,5791
4,5792
22,5792
9,5792
16,5796
11,5796
30,5796
26,5796
15,5796
14,5796
21,5796
4,5796
16,5797
15,5797
13,5797
25,5797
7,5797
2,5797
4,5797
18,5797
6,5799
24,5799
7,5799
2,5799
18,5799
4,5799
10,5799
5,5799
13,5801
22,5801
19,5801
3,5801
15,5802
25,5802
18,5802
12,5802
17,5802
11,5802
25,5803
11,5803
2,5803
4,5803
24,5804
10,5804
11,5804
13,5804
5,5804
1,5809
27,5809
9,5809
23,5809
7,5809
29,5809
4,5809
10,5810
30,5810
14,5810
18,5810
1,5810
4,5810
1,5812
21,5812
2,5812
17,5816
6,5816
12,5816
28,5816
4,5816
12,5817
15,5817
26,5817
10,5817
14,5817
19,5817
1,5818
16,5818
6,5818
11,5818
15,5818
27,5818
3,5820
15,5820
5,5820
11,5820
17,5820
16,5820
27,5820
7,5820
16,5826
1,5826
28,5826
10,5826
14,5826
2,5826
4,5826
3,5828
13,5828
12,5828
21,5828
28,5828
30,5828
7,5828
19,5828
27,5829
23,5829
25,5829
21,5829
2,5829
1,5833
20,5833
28,5833
12,5833
28,5836
7,5836
19,5836
5,5836
22,5836
8,5836
3,5836
6,5836
24,5838
18,5838
29,5838
1,5838
2,5838
20,5838
8,5838
25,5839
23,5839
3,5839
1,5839
8,5839
13,5839
16,5839
5,5840
10,5840
29,5840
19,5840
25,5840
1,5840
29,5841
13,5841
15,5841
1,5843
9,5843
20,5843
18,5843
25,5843
22,5843
3,5843
6,5843
29,5847
4,5847
3,5847
19,5847
22,5847
28,5847
6,5847
11,5847
1,5849
8,5849
4,5849
13,5849
3,5849
11,5849
14,5853
25,5853
19,5853
2,5853
21,5853
15,5853
28,5853
2,5856
7,5856
4,5856
3,5856
25,5856
29,5856
18,5856
25,5863
24,5863
16,5863
15,5863
7,5863
18,5863
29,5863
12,5867
28,5867
14,5867
10,5867
1,5872
28,5872
24,5872
4,5872
16,5872
2,5873
3,5873
23,5873
10,5874
1,5874
26,5874
16,5875
7,5875
30,5875
4,5875
19,5875
20,5875
15,5875
1,5876
4,5876
20,5876
3,5876
11,5878
5,5878
29,5878
20,5878
28,5878
9,5878
10,5879
19,5879
15,5879
8,5879
17,5879
7,5879
21,5879
23,5879
21,5880
28,5880
7,5880
30,5880
29,5881
17,5881
8,5881
28,5881
14,5881
13,5881
1,5881
3,5882
27,5882
26,5882
1,5882
9,5882
12,5882
10,5882
26,5883
24,5883
28,5883
23,5883
7,5883
21,5884
12,5884
11,5884
3,5884
14,5884
27,5884
5,5888
12,5888
6,5888
17,5888
29,5888
15,5888
1,5889
8,5889
3,5889
28,5889
24,5890
17,5890
15,5890
7,5890
4,5890
29,5890
10,5890
1,5891
28,5891
23,5891
17,5891
30,5891
15,5891
12,5891
19,5891
10,5893
19,5893
24,5893
26,5896
27,5896
5,5896
25,5896
1,5896
24,5896
21,5899
5,5899
9,5899
24,5899
26,5899
6,5899
26,5900
30,5900
18,5900
23,5900
24,5900
22,5900
1,5901
5,5901
9,5901
26,5901
10,5902
12,5902
13,5902
25,5902
24,5902
4,5902
1,5902
1,5903
20,5903
10,5903
28,5903
2,5903
14,5903
8,5903
17,5903
5,5909
25,5909
29,5909
27,5909
26,5909
10,5909
28,5912
5,5912
26,5912
13,5912
15,5912
3,5912
9,5912
18,5912
19,5915
25,5915
24,5915
27,5919
2,5919
15,5919
26,5922
12,5922
10,5922
23,5922
25,5922
7,5925
20,5925
13,5925
19,5925
24,5925
22,5925
23,5925
3,5925
14,5927
13,5927
23,5927
2,5927
7,5927
4,5929
10,5929
28,5929
16,5929
24,5929
14,5929
21,5932
7,5932
4,5932
16,5932
12,5932
10,5932
9,5932
29,5938
12,5938
6,5938
20,5938
26,5938
19,5938
19,5941
28,5941
18,5941
30,5941
27,5941
17,5941
4,5941
7,5942
6,5942
5,5942
2,5942
9,5942
30,5942
18,5942
7,5943
28,5943
1,5943
9,5943
15,5944
4,5944
19,5944
18,5944
11,5944
2,5944
7,5944
25,5944
6,5945
1,5945
17,5945
7,5945
29,5945
3,5945
1,5947
30,5947
29,5947
11,5947
15,5949
22,5949
5,5949
17,5949
11,5949
7,5949
11,5951
30,5951
8,5951
10,5951
1,5951
5,5951
28,5951
8,5952
3,5952
20,5952
9,5952
6,5952
11,5952
10,5952
1,5953
4,5953
6,5953
1,5954
7,5954
6,5954
6,5955
21,5955
22,5955
1,5956
6,5956
9,5956
29,5956
11,5956
20,5957
25,5957
1,5957
9,5957
6,5957
5,5957
24,5957
15,5959
11,5959
8,5959
28,5959
1,5961
10,5961
5,5961
4,5961
2,5961
15,5962
18,5962
28,5962
25,5962
4,5962
17,5962
5,5962
19,5963
23,5963
29,5963
2,5963
18,5965
23,5965
28,5965
9,5965
12,5965
3,5965
1,5968
18,5968
4,5968
17,5968
3,5968
30,5968
5,5969
2,5969
25,5969
29,5969
1,5969
11,5969
12,5969
23,5969
10,5970
25,5970
19,5970
7,5970
3,5970
15,5970
27,5970
29,5970
1,5971
19,5971
14,5971
10,5971
10,5974
12,5974
21,5974
2,5974
8,5975
28,5975
15,5975
30,5975
22,5979
30,5979
12,5979
21,5980
20,5980
5,5980
8,5980
18,5980
7,5984
13,5984
26,5984
9,5984
14,5986
7,5986
19,5986
17,5986
27,5986
30,5986
24,5986
7,5988
25,5988
1,5988
23,5988
21,5988
14,5988
1,5989
20,5989
15,5989
3,5989
2,5990
26,5990
23,5990
7,5991
18,5991
4,5991
2,5991
8,5992
1,5992
30,5992
9,5992
10,5992
3,5992
19,5992
28,5993
5,5993
29,5993
14,5993
23,5993
15,5994
1,5994
13,5994
1,5995
19,5995
22,5995
9,5999
29,5999
10,5999
26,5999
7,5999
14,5999
6,5999
8,5999
14,6001
7,6001
4,6001
29,6001
28,6001
21,6001
30,6001
22,6001
24,6002
29,6002
10,6002
6,6002
1,6002
23,6002
30,6003
10,6003
21,6003
10,6005
18,6005
23,6005
6,6005
26,6005
16,6005
27,6005
4,6005
5,6006
15,6006
8,6006
23,6006
27,6006
24,6009
12,6009
15,6009
29,6009
13,6009
2,6012
3,6012
19,6012
15,6012
28,6012
23,6012
1,6013
10,6013
21,6013
19,6013
3,6013
30,6013
30,6014
6,6014
19,6014
28,6014
26,6014
4,6014
21,6014
8,6016
5,6016
20,6016
24,6016
23,6016
10,6016
21,6020
30,6020
19,6020
29,6021
11,6021
10,6021
12,6021
13,6021
1,6021
20,6022
23,6022
15,6022
24,6022
21,6022
30,6022
19,6022
30,6023
14,6023
9,6023
6,6023
28,6023
11,6023
15,6025
3,6025
6,6025
2,6025
12,6025
5,6025
28,6025
14,6025
24,6027
23,6027
3,6027
1,6027
8,6030
25,6030
2,6030
16,6030
3,6030
18,6030
30,6030
7,6030
6,6031
26,6031
12,6031
1,6031
17,6031
29,6031
5,6031
13,6031
15,6033
18,6033
12,6033
21,6033
9,6033
4,6033
1,6033
16,6033
26,6035
28,6035
24,6035
27,6035
9,6036
23,6036
21,6036
16,6036
26,6036
20,6039
15,6039
3,6039
3,6040
28,6040
24,6040
7,6040
8,6040
23,6041
15,6041
8,6041
30,6042
25,6042
4,6042
20,6042
10,6042
26,6044
23,6044
7,6044
10,6044
20,6044
4,6044
1,6049
21,6049
14,6049
4,6049
19,6049
26,6049
19,6051
27,6051
26,6051
4,6051
25,6051
3,6051
23,6051
16,6055
10,6055
8,6055
1,6057
21,6057
20,6057
17,6057
7,6057
12,6057
2,6057
25,6057
1,6058
18,6058
12,6058
24,6058
16,6058
23,6058
8,6058
2,6058
5,6059
13,6059
14,6059
18,6059
24,6059
27,6059
30,6059
17,6060
25,6060
2,6060
20,6060
13,6060
14,6060
8,6060
3,6060
4,6062
2,6062
9,6062
1,6063
22,6063
27,6063
9,6063
26,6063
9,6064
5,6064
17,6064
11,6064
18,6064
21,6067
27,6067
2,6067
14,6067
23,6067
12,6067
24,6070
8,6070
6,6070
12,6070
3,6070
21,6070
18,6070
28,6078
23,6078
2,6078
9,6078
26,6078
20,6078
30,6078
6,6086
12,6086
15,6086
10,6086
8,6086
29,6086
26,6086
9,6090
8,6090
18,6090
5,6090
27,6090
16,6090
23,6093
29,6093
14,6093
5,6093
26,6095
7,6095
21,6095
7,6100
20,6100
18,6100
22,6100
16,6100
17,6100
28,6101
10,6101
20,6101
3,6101
13,6101
21,6101
10,6104
7,6104
9,6104
30,6104
29,6104
15,6104
8,6104
18,6104
7,6107
11,6107
13,6107
21,6107
16,6107
21,6111
3,6111
11,6111
27,6116
23,6116
15,6116
11,6116
17,6116
9,6116
7,6116
20,6119
2,6119
30,6119
14,6119
5,6119
19,6119
12,6119
12,6122
9,6122
16,6122
5,6122
10,6122
10,6123
24,6123
6,6123
20,6123
12,6123
4,6123
5,6123
17,6124
28,6124
30,6124
5,6125
27,6125
18,6125
30,6125
11,6125
29,6140
1,6140
30,6140
19,6141
28,6141
16,6141
12,6141
26,6141
9,6141
11,6143
14,6143
4,6143
6,6143
15,6143
29,6143
30,6143
21,6143
9,6145
26,6145
16,6145
28,6145
29,6145
19,6145
3,6145
6,6148
3,6148
30,6148
24,6148
8,6148
20,6148
26,6148
7,6148
6,6153
17,6153
5,6153
10,6153
11,6153
24,6155
26,6155
9,6155
27,6155
29,6155
10,6155
17,6155
19,6156
30,6156
1,6156
3,6156
18,6156
2,6156
27,6157
23,6157
18,6157
23,6158
9,6158
27,6158
16,6158
15,6158
7,6158
20,6158
6,6158
20,6159
19,6159
22,6159
29,6162
19,6162
22,6162
2,6162
5,6162
6,6162
1,6163
21,6163
29,6163
23,6163
16,6163
11,6163
8,6163
22,6166
7,6166
3,6166
24,6166
14,6166
8,6169
21,6169
2,6169
11,6170
24,6170
28,6170
7,6170
26,6170
4,6170
2,6178
4,6178
18,6178
21,6178
12,6178
27,6178
20,6178
27,6181
19,6181
22,6181
30,6181
5,6181
11,6181
28,6181
12,6182
30,6182
28,6182
24,6183
8,6183
28,6183
4,6183
21,6183
23,6183
11,6183
29,6183
8,6184
21,6184
22,6184
26,6184
27,6184
7,6184
16,6184
10,6185
17,6185
13,6185
30,6185
3,6185
8,6185
12,6185
28,6185
4,6186
1,6186
19,6186
11,6186
27,6186
14,6187
26,6187
4,6187
18,6187
1,6187
27,6188
4,6188
10,6188
15,6188
29,6188
23,6192
12,6192
25,6192
11,6192
28,6192
13,6192
1,6193
27,6193
25,6193
19,6195
9,6195
12,6195
28,6195
26,6195
24,6195
8,6195
29,6196
25,6196
1,6196
3,6196
11,6196
23,6197
12,6197
1,6197
13,6197
12,6201
1,6201
28,6201
22,6201
11,6201
30,6201
27,6201
16,6201
1,6202
3,6202
24,6202
14,6202
2,6202
21,6202
27,6202
7,6202
7,6203
6,6203
11,6203
4,6203
15,6204
20,6204
29,6204
3,6204
25,6204
17,6210
15,6210
25,6210
8,6210
23,6210
3,6210
9,6212
3,6212
19,6212
28,6212
12,6212
15,6212
20,6212
28,6213
9,6213
8,6213
4,6213
2,6214
19,6214
4,6214
1,6215
25,6215
21,6215
2,6215
11,6215
28,6215
1,6216
2,6216
6,6216
19,6216
19,6217
15,6217
6,6217
7,6217
27,6217
20,6217
10,6217
26,6217
4,6218
28,6218
6,6218
1,6218
14,6218
16,6218
10,6219
17,6219
26,6219
28,6220
20,6220
29,6220
5,6222
14,6222
27,6222
8,6222
21,6222
25,6222
7,6222
11,6223
23,6223
26,6223
14,6223
18,6225
25,6225
21,6225
24,6228
20,6228
8,6228
27,6228
6,6228
25,6228
7,6228
10,6228
19,6232
6,6232
5,6232
11,6232
9,6232
7,6232
16,6232
28,6232
3,6234
30,6234
5,6234
23,6234
11,6234
21,6234
26,6235
19,6235
15,6235
29,6235
29,6237
16,6237
3,6237
19,6237
8,6237
29,6238
14,6238
28,6238
30,6238
5,6238
26,6238
13,6238
19,6239
18,6239
1,6239
15,6239
12,6239
5,6241
24,6241
12,6241
13,6241
28,6241
1,6242
16,6242
12,6242
3,6242
17,6244
28,6244
26,6244
27,6244
14,6244
29,6245
11,6245
22,6245
1,6246
29,6246
4,6246
9,6246
7,6246
17,6246
18,6246
12,6246
2,6249
15,6249
6,6249
24,6249
23,6250
10,6250
7,6250
28,6251
11,6251
23,6251
3,6251
13,6251
17,6251
14,6251
21,6252
29,6252
6,6252
16,6252
26,6252
18,6252
28,6252
10,6254
8,6254
11,6254
12,6254
21,6254
17,6254
19,6254
5,6254
17,6263
27,6263
5,6263
21,6263
9,6263
26,6263
7,6263
28,6264
4,6264
25,6264
17,6264
26,6264
21,6265
30,6265
10,6265
14,6265
20,6265
15,6265
2,6266
1,6266
19,6266
25,6266
23,6266
1,6267
23,6267
13,6267
27,6267
8,6267
17,6267
20,6267
11,6268
6,6268
27,6268
5,6269
28,6269
15,6269
12,6269
30,6269
10,6269
24,6269
17,6269
1,6270
26,6270
23,6270
23,6271
24,6271
21,6271
4,6271
16,6271
18,6271
12,6271
26,6271
3,6273
26,6273
29,6273
7,6273
20,6273
1,6279
24,6279
20,6279
4,6280
27,6280
30,6280
28,6280
12,6280
1,6281
19,6281
3,6281
29,6281
7,6281
24,6283
11,6283
29,6283
17,6283
8,6283
4,6283
1,6285
4,6285
20,6285
28,6285
29,6285
10,6285
23,6285
10,6286
1,6286
19,6286
3,6287
16,6287
13,6287
17,6287
12,6287
19,6287
8,6288
19,6288
7,6288
9,6288
1,6288
5,6288
10,6288
17,6288
15,6289
19,6289
25,6289
29,6289
26,6290
17,6290
18,6290
24,6290
20,6291
3,6291
1,6291
21,6291
24,6291
29,6294
1,6294
24,6294
9,6294
2,6294
6,6294
10,6294
9,6295
5,6295
30,6295
25,6295
28,6295
22,6296
9,6296
1,6296
14,6296
19,6296
30,6296
18,6296
20,6296
17,6297
16,6297
22,6297
15,6297
30,6297
1,6297
19,6298
10,6298
20,6298
27,6299
12,6299
6,6299
19,6299
30,6299
26,6299
13,6299
4,6299
18,6300
17,6300
22,6300
6,6300
2,6300
8,6301
22,6301
7,6301
11,6301
24,6301
18,6302
6,6302
8,6302
2,6303
27,6303
15,6303
25,6303
29,6303
7,6305
28,6305
5,6305
4,6305
24,6306
22,6306
1,6306
23,6306
3,6306
28,6306
27,6306
1,6308
29,6308
5,6308
27,6308
11,6308
7,6308
14,6310
4,6310
11,6310
18,6310
23,6310
26,6310
7,6313
4,6313
10,6313
24,6314
29,6314
8,6314
15,6315
6,6315
8,6315
30,6315
26,6315
18,6315
27,6315
4,6316
25,6316
28,6316
10,6316
7,6316
9,6316
19,6319
16,6319
12,6319
13,6319
10,6319
25,6319
14,6319
21,6320
4,6320
2,6320
19,6320
29,6320
15,6320
22,6320
10,6320
15,6322
12,6322
19,6322
7,6323
24,6323
5,6323
23,6323
3,6323
29,6323
14,6323
15,6324
30,6324
19,6324
1,6324
13,6324
8,6324
3,6324
25,6324
4,6327
2,6327
5,6327
23,6327
24,6327
6,6327
13,6327
9,6327
1,6329
4,6329
24,6329
9,6329
11,6329
29,6330
16,6330
5,6330
25,6330
19,6330
20,6330
11,6330
14,6330
23,6331
8,6331
2,6331
29,6331
24,6331
30,6331
19,6331
9,6331
9,6332
28,6332
5,6332
14,6332
1,6333
4,6333
14,6333
19,6333
5,6333
21,6333
12,6333
30,6333
2,6334
22,6334
23,6334
20,6334
29,6334
15,6334
12,6334
13,6334
7,6335
24,6335
23,6335
13,6335
1,6335
4,6335
2,6335
14,6335
9,6336
15,6336
20,6336
18,6336
11,6336
2,6336
23,6336
16,6337
18,6337
26,6337
6,6337
10,6337
6,6338
30,6338
27,6338
26,6339
13,6339
4,6339
12,6339
22,6339
11,6339
24,6339
14,6341
27,6341
29,6341
23,6341
26,6341
1,6341
1,6342
20,6342
13,6342
11,6342
26,6342
23,6344
13,6344
11,6344
20,6345
27,6345
6,6345
19,6345
11,6345
25,6345
7,6345
5,6345
21,6347
10,6347
4,6347
17,6347
5,6347
8,6347
1,6347
8,6348
26,6348
13,6348
15,6348
7,6348
20,6348
12,6348
14,6349
17,6349
7,6349
19,6349
10,6350
4,6350
7,6350
22,6350
13,6350
20,6350
18,6357
5,6357
3,6357
20,6357
10,6357
9,6357
11,6357
29,6358
11,6358
23,6358
6,6358
16,6358
1,6365
3,6365
20,6365
10,6365
10,6367
19,6367
8,6367
12,6367
5,6368
30,6368
28,6368
16,6368
29,6368
30,6370
25,6370
27,6370
2,6370
13,6371
23,6371
1,6371
15,6371
16,6371
24,6373
3,6373
26,6373
23,6373
16,6373
9,6373
28,6374
5,6374
17,6374
16,6374
16,6375
7,6375
15,6375
5,6375
10,6375
4,6375
21,6376
14,6376
7,6376
12,6377
25,6377
18,6377
27,6377
3,6377
28,6377
23,6377
9,6377
1,6378
9,6378
19,6378
6,6378
21,6379
19,6379
5,6379
11,6379
12,6379
1,6379
28,6380
11,6380
1,6380
2,6382
3,6382
4,6382
30,6382
26,6382
13,6382
9,6382
1,6382
15,6383
12,6383
5,6383
30,6383
15,6385
11,6385
19,6385
5,6385
19,6386
29,6386
10,6386
20,6386
15,6386
8,6386
25,6386
9,6387
19,6387
30,6387
21,6387
24,6387
15,6387
14,6387
29,6387
8,6390
25,6390
2,6390
14,6390
19,6390
28,6390
22,6390
12,6395
24,6395
17,6395
7,6395
20,6395
26,6395
27,6395
25,6400
23,6400
8,6400
21,6402
27,6402
17,6402
16,6402
24,6402
9,6402
19,6402
7,6405
11,6405
20,6405
24,6405
15,6405
21,6405
6,6405
27,6405
22,6407
24,6407
18,6407
23,6407
14,6408
11,6408
22,6408
24,6408
30,6408
24,6410
4,6410
17,6410
26,6410
2,6410
12,6410
11,6410
27,6410
23,6412
18,6412
16,6412
22,6415
18,6415
1,6415
23,6415
21,6415
28,6417
5,6417
20,6417
1,6417
6,6422
7,6422
1,6422
10,6422
30,6422
2,6424
14,6424
29,6424
25,6424
19,6424
12,6424
30,6425
22,6425
1,6425
4,6425
7,6425
1,6427
2,6427
28,6427
17,6428
25,6428
18,6428
30,6428
26,6428
15,6428
28,6428
6,6429
10,6429
24,6429
3,6429
14,6433
13,6433
9,6433
16,6433
30,6434
27,6434
25,6434
20,6434
18,6436
22,6436
25,6436
10,6436
27,6436
30,6440
6,6440
2,6440
5,6442
16,6442
27,6442
28,6442
23,6442
11,6442
26,6442
8,6442
30,6448
8,6448
22,6448
23,6449
12,6449
5,6449
17,6449
21,6449
18,6449
4,6449
26,6449
13,6452
19,6452
17,6452
25,6452
14,6452
30,6452
13,6453
18,6453
14,6453
6,6453
20,6454
5,6454
19,6454
30,6454
2,6460
17,6460
9,6460
5,6460
29,6460
22,6460
11,6460
13,6460
3,6461
20,6461
30,6461
7,6461
17,6461
16,6461
5,6461
21,6464
29,6464
16,6464
3,6464
14,6464
30,6464
2,6464
15,6465
10,6465
5,6465
18,6465
20,6465
6,6465
30,6465
21,6466
7,6466
17,6466
23,6466
1,6466
20,6466
4,6476
30,6476
17,6476
13,6476
21,6477
7,6477
23,6477
2,6477
5,6480
11,6480
9,6480
20,6480
12,6480
24,6480
23,6480
16,6480
23,6482
21,6482
5,6482
13,6482
9,6482
10,6482
2,6483
20,6483
5,6483
8,6483
1,6483
30,6483
7,6483
22,6483
13,6484
14,6484
7,6484
5,6484
11,6484
29,6484
23,6484
19,6493
3,6493
12,6493
27,6493
28,6493
25,6493
6,6493
7,6493
23,6502
19,6502
2,6502
7,6502
25,6503
26,6503
7,6503
6,6503
15,6503
20,6503
25,6506
11,6506
5,6506
26,6509
19,6509
14,6509
28,6509
3,6509
13,6510
24,6510
19,6510
23,6510
18,6510
2,6510
5,6514
15,6514
7,6514
21,6514
18,6514
3,6514
28,6514
12,6514
27,6515
23,6515
17,6515
14,6515
22,6515
12,6516
7,6516
16,6516
1,6517
4,6517
17,6517
8,6523
3,6523
2,6523
24,6523
12,6523
22,6523
3,6527
11,6527
28,6527
26,6527
4,6528
27,6528
2,6528
8,6528
9,6528
12,6528
11,6530
1,6530
25,6530
3,6530
30,6530
3,6533
8,6533
1,6533
6,6534
14,6534
25,6534
23,6534
24,6534
5,6534
8,6534
7,6534
14,6535
21,6535
22,6535
1,6535
11,6535
15,6535
4,6535
4,6536
1,6536
19,6536
5,6536
9,6537
20,6537
24,6537
4,6537
12,6538
2,6538
23,6538
16,6538
1,6539
13,6539
12,6539
14,6539
21,6539
3,6539
20,6539
2,6539
18,6541
30,6541
19,6541
20,6541
28,6542
12,6542
1,6542
25,6542
16,6542
26,6542
1,6545
26,6545
25,6545
23,6545
19,6545
2,6545
22,6545
23,6547
19,6547
25,6547
22,6547
13,6547
4,6547
11,6547
6,6548
2,6548
11,6548
19,6548
11,6549
3,6549
26,6549
10,6549
23,6549
29,6549
30,6549
9,6550
11,6550
13,6550
20,6550
10,6550
4,6550
14,6550
27,6551
14,6551
2,6551
11,6551
26,6551
16,6551
28,6551
6,6551
12,6552
15,6552
22,6552
11,6552
13,6553
1,6553
22,6553
2,6553
27,6553
8,6553
28,6554
29,6554
6,6554
5,6554
13,6554
7,6557
1,6557
15,6557
17,6557
29,6557
16,6557
13,6557
1,6558
25,6558
14,6558
22,6558
11,6558
13,6558
30,6558
14,6559
24,6559
3,6559
29,6559
30,6559
8,6559
6,6559
26,6559
1,6560
6,6560
24,6560
28,6560
15,6560
7,6560
25,6560
19,6561
11,6561
3,6561
6,6561
21,6561
1,6563
7,6563
12,6563
29,6564
2,6564
8,6564
27,6564
18,6564
4,6564
20,6564
20,6565
24,6565
26,6565
8,6565
20,6566
3,6566
13,6566
14,6566
7,6566
24,6566
4,6566
19,6567
29,6567
26,6567
9,6568
8,6568
17,6568
29,6568
30,6568
28,6568
23,6568
15,6571
1,6571
16,6571
27,6571
7,6572
4,6572
2,6572
29,6572
7,6573
14,6573
6,6573
9,6573
22,6573
17,6573
15,6573
24,6573
11,6574
20,6574
29,6574
28,6574
19,6574
23,6574
3,6574
21,6574
1,6577
30,6577
17,6577
4,6577
14,6577
23,6577
19,6577
8,6577
20,6578
12,6578
21,6578
6,6578
4,6578
23,6578
15,6579
14,6579
30,6579
1,6579
24,6579
8,6579
9,6579
6,6579
18,6581
15,6581
8,6581
20,6581
29,6581
13,6581
3,6581
25,6581
10,6582
5,6582
3,6582
23,6582
17,6582
6,6582
28,6583
4,6583
6,6583
13,6583
15,6583
25,6584
14,6584
5,6584
3,6584
10,6584
1,6584
1,6586
12,6586
7,6586
28,6586
13,6587
7,6587
6,6587
11,6587
20,6587
4,6588
28,6588
6,6588
19,6588
20,6588
8,6588
1,6588
26,6588
2,6591
10,6591
11,6591
24,6591
28,6592
10,6592
3,6592
11,6592
14,6592
23,6592
1,6592
7,6593
11,6593
13,6593
26,6593
2,6593
16,6593
9,6593
1,6595
17,6595
22,6595
15,6595
25,6596
1,6596
8,6596
27,6596
28,6596
30,6596
17,6596
3,6596
15,6597
26,6597
9,6597
24,6597
8,6597
2,6597
16,6597
12,6597
29,6598
18,6598
28,6598
2,6598
10,6598
6,6598
17,6598
11,6598
1,6603
17,6603
20,6603
4,6603
6,6603
15,6603
22,6603
30,6604
6,6604
28,6604
9,6604
18,6604
23,6604
29,6604
3,6604
8,6609
12,6609
22,6609
7,6609
2,6609
28,6609
30,6609
21,6609
12,6611
27,6611
7,6611
27,6612
10,6612
14,6612
18,6612
17,6612
22,6614
14,6614
6,6614
8,6614
28,6614
12,6614
1,6614
29,6614
6,6615
18,6615
22,6615
20,6615
21,6615
24,6615
19,6615
1,6616
18,6616
26,6616
20,6616
12,6616
10,6616
28,6617
1,6617
20,6617
4,6617
11,6618
3,6618
15,6618
17,6618
23,6618
13,6619
27,6619
25,6619
1,6619
3,6619
3,6620
6,6620
13,6620
23,6620
7,6620
9,6620
27,6624
26,6624
8,6624
25,6624
1,6624
19,6625
25,6625
30,6625
22,6625
4,6625
7,6625
11,6628
15,6628
26,6628
14,6628
12,6628
22,6628
17,6628
20,6628
28,6629
15,6629
20,6629
12,6631
1,6631
4,6631
17,6636
26,6636
22,6636
2,6636
24,6636
5,6636
23,6636
3,6638
19,6638
7,6638
9,6638
18,6638
23,6638
6,6639
23,6639
3,6639
27,6639
9,6639
27,6643
5,6643
24,6643
4,6644
7,6644
19,6644
3,6644
30,6644
15,6644
10,6645
28,6645
5,6645
2,6645
3,6650
8,6650
30,6650
22,6650
28,6650
10,6654
19,6654
18,6654
12,6654
23,6656
8,6656
28,6656
17,6656
19,6656
2,6656
29,6656
23,6658
26,6658
7,6658
24,6658
22,6659
3,6659
12,6659
4,6659
22,6660
1,6660
26,6660
7,6660
20,6662
10,6662
13,6662
8,6662
14,6662
11,6662
7,6662
10,6663
14,6663
25,6663
15,6663
30,6664
22,6664
10,6664
17,6664
2,6665
11,6665
27,6665
9,6666
5,6666
11,6666
6,6666
27,6666
7,6666
13,6667
26,6667
27,6667
1,6667
17,6667
13,6668
17,6668
29,6668
23,6668
15,6668
12,6669
1,6669
14,6669
10,6669
21,6669
17,6669
21,6670
7,6670
19,6670
20,6670
29,6670
30,6670
6,6670
26,6670
25,6671
26,6671
8,6671
21,6671
30,6671
29,6671
5,6671
2,6671
9,6678
10,6678
14,6678
14,6679
28,6679
8,6679
29,6684
9,6684
28,6684
9,6686
8,6686
22,6686
2,6686
12,6686
10,6686
24,6686
14,6687
27,6687
1,6687
7,6687
29,6687
23,6687
30,6687
23,6688
19,6688
2,6688
27,6688
30,6688
24,6688
13,6688
5,6688
26,6689
6,6689
2,6689
11,6689
13,6689
20,6689
21,6689
12,6691
2,6691
1,6691
25,6692
5,6692
7,6692
1,6695
2,6695
8,6695
5,6696
28,6696
15,6696
20,6699
27,6699
12,6699
25,6699
11,6699
7,6699
29,6699
10,6699
5,6702
3,6702
17,6702
20,6702
7,6702
28,6702
22,6705
11,6705
29,6705
24,6705
15,6705
19,6705
6,6705
4,6705
28,6706
8,6706
24,6706
20,6706
15,6706
22,6706
16,6707
29,6707
1,6707
6,6707
20,6707
21,6707
11,6707
17,6708
6,6708
28,6708
27,6709
5,6709
3,6709
14,6709
19,6709
6,6710
8,6710
2,6710
4,6710
11,6710
19,6710
17,6710
18,6711
17,6711
10,6711
15,6711
12,6711
13,6711
1,6713
28,6713
25,6713
26,6713
4,6715
30,6715
26,6715
24,6715
16,6715
22,6715
23,6715
3,6718
1,6718
28,6718
12,6718
20,6720
29,6720
9,6720
2,6720
7,6720
1,6721
20,6721
18,6721
21,6721
9,6721
4,6722
12,6722
11,6722
13,6722
20,6722
18,6723
2,6723
12,6723
17,6723
11,6723
13,6723
1,6723
21,6724
30,6724
29,6724
16,6724
11,6724
28,6724
18,6724
22,6731
16,6731
5,6731
12,6732
18,6732
21,6732
22,6732
29,6732
26,6732
17,6732
5,6732
8,6734
17,6734
16,6734
20,6734
9,6734
1,6734
7,6734
18,6744
27,6744
21,6744
28,6744
9,6744
1,6744
29,6746
25,6746
5,6746
18,6746
12,6748
17,6748
1,6748
12,6750
9,6750
10,6750
5,6750
25,6750
20,6750
13,6750
1,6751
9,6751
20,6751
17,6751
7,6751
16,6751
13,6751
24,6751
20,6752
28,6752
5,6752
16,6752
13,6752
1,6753
4,6753
24,6753
12,6753
14,6753
11,6753
13,6753
8,6753
12,6754
29,6754
15,6754
24,6754
13,6755
1,6755
5,6755
18,6755
26,6760
29,6760
9,6760
20,6760
14,6763
23,6763
18,6763
9,6763
11,6763
22,6763
5,6763
7,6763
20,6764
12,6764
1,6764
13,6764
23,6764
29,6764
3,6764
15,6764
9,6765
30,6765
12,6765
2,6765
3,6765
11,6765
14,6765
7,6768
10,6768
9,6768
1,6768
21,6768
26,6768
25,6768
12,6768
16,6769
3,6769
25,6769
15,6769
17,6769
24,6769
27,6769
29,6769
20,6770
7,6770
18,6770
9,6770
10,6770
22,6770
4,6770
24,6770
14,6772
8,6772
13,6772
7,6772
22,6772
30,6772
27,6773
15,6773
26,6773
1,6773
28,6773
21,6773
26,6774
22,6774
24,6774
9,6774
30,6774
10,6774
27,6774
27,6775
19,6775
13,6775
15,6775
22,6776
26,6776
11,6776
15,6777
17,6777
3,6777
8,6777
20,6777
18,6777
24,6777
29,6777
13,6780
9,6780
4,6780
29,6780
19,6780
27,6782
22,6782
13,6782
26,6782
28,6783
19,6783
5,6783
4,6783
30,6783
15,6783
20,6783
17,6783
7,6785
15,6785
23,6785
5,6785
4,6785
30,6785
11,6785
11,6786
29,6786
17,6786
24,6786
14,6786
27,6786
5,6786
19,6786
20,6787
8,6787
16,6787
26,6787
4,6787
19,6787
22,6788
15,6788
19,6788
7,6789
12,6789
16,6789
21,6789
30,6789
13,6790
20,6790
1,6790
25,6790
21,6790
24,6791
15,6791
22,6791
30,6793
10,6793
26,6793
25,6793
10,6794
15,6794
27,6794
1,6796
10,6796
16,6796
25,6796
10,6797
24,6797
28,6797
2,6797
5,6797
29,6797
9,6798
20,6798
22,6798
28,6798
2,6798
17,6798
21,6798
25,6800
21,6800
22,6800
17,6800
18,6800
16,6800
7,6800
27,6803
2,6803
9,6803
29,6803
28,6803
10,6803
5,6803
15,6804
9,6804
4,6804
30,6804
17,6807
27,6807
22,6807
6,6807
8,6807
23,6808
29,6808
6,6808
17,6808
18,6808
10,6809
20,6809
7,6809
24,6809
26,6809
16,6809
5,6810
6,6810
23,6810
28,6810
14,6810
8,6811
28,6811
11,6811
5,6811
1,6811
14,6812
5,6812
12,6812
4,6812
25,6812
22,6812
24,6812
22,6814
24,6814
1,6814
11,6814
2,6816
28,6816
9,6816
26,6816
10,6816
6,6816
1,6816
4,6817
13,6817
8,6817
16,6817
11,6817
17,6817
30,6817
11,6818
16,6818
9,6818
20,6818
26,6818
22,6818
13,6818
29,6818
13,6820
15,6820
29,6820
2,6820
10,6821
28,6821
13,6821
3,6821
10,6827
30,6827
7,6827
19,6827
26,6827
27,6827
22,6827
20,6827
1,6832
3,6832
14,6832
28,6832
21,6832
26,6835
18,6835
8,6835
24,6835
3,6835
29,6835
23,6835
13,6836
22,6836
3,6836
27,6836
6,6836
3,6837
6,6837
18,6837
28,6837
1,6849
26,6849
17,6849
23,6849
18,6849
19,6849
20,6849
9,6850
11,6850
22,6850
1,6850
8,6850
17,6850
1,6851
6,6851
12,6851
28,6851
13,6851
9,6851
24,6851
15,6851
2,6852
10,6852
4,6852
18,6852
7,6853
12,6853
27,6853
28,6853
21,6853
5,6853
2,6853
16,6853
16,6856
25,6856
14,6856
19,6856
11,6856
23,6856
13,6856
21,6856
15,6857
18,6857
1,6857
22,6858
28,6858
30,6858
13,6858
21,6858
30,6860
7,6860
3,6860
6,6860
5,6860
23,6862
16,6862
8,6862
26,6862
14,6862
29,6862
3,6862
4,6863
10,6863
17,6863
2,6863
21,6863
27,6863
12,6867
11,6867
24,6867
16,6868
26,6868
20,6868
10,6869
7,6869
1,6869
14,6869
8,6869
21,6869
30,6869
28,6869
25,6870
8,6870
27,6870
29,6870
26,6870
1,6872
4,6872
19,6872
15,6872
26,6872
2,6872
27,6872
8,6872
1,6873
6,6873
2,6873
20,6873
14,6873
21,6873
27,6873
4,6873
16,6874
15,6874
17,6874
1,6879
7,6879
22,6879
10,6879
12,6879
25,6879
28,6879
7,6880
10,6880
18,6880
4,6880
15,6880
1,6881
28,6881
25,6881
30,6881
7,6881
4,6881
15,6882
10,6882
1,6882
21,6882
6,6882
8,6882
30,6883
26,6883
13,6883
18,6883
20,6883
7,6883
10,6883
29,6884
17,6884
12,6884
10,6884
6,6884
21,6885
4,6885
23,6885
18,6885
14,6885
17,6885
2,6886
26,6886
22,6886
21,6886
8,6886
9,6886
18,6886
30,6886
27,6887
9,6887
8,6887
24,6888
25,6888
27,6888
3,6888
3,6889
26,6889
16,6889
6,6889
28,6890
19,6890
4,6890
10,6890
16,6890
18,6890
14,6890
24,6890
24,6893
3,6893
11,6893
21,6893
23,6893
19,6893
14,6893
13,6893
1,6898
28,6898
29,6898
19,6898
10,6898
2,6898
20,6899
10,6899
12,6899
30,6899
4,6899
21,6899
9,6899
5,6899
1,6902
25,6902
17,6902
13,6909
20,6909
17,6909
13,6911
1,6911
10,6911
15,6911
24,6911
14,6911
4,6912
27,6912
1,6912
22,6912
30,6912
15,6912
8,6912
18,6912
18,6918
11,6918
23,6918
1,6918
20,6918
24,6920
14,6920
16,6920
27,6920
7,6920
17,6920
26,6920
9,6927
26,6927
25,6927
18,6927
1,6932
19,6932
25,6932
3,6932
30,6932
22,6932
4,6932
23,6934
20,6934
28,6934
6,6934
10,6934
1,6934
18,6934
4,6934
10,6935
12,6935
30,6935
27,6935
1,6936
22,6936
28,6936
10,6938
5,6938
23,6938
11,6938
3,6938
29,6939
4,6939
8,6939
21,6942
22,6942
5,6942
24,6942
11,6942
19,6942
15,6944
4,6944
22,6944
11,6944
10,6945
1,6945
11,6945
6,6945
13,6945
7,6945
26,6946
17,6946
14,6946
29,6946
1,6946
18,6946
1,6947
23,6947
5,6947
16,6948
14,6948
7,6948
30,6948
19,6948
24,6948
24,6949
23,6949
2,6949
21,6949
30,6949
22,6949
7,6950
26,6950
27,6950
6,6950
5,6950
2,6951
28,6951
12,6951
16,6951
9,6952
19,6952
22,6952
10,6952
30,6952
17,6952
9,6953
1,6953
2,6953
30,6953
2,6954
9,6954
6,6954
26,6954
10,6954
11,6954
23,6957
18,6957
11,6957
13,6957
21,6957
7,6957
22,6957
4,6958
6,6958
7,6958
25,6959
27,6959
14,6959
21,6959
3,6959
8,6959
11,6959
4,6959
1,6961
11,6961
27,6961
29,6961
7,6961
8,6961
2,6961
4,6961
4,6962
26,6962
14,6962
25,6962
29,6962
3,6962
1,6962
25,6963
22,6963
3,6963
11,6963
26,6963
25,6965
9,6965
7,6965
13,6966
28,6966
30,6966
18,6967
21,6967
30,6967
6,6967
1,6967
7,6969
9,6969
15,6969
5,6969
6,6969
12,6969
11,6969
1,6970
26,6970
5,6970
11,6970
9,6970
30,6970
17,6970
18,6970
1,6971
23,6971
9,6971
13,6973
15,6973
20,6973
4,6974
28,6974
8,6974
29,6974
1,6975
5,6975
10,6975
6,6975
4,6978
25,6978
27,6978
22,6978
12,6978
9,6979
13,6979
8,6979
14,6979
12,6979
27,6979
9,6981
23,6981
8,6981
28,6982
17,6982
13,6982
5,6982
12,6983
21,6983
26,6983
7,6984
30,6984
28,6984
1,6985
3,6985
26,6985
4,6985
17,6985
16,6985
23,6985
1,6986
10,6986
6,6986
18,6986
17,6986
27,6986
14,6986
12,6987
15,6987
7,6987
10,6987
11,6987
16,6989
23,6989
15,6989
6,6990
22,6990
18,6990
16,6990
20,6990
22,6992
5,6992
9,6992
4,6992
21,6992
2,6993
11,6993
6,6993
3,6993
20,6993
21,6993
17,6993
25,6993
21,6994
10,6994
15,6994
1,6994
16,6994
12,6994
10,6996
11,6996
3,6996
23,6996
12,6996
16,6996
30,6996
21,6997
28,6997
6,6997
23,6998
12,6998
27,6998
14,6998
2,6998
13,6998
15,6999
25,6999
13,6999
18,6999
6,6999
24,7000
14,7000
10,7000
23,7000
12,7000
30,7000
22,7000
3,7000
11,7001
27,7001
23,7001
8,7004
3,7004
17,7004
22,7004
28,7004
11,7004
27,7004
11,7005
25,7005
28,7005
17,7005
9,7005
6,7005
20,7005
19,7005
1,7007
17,7007
30,7007
12,7007
2,7007
21,7007
14,7007
5,7008
20,7008
16,7008
15,7008
19,7008
10,7008
27,7008
12,7009
1,7009
25,7009
18,7009
4,7009
9,7009
19,7009
29,7010
13,7010
3,7010
17,7010
7,7012
12,7012
4,7012
18,7013
28,7013
22,7013
4,7013
24,7013
10,7013
26,7013
10,7015
14,7015
16,7015
18,7015
15,7015
3,7015
10,7016
15,7016
16,7016
2,7016
9,7016
21,7016
1,7017
9,7017
17,7017
10,7017
18,7017
7,7018
13,7018
12,7018
30,7018
5,7018
8,7019
3,7019
16,7019
9,7019
23,7020
27,7020
8,7020
18,7020
22,7022
18,7022
14,7022
16,7022
17,7022
1,7022
15,7022
8,7022
18,7023
1,7023
28,7023
9,7023
17,7024
20,7024
26,7024
18,7024
8,7024
25,7024
19,7024
1,7025
7,7025
2,7025
14,7025
13,7025
8,7025
12,7026
8,7026
11,7026
9,7026
3,7026
20,7026
2,7026
2,7027
5,7027
24,7027
14,7027
16,7027
28,7027
22,7027
1,7028
17,7028
29,7028
19,7028
11,7030
16,7030
30,7030
2,7030
6,7030
23,7030
26,7030
7,7030
3,7031
15,7031
1,7031
1,7032
7,7032
26,7032
10,7032
28,7032
20,7032
5,7032
25,7032
20,7033
28,7033
13,7033
27,7034
23,7034
15,7034
17,7036
29,7036
6,7036
7,7036
4,7036
13,7036
20,7036
27,7036
26,7037
6,7037
12,7037
27,7037
8,7037
21,7038
14,7038
11,7038
5,7038
29,7038
27,7040
2,7040
15,7040
20,7040
4,7040
24,7040
17,7040
26,7041
5,7041
21,7041
2,7041
1,7041
18,7041
23,7041
20,7044
17,7044
6,7044
1,7044
24,7045
20,7045
16,7045
17,7045
6,7045
22,7045
10,7045
13,7046
4,7046
5,7046
19,7046
14,7046
1,7046
17,7047
29,7047
19,7047
15,7047
27,7047
10,7047
20,7048
11,7048
2,7048
29,7048
9,7048
27,7048
22,7048
10,7049
22,7049
30,7049
24,7049
21,7049
16,7049
7,7049
9,7049
29,7050
23,7050
25,7050
13,7050
10,7051
15,7051
1,7051
25,7051
20,7051
14,7051
28,7052
1,7052
9,7052
8,7052
11,7052
25,7052
10,7052
13,7053
10,7053
4,7053
5,7053
26,7053
25,7053
30,7053
11,7054
9,7054
17,7054
22,7054
6,7054
16,7055
8,7055
30,7055
7,7055
18,7055
12,7055
5,7056
13,7056
12,7056
16,7056
17,7056
14,7056
9,7057
10,7057
12,7057
24,7058
26,7058
13,7058
22,7058
27,7058
5,7059
21,7059
11,7059
21,7060
6,7060
24,7060
20,7060
3,7061
14,7061
7,7061
17,7061
27,7061
30,7061
5,7061
8,7061
8,7062
11,7062
6,7062
17,7062
26,7063
4,7063
13,7063
15,7063
5,7063
8,7064
19,7064
17,7064
11,7064
24,7064
12,7064
23,7065
25,7065
28,7065
1,7065
13,7065
29,7065
9,7065
26,7067
2,7067
24,7067
21,7067
18,7067
6,7067
4,7067
11,7067
19,7069
23,7069
22,7069
20,7069
25,7069
1,7069
27,7069
5,7069
16,7070
10,7070
23,7070
28,7070
25,7070
18,7070
1,7070
6,7071
25,7071
18,7071
26,7071
1,7071
19,7071
24,7071
12,7072
29,7072
3,7072
15,7072
20,7072
14,7073
7,7073
20,7073
13,7073
18,7074
26,7074
24,7074
11,7074
7,7074
8,7074
4,7074
10,7075
30,7075
8,7075
13,7075
27,7075
9,7075
28,7075
20,7075
15,7076
1,7076
30,7076
10,7076
13,7078
11,7078
8,7078
30,7078
12,7078
17,7079
8,7079
3,7079
21,7079
28,7079
27,7079
26,7080
1,7080
4,7080
10,7082
26,7082
30,7082
6,7082
5,7082
22,7082
12,7082
16,7082
4,7083
12,7083
24,7083
7,7083
23,7084
13,7084
24,7084
15,7084
19,7084
11,7084
1,7084
3,7084
6,7085
14,7085
27,7085
3,7085
28,7085
27,7086
3,7086
20,7086
22,7087
9,7087
10,7087
26,7087
13,7087
13,7088
4,7088
3,7088
26,7088
29,7089
5,7089
24,7089
7,7089
1,7090
16,7090
18,7090
12,7090
4,7090
18,7091
7,7091
12,7091
30,7091
20,7091
27,7091
16,7091
12,7092
14,7092
19,7092
13,7092
10,7092
20,7092
30,7092
23,7092
28,7093
10,7093
25,7093
23,7096
2,7096
17,7096
10,7096
9,7096
15,7096
19,7099
7,7099
8,7099
16,7101
19,7101
17,7101
5,7101
6,7102
2,7102
28,7102
21,7102
26,7102
13,7103
12,7103
18,7103
24,7104
6,7104
23,7104
22,7104
5,7104
30,7104
18,7104
9,7104
26,7107
28,7107
9,7107
10,7107
3,7108
9,7108
14,7108
28,7108
29,7108
21,7108
4,7109
15,7109
24,7109
11,7109
13,7109
10,7109
22,7109
9,7109
24,7114
16,7114
19,7114
13,7115
15,7115
1,7115
5,7115
2,7116
26,7116
17,7116
12,7116
8,7116
1,7116
23,7117
7,7117
1,7117
15,7117
3,7117
8,7117
24,7118
23,7118
4,7118
16,7118
5,7121
1,7121
23,7121
15,7121
25,7121
10,7121
27,7121
11,7122
2,7122
30,7122
7,7122
10,7122
20,7122
21,7123
15,7123
2,7123
26,7123
18,7123
20,7123
19,7123
26,7124
22,7124
17,7124
14,7124
1,7124
30,7124
2,7125
7,7125
23,7125
23,7127
7,7127
24,7127
19,7127
4,7127
3,7131
21,7131
1,7131
23,7131
5,7131
17,7132
7,7132
5,7132
25,7132
30,7132
2,7132
9,7134
10,7134
13,7134
14,7134
4,7137
22,7137
10,7137
19,7137
28,7137
8,7137
26,7137
1,7139
26,7139
21,7139
27,7139
9,7141
10,7141
14,7141
3,7141
7,7142
28,7142
18,7142
29,7142
1,7143
21,7143
23,7143
19,7143
9,7147
20,7147
14,7147
10,7147
1,7149
22,7149
4,7149
10,7150
4,7150
8,7150
11,7150
12,7150
28,7150
27,7150
6,7150
8,7151
3,7151
4,7151
14,7153
18,7153
17,7153
1,7154
30,7154
22,7154
19,7154
25,7154
17,7155
26,7155
29,7155
13,7155
3,7155
24,7155
24,7156
21,7156
9,7156
28,7156
14,7156
30,7158
29,7158
23,7158
24,7158
19,7158
9,7158
5,7158
13,7160
30,7160
7,7160
25,7161
23,7161
18,7161
12,7161
2,7162
25,7162
5,7162
29,7162
12,7162
20,7162
1,7163
19,7163
10,7163
1,7164
19,7164
16,7164
3,7164
15,7164
6,7164
21,7164
17,7164
22,7165
1,7165
23,7165
12,7165
21,7165
29,7167
12,7167
19,7167
1,7169
22,7169
26,7169
29,7169
10,7169
21,7169
27,7169
2,7171
4,7171
22,7171
13,7171
24,7173
22,7173
21,7173
29,7173
4,7173
6,7173
17,7173
18,7175
28,7175
15,7175
21,7175
16,7176
23,7176
3,7176
28,7176
15,7177
24,7177
2,7177
18,7177
22,7177
13,7177
22,7178
2,7178
18,7178
28,7178
27,7178
24,7178
11,7178
4,7179
8,7179
28,7179
10,7179
1,7179
9,7179
15,7179
1,7181
28,7181
30,7181
27,7184
19,7184
5,7184
18,7184
9,7184
22,7184
23,7184
12,7190
14,7190
10,7190
7,7190
15,7190
11,7191
15,7191
26,7191
12,7191
20,7192
30,7192
11,7192
10,7193
5,7193
22,7193
15,7193
7,7193
17,7193
28,7193
25,7202
21,7202
3,7202
16,7202
8,7205
12,7205
26,7205
24,7205
25,7205
10,7206
18,7206
17,7206
3,7206
22,7206
13,7208
17,7208
5,7208
7,7208
19,7208
2,7208
7,7209
4,7209
12,7209
9,7209
23,7209
30,7209
27,7209
5,7209
24,7211
6,7211
27,7211
13,7211
22,7211
16,7211
21,7212
26,7212
19,7212
30,7212
6,7215
25,7215
29,7215
7,7216
14,7216
9,7216
1,7216
22,7216
4,7216
5,7216
12,7216
12,7217
16,7217
9,7217
27,7217
23,7217
17,7217
25,7217
22,7217
17,7218
16,7218
6,7218
5,7218
10,7218
7,7218
11,7218
27,7218
19,7219
2,7219
26,7219
29,7222
15,7222
2,7222
28,7222
2,7223
1,7223
26,7223
29,7223
30,7223
7,7223
8,7225
1,7225
13,7225
5,7225
25,7225
13,7228
12,7228
11,7228
10,7234
30,7234
22,7234
27,7235
10,7235
19,7235
28,7236
3,7236
6,7236
11,7236
12,7236
19,7236
9,7238
6,7238
10,7238
2,7238
24,7238
21,7238
14,7238
19,7243
3,7243
13,7243
26,7243
6,7243
15,7245
4,7245
19,7245
28,7245
17,7247
24,7247
8,7247
11,7247
6,7247
4,7247
29,7247
15,7248
18,7248
4,7248
14,7248
10,7248
16,7248
23,7248
28,7251
19,7251
14,7251
1,7254
26,7254
5,7254
14,7254
23,7254
3,7254
19,7255
14,7255
20,7255
16,7255
9,7256
21,7256
1,7256
5,7256
1,7257
28,7257
19,7257
12,7258
2,7258
16,7258
6,7258
4,7258
5,7258
17,7258
5,7259
3,7259
20,7259
15,7259
13,7259
10,7259
25,7260
5,7260
24,7260
26,7260
16,7260
29,7260
15,7260
1,7260
11,7261
5,7261
4,7261
19,7261
1,7262
3,7262
21,7262
15,7262
20,7262
28,7262
24,7262
21,7263
2,7263
12,7263
9,7264
3,7264
18,7264
8,7264
21,7264
5,7264
14,7264
9,7265
1,7265
21,7265
3,7266
23,7266
12,7266
5,7266
5,7282
6,7282
19,7282
15,7282
4,7282
8,7285
30,7285
5,7285
12,7285
3,7285
28,7285
4,7285
30,7292
12,7292
28,7292
22,7292
25,7292
11,7292
24,7293
12,7293
25,7293
20,7293
1,7294
11,7294
30,7294
2,7294
4,7294
12,7294
20,7297
30,7297
25,7297
1,7297
5,7299
2,7299
1,7299
12,7299
10,7301
30,7301
9,7301
4,7301
6,7301
27,7301
3,7301
15,7301
24,7302
16,7302
27,7302
26,7302
13,7302
30,7302
10,7302
22,7302
25,7303
3,7303
17,7303
28,7303
2,7303
18,7303
10,7303
16,7303
24,7304
30,7304
28,7304
25,7305
13,7305
23,7305
21,7305
1,7305
2,7305
28,7305
27,7305
12,7306
19,7306
13,7306
6,7306
23,7306
15,7306
11,7307
3,7307
13,7307
21,7307
10,7307
15,7308
25,7308
26,7308
21,7308
4,7310
5,7310
20,7310
14,7310
22,7310
7,7310
21,7310
13,7311
11,7311
1,7311
30,7311
5,7311
9,7312
10,7312
5,7312
1,7315
17,7315
24,7315
8,7315
16,7315
7,7315
20,7315
17,7316
20,7316
7,7316
24,7316
8,7316
6,7316
26,7316
26,7317
14,7317
23,7317
1,7318
21,7318
25,7318
26,7318
6,7318
11,7318
22,7318
7,7318
25,7319
7,7319
8,7319
28,7319
2,7319
14,7319
21,7319
16,7319
29,7320
17,7320
20,7320
6,7320
7,7320
23,7320
24,7321
16,7321
1,7321
29,7321
8,7323
7,7323
5,7323
1,7323
29,7324
22,7324
24,7324
28,7324
19,7324
8,7324
18,7324
1,7325
13,7325
4,7325
29,7325
28,7326
24,7326
3,7326
21,7326
15,7327
29,7327
17,7327
24,7327
21,7327
24,7328
14,7328
16,7328
28,7328
19,7328
27,7328
29,7328
26,7333
30,7333
14,7333
15,7333
5,7333
3,7335
7,7335
16,7335
26,7335
15,7335
10,7336
20,7336
23,7336
15,7336
27,7336
30,7336
3,7336
8,7336
8,7340
2,7340
18,7340
16,7340
27,7340
17,7340
17,7344
26,7344
3,7344
14,7344
29,7344
23,7344
8,7344
21,7345
3,7345
16,7345
22,7346
12,7346
18,7346
10,7346
20,7346
29,7346
5,7346
17,7347
9,7347
2,7347
7,7348
20,7348
24,7348
1,7349
30,7349
15,7349
28,7349
4,7349
8,7349
20,7352
22,7352
13,7352
17,7352
9,7352
28,7352
30,7352
13,7354
10,7354
7,7354
22,7354
9,7354
1,7354
20,7354
18,7354
24,7357
28,7357
16,7357
22,7357
6,7357
16,7360
24,7360
17,7360
18,7360
1,7360
27,7360
14,7360
25,7360
3,7361
1,7361
10,7361
15,7361
18,7361
8,7361
13,7361
30,7361
23,7362
9,7362
16,7362
27,7362
28,7362
12,7362
1,7364
18,7364
7,7364
30,7366
19,7366
26,7366
13,7366
12,7366
11,7366
29,7366
22,7367
6,7367
23,7367
29,7367
9,7367
26,7367
4,7367
10,7368
14,7368
15,7368
13,7368
3,7368
27,7368
6,7368
2,7368
25,7369
24,7369
12,7369
6,7369
22,7369
1,7371
11,7371
6,7371
30,7371
20,7372
22,7372
23,7372
16,7372
1,7372
9,7372
21,7372
10,7372
26,7373
5,7373
1,7373
19,7373
16,7373
6,7373
8,7375
3,7375
17,7375
3,7376
20,7376
7,7376
14,7376
13,7376
29,7376
30,7377
4,7377
7,7377
27,7377
9,7377
10,7377
13,7377
3,7377
27,7379
10,7379
26,7379
6,7379
22,7379
5,7380
17,7380
1,7380
11,7380
9,7380
25,7380
3,7380
6,7380
1,7381
22,7381
4,7381
21,7381
6,7381
15,7381
3,7381
5,7381
15,7382
12,7382
5,7382
28,7382
23,7386
1,7386
26,7386
21,7386
6,7386
22,7386
27,7386
11,7386
13,7387
4,7387
8,7387
3,7387
19,7387
1,7387
17,7387
14,7390
26,7390
17,7390
6,7390
29,7390
11,7390
23,7394
11,7394
30,7394
24,7394
27,7394
14,7394
28,7395
11,7395
22,7395
2,7395
29,7395
10,7395
15,7395
15,7396
20,7396
5,7396
24,7396
22,7396
14,7396
17,7411
14,7411
21,7411
7,7411
20,7411
16,7414
5,7414
15,7414
21,7414
10,7414
27,7414
10,7419
23,7419
2,7419
8,7419
1,7438
11,7438
6,7438
15,7439
11,7439
22,7439
19,7440
8,7440
24,7440
17,7440
14,7440
3,7440
21,7440
3,7443
4,7443
22,7443
28,7443
19,7443
7,7443
27,7444
1,7444
12,7444
23,7444
26,7444
16,7445
4,7445
3,7445
13,7445
21,7445
7,7445
9,7445
14,7448
6,7448
11,7448
20,7448
8,7448
14,7449
16,7449
13,7449
23,7450
10,7450
19,7450
11,7450
1,7450
18,7451
26,7451
7,7451
23,7454
11,7454
18,7454
5,7454
9,7454
10,7454
1,7455
9,7455
13,7455
8,7455
2,7455
6,7455
21,7457
13,7457
14,7457
11,7457
2,7458
22,7458
14,7458
27,7458
10,7458
7,7458
19,7458
26,7459
5,7459
23,7459
1,7459
8,7460
14,7460
12,7460
17,7460
21,7460
15,7460
1,7477
12,7477
27,7477
26,7477
28,7477
13,7477
15,7477
23,7477
20,7479
12,7479
24,7479
16,7481
15,7481
30,7481
17,7482
11,7482
9,7482
26,7482
29,7482
14,7486
30,7486
24,7486
6,7486
27,7487
14,7487
5,7487
17,7487
26,7487
11,7487
18,7487
20,7487
7,7492
10,7492
23,7492
2,7492
3,7492
5,7493
13,7493
21,7493
19,7541
26,7541
20,7541
17,7560
12,7560
19,7560
25,7560
17,7561
25,7561
11,7561
8,7561
23,7561
26,7561
5,7561
18,7562
29,7562
25,7562
27,7564
3,7564
22,7564
26,7566
24,7566
19,7566
24,7569
23,7569
12,7569
22,7570
9,7570
3,7570
19,7570
1,7572
7,7572
15,7572
18,7572
6,7572
8,7572
25,7572
7,7573
1,7573
27,7573
29,7573
5,7573
25,7573
11,7579
29,7579
3,7579
5,7579
6,7579
27,7579
17,7581
4,7581
12,7581
23,7581
11,7581
7,7581
27,7581
15,7584
22,7584
20,7584
15,7587
24,7587
23,7587
11,7614
24,7614
30,7614
8,7614
19,7614
18,7614
2,7614
16,7615
6,7615
9,7615
29,7615
21,7615
2,7616
14,7616
5,7616
6,7616
24,7616
28,7616
21,7616
29,7618
22,7618
19,7618
6,7618
30,7619
3,7619
29,7619
10,7619
6,7619
2,7619
20,7620
25,7620
1,7620
6,7620
30,7624
20,7624
7,7624
2,7624
8,7624
25,7624
21,7624
23,7624
1,7636
21,7636
2,7636
7,7636
9,7636
17,7646
19,7646
9,7646
16,7646
13,7646
26,7646
30,7646
28,7647
21,7647
23,7647
25,7649
28,7649
20,7649
15,7649
23,7649
1,7649
29,7650
6,7650
4,7650
1,7650
16,7650
21,7650
20,7650
7,7650
1,7657
3,7657
20,7657
22,7657
7,7657
10,7657
16,7669
21,7669
18,7669
30,7698
16,7698
15,7698
9,7698
5,7698
18,7698
23,7700
24,7700
7,7700
22,7700
2,7700
1,7701
10,7701
18,7701
23,7702
28,7702
9,7702
20,7702
8,7702
9,7704
21,7704
13,7704
25,7704
4,7704
26,7705
22,7705
25,7705
2,7705
29,7705
21,7705
8,7705
17,7706
23,7706
11,7706
2,7706
28,7706
4,7706
21,7706
21,7707
10,7707
3,7707
4,7707
5,7708
3,7708
9,7708
14,7708
8,7708
24,7708
12,7708
7,7708
24,7713
12,7713
15,7713
4,7713
16,7714
1,7714
17,7714
28,7714
4,7714
12,7714
21,7714
10,7714
26,7716
2,7716
24,7716
12,7716
8,7716
7,7720
25,7720
26,7720
23,7720
10,7720
26,7727
17,7727
24,7727
21,7727
28,7727
20,7727
29,7727
22,7727
16,7728
4,7728
18,7728
25,7728
1,7730
2,7730
20,7730
11,7730
4,7742
6,7742
20,7742
3,7742
13,7742
11,7742
23,7742
21,7743
29,7743
24,7743
27,7743
7,7743
25,7745
15,7745
29,7745
5,7745
30,7745
9,7745
11,7748
3,7748
23,7748
27,7749
3,7749
20,7749
26,7749
12,7749
7,7749
5,7749
11,7753
24,7753
25,7753
18,7753
28,7753
7,7753
22,7753
2,7756
4,7756
22,7756
7,7757
15,7757
27,7757
21,7762
15,7762
4,7762
3,7762
5,7766
25,7766
4,7766
30,7767
16,7767
19,7767
13,7767
22,7767
26,7767
9,7767
2,7767
4,7772
9,7772
2,7772
29,7772
19,7772
30,7772
23,7772
8,7772
1,7773
12,7773
5,7773
10,7773
6,7773
4,7781
9,7781
21,7781
5,7781
19,7781
1,7782
11,7782
6,7782
9,7786
3,7786
1,7786
24,7786
5,7786
3,7789
19,7789
27,7789
9,7789
1,7789
2,7789
6,7789
16,7792
14,7792
19,7792
2,7792
10,7792
17,7792
6,7792
7,7792
24,7802
21,7802
19,7802
17,7810
6,7810
7,7810
16,7810
4,7810
9,7810
20,7810
1,7811
30,7811
28,7811
21,7811
7,7811
24,7811
13,7811
10,7811
1,7812
7,7812
23,7812
28,7812
19,7812
12,7812
4,7815
15,7815
17,7815
2,7815
13,7815
24,7815
14,7820
18,7820
13,7820
24,7822
28,7822
17,7822
2,7822
29,7822
6,7822
18,7822
22,7822
14,7826
12,7826
27,7826
15,7826
10,7826
26,7826
6,7826
30,7826
9,7831
16,7831
20,7831
4,7831
14,7831
29,7831
25,7831
30,7831
11,7832
9,7832
21,7832
13,7832
14,7832
29,7832
23,7832
18,7832
17,7833
16,7833
11,7833
5,7833
24,7833
3,7833
20,7833
10,7834
18,7834
17,7834
12,7834
24,7834
13,7834
28,7834
5,7834
8,7835
26,7835
10,7835
14,7835
9,7835
23,7839
19,7839
7,7839
22,7839
14,7839
4,7840
23,7840
6,7840
8,7840
21,7840
1,7840
10,7840
29,7840
16,7841
7,7841
3,7841
20,7841
8,7841
12,7841
5,7841
10,7842
22,7842
23,7842
8,7842
20,7842
5,7843
1,7843
23,7843
26,7843
9,7843
20,7843
6,7843
1,7844
25,7844
10,7844
28,7845
10,7845
4,7845
19,7845
25,7845
6,7845
17,7846
25,7846
15,7846
27,7846
11,7846
1,7846
8,7846
23,7846
8,7879
4,7879
14,7879
24,7879
7,7882
10,7882
9,7882
20,7883
11,7883
21,7883
4,7883
23,7884
20,7884
30,7884
28,7888
2,7888
14,7888
12,7889
30,7889
6,7889
29,7889
10,7891
14,7891
28,7891
3,7891
21,7891
10,7894
30,7894
27,7894
25,7894
4,7894
12,7894
20,7894
22,7895
5,7895
26,7895
6,7895
20,7895
4,7895
16,7895
30,7896
26,7896
15,7896
3,7896
25,7896
29,7896
13,7899
20,7899
11,7899
22,7900
30,7900
17,7900
18,7916
2,7916
19,7916
1,7920
12,7920
7,7920
4,7920
5,7920
27,7924
21,7924
4,7924
15,7924
18,7925
22,7925
16,7925
17,7925
18,7926
2,7926
29,7926
16,7930
28,7930
1,7930
21,7930
17,7930
18,7930
12,7932
5,7932
28,7932
11,7932
27,7932
30,7932
9,7932
10,7932
3,7934
15,7934
4,7934
29,7934
7,7934
17,7934
2,7934
28,7934
17,7936
22,7936
30,7936
10,7936
7,7936
24,7936
28,7936
12,7937
1,7937
28,7937
17,7937
15,7937
7,7937
2,7937
21,7937
6,7938
15,7938
16,7938
1,7938
27,7938
7,7938
25,7939
14,7939
29,7939
17,7939
21,7939
12,7939
30,7939
2,7939
3,7940
20,7940
23,7940
18,7943
22,7943
23,7943
1,7943
9,7943
25,7943
10,7943
2,7944
21,7944
12,7944
9,7944
22,7944
20,7944
15,7944
17,7944
27,7951
15,7951
10,7951
3,7951
13,7951
18,7951
9,7951
4,7951
1,7976
10,7976
5,7976
25,7976
2,7976
13,7976
7,7976
8,7976
9,7979
6,7979
16,7979
4,7979
1,7980
9,7980
28,7980
23,7980
26,7980
10,7980
28,7981
29,7981
14,7981
1,7982
29,7982
16,7982
2,7983
19,7983
28,7983
29,7983
16,7983
5,7983
23,7983
24,7984
26,7984
1,7984
20,7984
5,7984
15,7984
9,7984
6,7984
25,7986
19,7986
30,7986
3,7986
22,7986
20,7986
18,7987
3,7987
17,7987
27,7987
18,7988
14,7988
9,7988
25,7988
28,7988
22,7988
10,7988
13,7991
16,7991
18,7991
27,7991
5,7991
20,7991
22,7991
8,7993
7,7993
13,7993
21,7993
11,7993
1,7993
3,7993
12,8008
10,8008
22,8008
23,8008
9,8008
8,8008
1,8010
15,8010
23,8010
7,8010
18,8010
19,8010
27,8010
30,8011
6,8011
11,8011
23,8011
18,8011
19,8011
12,8011
9,8012
5,8012
7,8012
25,8014
5,8014
13,8014
24,8014
10,8014
16,8014
4,8014
27,8014
21,8015
7,8015
6,8015
23,8015
11,8015
1,8015
30,8015
17,8016
4,8016
29,8016
19,8016
5,8016
2,8019
12,8019
21,8019
14,8019
25,8019
13,8019
12,8024
10,8024
25,8024
1,8025
28,8025
9,8025
23,8025
14,8033
4,8033
9,8033
11,8033
1,8035
4,8035
28,8035
26,8042
9,8042
27,8042
30,8042
3,8042
7,8042
28,8042
10,8042
26,8043
29,8043
15,8043
14,8043
27,8043
28,8043
2,8043
29,8044
1,8044
12,8044
30,8044
14,8045
8,8045
5,8045
19,8045
25,8045
26,8045
23,8045
4,8057
9,8057
2,8057
15,8057
12,8057
14,8057
17,8092
24,8092
30,8092
2,8092
6,8092
5,8092
1,8092
1,8093
2,8093
16,8093
7,8093
10,8093
26,8093
30,8094
9,8094
6,8094
11,8094
26,8094
17,8094
13,8117
5,8117
10,8117
20,8117
18,8117
10,8118
13,8118
28,8118
3,8119
11,8119
16,8119
2,8119
13,8121
20,8121
18,8121
2,8121
24,8121
12,8121
24,8125
25,8125
29,8125
16,8125
3,8125
22,8125
14,8125
21,8125
30,8126
29,8126
13,8126
3,8126
15,8126
1,8126
28,8126
17,8128
1,8128
8,8128
7,8128
27,8128
15,8128
13,8128
20,8128
20,8131
18,8131
5,8131
26,8131
22,8131
26,8132
8,8132
25,8132
29,8132
10,8136
2,8136
28,8136
15,8136
19,8136
9,8136
24,8136
30,8136
10,8137
5,8137
12,8137
24,8137
23,8138
14,8138
13,8138
8,8142
29,8142
6,8142
16,8142
19,8142
16,8143
11,8143
1,8143
25,8143
20,8147
22,8147
19,8147
29,8147
28,8153
2,8153
29,8153
12,8153
13,8153
22,8153
14,8153
28,8154
10,8154
3,8154
26,8154
11,8154
23,8154
7,8157
10,8157
8,8157
4,8157
2,8157
13,8157
8,8158
2,8158
3,8158
28,8167
16,8167
22,8167
19,8167
10,8167
4,8167
27,8167
11,8167
13,8169
3,8169
7,8169
15,8169
17,8169
23,8183
12,8183
17,8183
15,8183
18,8183
27,8188
26,8188
29,8188
22,8189
11,8189
13,8189
16,8189
7,8189
17,8189
29,8189
19,8189
26,8190
8,8190
23,8190
7,8190
14,8190
25,8190
3,8190
12,8190
24,8191
1,8191
22,8191
17,8195
12,8195
7,8195
8,8195
25,8195
29,8195
23,8196
21,8196
16,8196
19,8196
20,8196
2,8196
27,8196
17,8196
11,8197
19,8197
14,8197
26,8197
28,8199
6,8199
11,8199
22,8199
5,8207
20,8207
16,8207
30,8207
22,8207
11,8207
29,8225
25,8225
24,8225
3,8228
29,8228
30,8228
27,8228
19,8228
22,8232
15,8232
4,8232
16,8232
8,8232
24,8235
1,8235
6,8235
25,8235
19,8235
7,8235
8,8235
25,8236
28,8236
19,8236
27,8238
23,8238
19,8238
17,8238
27,8239
3,8239
1,8239
21,8241
27,8241
6,8241
25,8241
9,8241
28,8241
24,8241
14,8253
19,8253
16,8253
25,8254
27,8254
20,8254
29,8254
14,8254
19,8254
11,8254
6,8254
21,8261
7,8261
30,8261
15,8261
5,8261
16,8261
28,8264
30,8264
6,8264
17,8264
4,8264
18,8264
24,8266
5,8266
4,8266
26,8266
11,8268
20,8268
8,8268
15,8268
5,8268
10,8268
1,8268
1,8270
18,8270
25,8270
6,8270
27,8275
6,8275
22,8275
29,8275
28,8275
18,8275
14,8275
6,8290
11,8290
13,8290
14,8293
28,8293
11,8293
7,8293
5,8293
26,8293
8,8302
17,8302
23,8302
24,8302
9,8302
1,8302
6,8302
5,8327
18,8327
7,8327
9,8331
26,8331
13,8331
29,8331
20,8331
16,8331
25,8331
20,8335
10,8335
27,8335
4,8335
7,8335
2,8335
6,8336
28,8336
17,8336
17,8337
24,8337
6,8337
7,8337
26,8337
10,8337
23,8337
27,8337
8,8338
27,8338
13,8338
10,8340
8,8340
18,8340
1,8340
15,8341
3,8341
9,8341
26,8341
17,8341
22,8341
28,8360
26,8360
20,8360
19,8360
3,8360
23,8360
24,8360
12,8361
22,8361
13,8361
11,8361
1,8361
26,8361
4,8361
15,8361
8,8362
16,8362
4,8362
6,8362
13,8362
11,8363
28,8363
26,8363
1,8363
9,8363
14,8363
19,8363
24,8363
12,8364
22,8364
3,8364
24,8364
26,8364
2,8364
1,8366
5,8366
22,8366
8,8366
18,8366
6,8366
25,8368
26,8368
9,8368
24,8369
13,8369
17,8369
15,8369
10,8370
22,8370
18,8370
11,8370
12,8370
21,8370
16,8370
1,8371
6,8371
18,8371
9,8371
27,8371
18,8372
4,8372
28,8372
1,8373
11,8373
6,8373
30,8373
8,8373
12,8373
27,8373
5,8375
2,8375
15,8375
29,8375
9,8375
21,8375
7,8375
22,8376
4,8376
23,8376
22,8378
17,8378
20,8378
1,8378
14,8378
27,8378
2,8378
5,8379
16,8379
15,8379
28,8379
7,8379
13,8379
22,8379
22,8380
21,8380
6,8380
11,8380
27,8380
6,8382
23,8382
5,8382
21,8382
16,8382
8,8383
20,8383
9,8383
11,8383
6,8383
23,8383
15,8383
19,8383
9,8385
1,8385
21,8385
7,8385
6,8385
11,8385
23,8385
30,8385
10,8387
5,8387
13,8387
14,8391
12,8391
24,8391
8,8391
17,8391
20,8391
7,8391
22,8402
5,8402
19,8402
28,8402
8,8402
30,8402
27,8405
28,8405
20,8405
3,8405
12,8405
30,8405
1,8405
22,8410
3,8410
29,8410
18,8410
2,8410
16,8424
21,8424
20,8424
6,8424
1,8424
28,8424
9,8425
22,8425
5,8425
1,8425
19,8426
8,8426
12,8426
25,8426
2,8426
8,8427
9,8427
17,8427
28,8427
2,8427
17,8446
16,8446
24,8446
14,8446
5,8447
7,8447
1,8447
11,8447
28,8447
21,8447
29,8447
25,8450
2,8450
7,8450
12,8450
4,8450
3,8451
11,8451
27,8451
28,8451
30,8451
2,8451
4,8451
24,8451
4,8454
9,8454
13,8454
23,8454
24,8456
20,8456
21,8456
10,8458
18,8458
16,8458
7,8458
17,8458
20,8458
27,8459
11,8459
9,8459
28,8459
19,8459
20,8459
29,8459
10,8459
3,8461
24,8461
28,8461
20,8462
5,8462
25,8462
15,8462
9,8462
4,8462
5,8463
13,8463
28,8463
12,8463
16,8463
15,8463
1,8464
4,8464
8,8464
29,8464
24,8464
18,8464
30,8464
25,8464
17,8465
26,8465
1,8465
21,8465
22,8465
12,8465
8,8477
11,8477
1,8477
20,8477
24,8477
28,8477
22,8477
18,8481
6,8481
25,8481
12,8481
13,8481
18,8482
11,8482
27,8482
1,8484
7,8484
17,8484
27,8484
27,8487
16,8487
3,8487
9,8487
26,8487
30,8491
17,8491
5,8491
16,8491
7,8491
14,8491
8,8492
10,8492
24,8492
11,8492
5,8493
1,8493
18,8493
27,8493
7,8493
8,8493
28,8493
15,8494
2,8494
13,8494
8,8494
17,8494
30,8494
22,8495
6,8495
11,8495
15,8500
27,8500
29,8500
10,8500
21,8501
12,8501
11,8501
2,8501
18,8501
19,8501
4,8502
1,8502
12,8502
26,8502
2,8502
18,8502
13,8502
20,8502
24,8506
30,8506
15,8506
10,8506
19,8507
5,8507
11,8507
10,8511
22,8511
30,8511
1,8512
19,8512
27,8512
7,8512
12,8512
18,8512
30,8518
18,8518
24,8518
16,8518
29,8518
21,8521
22,8521
4,8521
17,8526
20,8526
24,8526
5,8526
18,8526
6,8526
29,8526
10,8528
19,8528
27,8528
13,8528
9,8529
1,8529
13,8529
24,8529
17,8529
10,8529
21,8529
15,8530
1,8530
7,8530
11,8530
29,8530
30,8531
22,8531
5,8531
28,8532
21,8532
23,8532
4,8532
7,8533
15,8533
21,8533
26,8533
7,8534
16,8534
11,8534
30,8534
18,8534
24,8534
1,8534
15,8534
1,8535
18,8535
5,8535
21,8535
26,8535
7,8535
29,8542
26,8542
9,8542
16,8542
4,8571
23,8571
30,8571
24,8571
18,8571
6,8571
21,8571
20,8571
25,8574
12,8574
19,8574
29,8574
7,8574
17,8574
1,8575
7,8575
13,8575
26,8575
22,8575
18,8575
6,8575
19,8577
16,8577
27,8577
20,8577
1,8578
22,8578
7,8578
11,8578
3,8578
2,8578
6,8578
19,8578
3,8580
23,8580
19,8580
11,8580
26,8580
22,8580
5,8580
1,8581
16,8581
6,8581
9,8582
4,8582
23,8582
17,8582
7,8582
19,8587
28,8587
13,8587
11,8587
25,8587
12,8587
27,8588
16,8588
6,8588
23,8588
15,8588
26,8588
21,8588
20,8588
26,8591
3,8591
22,8591
7,8591
9,8591
24,8593
3,8593
10,8593
21,8596
7,8596
4,8596
27,8600
20,8600
11,8600
23,8600
13,8600
28,8600
24,8600
8,8600
28,8601
20,8601
1,8601
9,8601
7,8601
25,8601
2,8601
10,8601
15,8604
27,8604
26,8604
5,8604
1,8605
15,8605
11,8605
18,8605
20,8605
24,8605
10,8605
9,8605
1,8607
11,8607
29,8607
19,8607
12,8607
4,8607
22,8607
26,8607
26,8609
13,8609
24,8609
9,8609
4,8610
21,8610
27,8610
16,8610
3,8610
1,8610
22,8610
29,8610
26,8611
17,8611
7,8611
2,8611
19,8611
13,8611
26,8614
15,8614
25,8614
7,8614
27,8614
8,8614
5,8617
26,8617
15,8617
17,8617
29,8620
22,8620
18,8620
14,8620
28,8620
26,8622
12,8622
1,8622
2,8622
22,8622
28,8622
30,8622
11,8623
15,8623
26,8623
23,8623
20,8626
19,8626
3,8626
27,8632
10,8632
25,8632
12,8633
26,8633
2,8633
14,8633
16,8633
25,8633
5,8633
22,8633
1,8636
19,8636
6,8636
23,8636
14,8636
26,8636
15,8636
22,8636
2,8638
22,8638
19,8638
1,8638
21,8638
12,8638
21,8640
26,8640
30,8640
14,8640
6,8640
8,8641
4,8641
1,8641
7,8641
2,8641
24,8641
29,8641
23,8643
7,8643
28,8643
22,8643
29,8644
24,8644
21,8644
3,8644
1,8644
25,8644
10,8644
13,8645
14,8645
2,8645
8,8645
6,8645
4,8645
22,8650
19,8650
23,8650
27,8650
18,8650
9,8656
7,8656
26,8656
24,8656
15,8656
5,8665
10,8665
30,8665
7,8666
21,8666
3,8666
9,8666
10,8666
8,8666
20,8666
15,8666
14,8667
15,8667
12,8667
26,8667
7,8667
1,8667
30,8667
25,8667
5,8670
19,8670
4,8670
23,8677
25,8677
1,8677
14,8677
6,8677
16,8677
5,8684
25,8684
9,8684
30,8684
16,8684
20,8684
12,8684
5,8685
26,8685
3,8685
14,8685
10,8685
3,8690
30,8690
11,8690
19,8690
18,8690
20,8690
12,8690
8,8695
5,8695
3,8695
17,8695
9,8695
26,8711
13,8711
1,8711
20,8711
14,8711
15,8712
23,8712
6,8712
11,8712
2,8712
13,8713
25,8713
8,8713
4,8713
1,8714
27,8714
2,8714
30,8714
12,8718
25,8718
17,8718
3,8718
24,8718
5,8720
28,8720
6,8720
1,8724
26,8724
13,8724
23,8724
27,8724
21,8724
8,8724
18,8724
13,8727
21,8727
5,8727
22,8727
30,8727
1,8727
7,8727
15,8727
27,8730
24,8730
23,8730
16,8730
21,8730
11,8730
30,8738
26,8738
14,8738
24,8738
29,8738
17,8738
9,8743
17,8743
29,8743
2,8748
23,8748
29,8748
9,8748
3,8748
18,8748
26,8748
28,8748
16,8753
30,8753
8,8753
15,8753
22,8753
24,8753
10,8753
2,8753
22,8754
5,8754
14,8754
9,8754
7,8754
21,8755
19,8755
2,8755
11,8765
9,8765
13,8765
10,8765
28,8771
5,8771
19,8771
10,8772
2,8772
29,8772
30,8772
17,8772
4,8772
14,8773
3,8773
1,8773
9,8773
29,8773
5,8773
28,8773
22,8774
15,8774
17,8774
14,8774
25,8774
11,8774
18,8774
26,8774
7,8778
17,8778
22,8778
26,8778
21,8781
20,8781
3,8781
26,8781
1,8781
27,8781
1,8782
2,8782
10,8782
17,8783
8,8783
30,8783
22,8784
19,8784
16,8784
24,8784
14,8784
12,8784
23,8784
17,8784
24,8795
16,8795
10,8795
4,8796
24,8796
25,8796
10,8798
11,8798
7,8798
29,8798
20,8798
12,8798
16,8799
27,8799
13,8799
20,8799
29,8799
5,8799
17,8799
29,8800
18,8800
16,8800
4,8800
11,8800
15,8800
18,8804
16,8804
9,8804
4,8804
21,8804
6,8804
26,8807
13,8807
2,8807
12,8807
18,8807
10,8807
24,8808
23,8808
11,8808
13,8808
9,8808
6,8808
20,8808
17,8809
9,8809
3,8809
25,8809
23,8809
7,8809
13,8810
1,8810
27,8810
22,8810
15,8810
14,8813
9,8813
11,8813
23,8813
21,8813
20,8814
5,8814
15,8814
19,8814
22,8814
14,8814
7,8814
8,8814
4,8815
23,8815
16,8815
1,8815
10,8815
12,8815
22,8827
2,8827
5,8827
1,8830
22,8830
10,8830
13,8830
28,8830
2,8830
18,8831
17,8831
21,8831
4,8831
15,8831
10,8831
1,8832
28,8832
24,8832
1,8833
17,8833
9,8833
12,8835
7,8835
15,8835
9,8835
1,8836
2,8836
26,8836
23,8836
15,8836
22,8836
20,8836
7,8836
25,8838
12,8838
1,8838
14,8838
3,8840
30,8840
17,8840
29,8844
2,8844
21,8844
27,8848
8,8848
24,8848
1,8860
9,8860
7,8860
7,8861
3,8861
24,8861
2,8861
29,8861
21,8861
23,8861
5,8861
9,8864
20,8864
18,8864
10,8864
1,8864
5,8864
21,8865
16,8865
15,8865
7,8865
8,8865
28,8866
10,8866
9,8866
23,8866
27,8869
7,8869
24,8869
30,8870
27,8870
4,8870
29,8870
14,8870
1,8870
22,8870
2,8873
1,8873
21,8873
4,8873
17,8874
10,8874
1,8874
20,8874
26,8874
4,8874
5,8874
19,8875
6,8875
20,8875
10,8875
28,8875
25,8875
23,8879
20,8879
19,8879
3,8879
12,8880
7,8880
20,8880
21,8880
15,8894
9,8894
20,8894
17,8905
22,8905
6,8905
15,8905
4,8905
9,8905
21,8905
3,8906
2,8906
21,8906
26,8906
14,8906
1,8906
18,8906
29,8906
8,8907
7,8907
9,8907
18,8907
16,8907
3,8907
6,8907
11,8907
12,8908
27,8908
3,8908
8,8908
24,8908
24,8910
14,8910
7,8910
13,8910
3,8910
18,8910
5,8911
3,8911
23,8911
26,8911
25,8911
27,8911
9,8911
6,8912
4,8912
27,8912
3,8912
1,8914
27,8914
8,8914
23,8914
5,8914
12,8914
14,8914
28,8914
1,8915
29,8915
27,8915
25,8915
12,8915
28,8915
25,8916
29,8916
1,8916
26,8916
1,8917
19,8917
22,8917
18,8917
14,8917
13,8917
5,8917
25,8917
4,8918
25,8918
23,8918
30,8918
20,8918
21,8918
2,8918
3,8918
20,8919
25,8919
1,8919
28,8919
9,8919
6,8920
17,8920
13,8920
9,8920
16,8920
7,8920
1,8920
3,8921
23,8921
8,8921
29,8921
2,8921
3,8928
2,8928
23,8928
21,8928
13,8928
18,8928
15,8928
21,8933
15,8933
11,8933
14,8933
2,8934
21,8934
11,8934
23,8934
10,8934
22,8934
25,8934
29,8934
10,8937
4,8937
19,8937
2,8938
28,8938
23,8938
8,8938
30,8938
30,8939
29,8939
11,8939
5,8939
21,8939
13,8939
24,8939
27,8943
3,8943
22,8943
26,8943
16,8943
30,8946
5,8946
14,8946
23,8946
25,8946
2,8946
28,8946
24,8946
18,8947
26,8947
3,8947
29,8948
23,8948
14,8948
4,8949
25,8949
19,8949
21,8949
10,8949
23,8949
17,8950
13,8950
23,8950
25,8950
4,8950
19,8950
30,8951
9,8951
4,8951
18,8951
13,8951
29,8951
20,8951
7,8952
21,8952
9,8952
19,8952
12,8952
25,8952
4,8954
8,8954
16,8954
18,8954
10,8954
22,8954
3,8955
1,8955
30,8955
15,8957
17,8957
28,8957
27,8957
1,8957
10,8957
30,8957
16,8957
10,8958
26,8958
27,8958
2,8958
13,8958
17,8958
1,8958
5,8959
3,8959
15,8959
26,8961
7,8961
5,8961
30,8961
29,8961
1,8964
23,8964
4,8964
10,8964
29,8964
8,8964
12,8965
10,8965
1,8965
4,8965
21,8965
28,8965
25,8965
4,8966
6,8966
23,8966
12,8966
8,8966
17,8967
4,8967
20,8967
3,8967
9,8967
2,8967
14,8967
27,8968
6,8968
30,8968
3,8968
1,8968
16,8968
26,8968
20,8968
17,8969
20,8969
15,8969
6,8969
10,8969
9,8970
25,8970
12,8970
30,8970
8,8970
20,8972
19,8972
7,8972
8,8972
2,8972
29,8972
1,8973
23,8973
14,8973
6,8973
19,8973
17,8973
9,8973
1,8974
17,8974
5,8974
6,8974
14,8974
16,8974
2,8977
22,8977
27,8977
25,8978
24,8978
30,8978
9,8979
13,8979
29,8979
26,8979
21,8979
28,8979
8,8979
19,8979
24,8981
4,8981
30,8981
1,8982
3,8982
16,8982
5,8982
9,8982
23,8982
7,8983
13,8983
17,8983
1,8984
3,8984
25,8984
9,8984
26,8984
5,8984
8,8984
21,8984
1,8985
30,8985
5,8985
22,8985
7,8985
7,8987
12,8987
23,8987
2,8989
8,8989
14,8989
3,8989
20,8998
15,8998
21,8998
12,8998
17,8998
14,8998
3,8998
16,8998
17,9004
15,9004
3,9004
20,9004
23,9004
16,9005
3,9005
21,9005
24,9005
20,9005
4,9005
5,9008
18,9008
30,9008
11,9008
17,9008
13,9008
27,9008
2,9010
24,9010
29,9010
6,9010
27,9010
28,9010
1,9010
8,9010
6,9018
10,9018
9,9018
22,9018
11,9018
4,9018
1,9018
10,25746
6,25746
20,25746
18,25746
5,25746
24,25746
7,25746
11,25746
28,25750
19,25750
13,25750
5,25750
9,25752
2,25752
15,25752
28,25752
4,25752
21,25753
9,25753
20,25753
18,25753
7,25753
27,25753
10,25753
15,25757
25,25757
17,25757
24,25757
21,25757
28,25757
1,25769
23,25769
16,25769
11,25771
14,25771
26,25771
8,25771
16,25771
5,25771
27,25771
17,25771
7,25773
28,25773
29,25773
24,25773
15,25773
30,25773
26,25773
22,25773
18,25782
7,25782
3,25782
5,25782
16,25782
4,25782
30,25782
14,25788
20,25788
21,25788
22,25788
30,25788
25,25795
6,25795
16,25795
27,25795
4,25797
19,25797
30,25797
25,25805
10,25805
5,25805
3,25825
2,25825
7,25825
18,25826
22,25826
28,25826
3,25826
2,25826
29,25826
14,25826
16,25827
30,25827
10,25827
17,25827
20,25827
9,25827
11,25833
9,25833
14,25833
12,25834
2,25834
26,25834
16,25834
30,25834
8,25834
27,25834
9,25834
18,25841
11,25841
23,25841
6,25841
27,25850
22,25850
15,25850
20,25855
23,25855
6,25855
15,25856
28,25856
9,25856
1,25856
18,25865
22,25865
10,25865
1,25865
21,25865
26,25865
27,25865
15,25870
8,25870
6,25870
28,25870
21,25870
12,25870
16,25870
5,25870
16,25886
27,25886
14,25886
18,25886
23,25886
3,25886
19,25886
13,25886
23,25887
24,25887
7,25887
15,25887
2,25887
4,25887
8,25887
9,25887
21,25898
9,25898
2,25898
3,25898
26,25898
4,25898
14,25905
13,25905
21,25905
11,25905
24,25905
18,25905
27,25905
1,25905
27,25906
17,25906
15,25906
24,25923
28,25923
6,25923
4,25923
18,25923
18,25927
19,25927
29,25927
9,25927
25,25927
28,25927
11,25927
19,25937
22,25937
29,25937
8,25937
4,25937
21,25937
20,25937
12,25937
9,25940
13,25940
19,25940
24,25940
27,25940
30,25940
21,25946
22,25946
4,25946
2,25946
17,25947
14,25947
27,25947
12,25947
2,25947
4,25952
17,25952
11,25952
3,25952
30,25952
16,25952
6,25952
26,25952
8,25959
19,25959
6,25959
28,25959
14,25959
27,25959
22,25959
9,25959
17,25962
21,25962
18,25962
9,25962
30,25962
12,25962
6,25962
29,25963
30,25963
14,25963
5,25963
24,25963
15,25996
17,25996
6,25996
25,25996
22,25996
21,25996
5,25999
28,25999
24,25999
26,25999
1,25999
14,25999
27,25999
12,26002
30,26002
10,26002
26,26002
24,26002
14,26002
19,26002
8,26002
4,26003
10,26003
8,26003
11,26003
13,26003
12,26003
2,26003
22,26003
27,26038
25,26038
15,26038
30,26038
26,26038
16,26038
20,26038
11,26048
29,26048
4,26048
5,26048
2,26048
26,26048
20,26048
13,26052
20,26052
1,26052
26,26052
23,26059
6,26059
13,26059
9,26059
18,26059
30,26073
16,26073
5,26073
1,26073
17,26073
9,26073
4,26073
10,26078
1,26078
20,26078
2,26078
18,26078
12,26078
15,26078
26,26078
10,26082
23,26082
7,26082
4,26082
22,26082
3,26082
22,26084
13,26084
8,26084
23,26084
15,26084
9,26084
24,26084
10,26084
26,26085
24,26085
9,26085
15,26085
13,26095
15,26095
23,26095
30,26095
10,26116
1,26116
17,26116
22,26116
19,26122
4,26122
11,26122
17,26122
24,26122
26,26124
4,26124
3,26124
12,26124
29,26124
29,26131
25,26131
20,26131
9,26131
19,26131
17,26131
4,26131
21,26131
15,26133
14,26133
6,26133
26,26133
2,26133
3,26133
28,26142
23,26142
2,26142
6,26142
1,26147
6,26147
11,26147
16,26147
10,26150
7,26150
28,26150
9,26150
4,26150
15,26150
11,26150
2,26150
8,26151
27,26151
18,26151
10,26151
6,26151
29,26151
12,26151
12,26152
2,26152
28,26152
7,26152
14,26152
8,26152
8,26158
30,26158
20,26158
23,26159
22,26159
20,26159
29,26159
13,26159
14,26159
11,26159
28,26159
10,26169
2,26169
5,26169
17,26169
14,26169
1,26169
13,26169
23,26169
27,26171
24,26171
22,26171
19,26171
17,26171
29,26171
7,26171
6,26172
19,26172
1,26172
7,26172
4,26172
11,26172
10,26172
28,26172
30,26176
22,26176
21,26176
28,26176
11,26176
4,26183
17,26183
23,26183
6,26183
30,26183
27,26183
4,26184
28,26184
2,26184
12,26184
17,26184
3,26184
13,26184
8,26195
28,26195
12,26195
27,26195
27,26198
15,26198
23,26198
20,26198
7,26198
13,26198
2,26198
19,26225
21,26225
14,26225
4,26225
5,26225
24,26225
28,26225
4,26231
12,26231
2,26231
13,26231
18,26231
8,26231
14,26236
9,26236
12,26236
5,26237
20,26237
14,26237
19,26242
21,26242
10,26242
17,26242
14,26242
30,26242
9,26242
1,26242
2,26249
19,26249
26,26249
25,26249
28,26249
1,26249
16,26249
17,26249
24,26258
22,26258
9,26258
15,26258
7,26258
1,26265
10,26265
2,26265
24,26283
17,26283
12,26283
14,26283
25,26283
27,26283
5,26283
10,26285
30,26285
7,26285
3,26285
6,26285
8,26285
20,26303
29,26303
12,26303
28,26308
11,26308
25,26308
28,26313
23,26313
5,26313
18,26313
24,26313
5,26317
29,26317
25,26317
24,26317
6,26317
28,26317
15,26317
27,26322
5,26322
28,26322
14,26322
7,26322
30,26322
9,26322
26,26322
6,26326
25,26326
11,26326
2,26326
28,26326
17,26326
3,26326
19,26326
10,26340
27,26340
14,26340
20,26340
2,26340
26,26344
20,26344
9,26344
8,26347
12,26347
22,26347
10,26347
25,26347
7,26347
28,26347
9,26350
25,26350
10,26350
27,26350
9,26357
1,26357
24,26357
8,26357
20,26357
4,26357
15,26357
23,26359
16,26359
10,26359
9,26359
8,26359
17,26359
2,26365
27,26365
4,26365
30,26365
3,26365
6,26365
26,26365
14,26366
2,26366
5,26366
16,26366
30,26366
25,26375
11,26375
28,26375
27,26375
4,26375
10,26375
13,26375
16,26386
29,26386
30,26386
9,26391
18,26391
3,26391
12,26391
1,26391
15,26391
7,26394
24,26394
28,26394
20,26394
23,26394
14,26394
8,26399
14,26399
4,26399
29,26399
7,26399
28,26401
19,26401
26,26401
27,26409
17,26409
26,26409
30,26409
17,26413
25,26413
15,26413
14,26413
10,26413
13,26413
29,26413
2,26413
5,26422
4,26422
18,26422
28,26422
11,26422
23,26422
16,26429
29,26429
12,26429
23,26429
3,26429
13,26444
25,26444
11,26444
5,26444
6,26453
28,26453
7,26453
9,26453
27,26464
25,26464
22,26464
29,26464
26,26464
22,26467
14,26467
19,26467
21,26467
15,26467
23,26467
29,26467
29,26471
8,26471
12,26471
3,26471
1,26471
22,26472
26,26472
4,26472
27,26472
13,26472
12,26472
9,26472
3,26472
23,26492
15,26492
24,26492
8,26492
25,26498
30,26498
28,26498
8,26498
2,26498
4,26498
7,26498
1,26498
21,26504
11,26504
7,26504
17,26504
28,26504
13,26504
1,26504
20,26510
16,26510
28,26510
1,26510
13,26510
25,26510
18,26510
1,26523
28,26523
8,26523
3,26523
5,26524
10,26524
13,26524
9,26524
15,26524
11,26527
26,26527
20,26527
10,26527
25,26527
10,26528
30,26528
20,26528
14,26528
29,26528
23,26528
19,26528
10,26539
15,26539
12,26539
27,26542
17,26542
18,26542
20,26542
22,26547
11,26547
29,26547
18,26554
19,26554
6,26554
12,26555
15,26555
19,26555
13,26562
24,26562
5,26562
7,26562
16,26562
18,26562
17,26562
6,26564
29,26564
26,26564
10,26567
4,26567
19,26567
28,26567
24,26567
2,26567
14,26567
18,26578
9,26578
20,26578
4,26585
29,26585
26,26585
24,26585
19,26587
14,26587
25,26587
28,26587
21,26587
13,26587
18,26590
30,26590
10,26590
19,26593
7,26593
2,26593
20,26593
18,26593
14,26593
30,26593
16,26593
7,26599
5,26599
15,26599
16,26599
19,26599
28,26599
17,26599
18,26603
8,26603
14,26603
26,26603
24,26603
20,26606
12,26606
13,26606
1,26606
16,26606
17,26606
28,26606
21,26612
10,26612
11,26612
27,26612
26,26612
14,26612
1,26612
28,26612
30,26614
28,26614
12,26614
8,26622
9,26622
13,26622
1,26622
2,26622
4,26622
1,26629
22,26629
10,26629
30,26629
4,26629
27,26629
17,26630
20,26630
12,26630
25,26630
7,26630
28,26630
19,26630
27,26630
2,26631
7,26631
18,26631
22,26645
2,26645
1,26645
18,26645
25,26645
13,26645
26,26645
25,26649
16,26649
9,26649
11,26649
18,26649
2,26649
1,26662
3,26662
23,26662
11,26662
10,26662
1,26676
23,26676
5,26676
25,26676
16,26676
10,26676
15,26676
2,26676
19,26680
14,26680
30,26680
28,26680
17,26680
12,26680
29,26680
17,26681
19,26681
7,26681
25,26681
14,26681
20,26686
19,26686
6,26686
12,26686
4,26686
25,26686
15,26686
29,26693
3,26693
9,26693
21,26693
15,26693
20,26693
3,26694
15,26694
9,26694
24,26695
15,26695
29,26695
5,26695
7,26695
20,26696
28,26696
26,26696
21,26696
18,26696
4,26696
8,26696
24,26696
21,26700
27,26700
24,26700
21,26701
4,26701
8,26701
2,26701
17,26701
1,26701
1,26704
12,26704
9,26704
22,26704
14,26712
28,26712
22,26712
27,26712
21,26712
4,26713
11,26713
2,26713
1,26717
11,26717
3,26717
7,26717
6,26717
28,26717
13,26717
3,26726
20,26726
13,26726
22,26726
24,26726
29,26726
8,26726
7,26726
1,26729
10,26729
18,26729
28,26732
25,26732
18,26732
20,26732
3,26732
27,26732
1,26736
19,26736
4,26736
11,26736
22,26741
19,26741
13,26741
30,26741
15,26741
26,26743
25,26743
21,26743
26,26745
15,26745
30,26745
11,26745
8,26745
28,26745
3,26745
12,26745
27,26750
13,26750
4,26750
1,26761
22,26761
21,26761
4,26761
6,26761
16,26761
23,26761
29,26761
17,26764
2,26764
12,26764
19,26764
28,26764
3,26764
6,26765
14,26765
7,26765
26,26776
11,26776
7,26776
28,26776
9,26776
6,26776
27,26777
20,26777
29,26777
30,26777
3,26777
28,26777
21,26777
8,26777
16,26778
17,26778
6,26778
20,26778
10,26778
29,26778
8,26782
21,26782
25,26782
28,26791
19,26791
22,26791
10,26791
27,26791
13,26791
25,26791
20,26792
2,26792
27,26792
23,26792
1,26792
18,26796
15,26796
11,26796
21,26796
26,26796
29,26796
30,26797
20,26797
21,26797
29,26810
14,26810
25,26810
15,26810
22,26810
27,26810
21,26810
7,26812
25,26812
16,26812
24,26812
29,26812
13,26812
27,26812
22,26812
2,26819
19,26819
10,26819
4,26819
24,26819
8,26819
21,26819
11,26828
9,26828
13,26828
8,26828
24,26838
5,26838
19,26838
17,26838
21,26840
18,26840
4,26840
17,26840
9,26849
6,26849
14,26849
5,26849
24,26849
17,26849
12,26849
20,26854
21,26854
2,26854
28,26854
3,26854
30,26854
17,26854
10,26854
4,26861
17,26861
29,26861
8,26861
28,26861
30,26861
16,26861
1,26865
4,26865
14,26865
19,26865
15,26865
23,26865
22,26865
28,26870
15,26870
24,26870
8,26870
21,26870
27,26871
17,26871
29,26871
13,26871
24,26871
10,26871
25,26871
10,26875
14,26875
30,26875
5,26875
15,26875
17,26875
2,26875
25,26875
4,26887
17,26887
10,26887
22,26887
1,26900
3,26900
4,26900
17,26900
10,26900
7,26900
21,26900
2,26900
25,26901
17,26901
8,26901
22,26901
15,26901
10,26901
4,26901
1,26903
26,26903
4,26903
2,26903
6,26903
29,26903
12,26913
5,26913
3,26913
26,26913
21,26913
2,26913
29,26928
1,26928
17,26928
10,26928
25,26928
16,26928
26,26928
27,26928
8,26940
22,26940
17,26940
9,26940
4,26947
17,26947
13,26947
29,26947
2,26947
27,26947
10,26947
8,26947
4,26958
28,26958
23,26958
24,26958
21,26965
3,26965
18,26965
5,26974
3,26974
7,26974
26,26974
18,26974
9,26974
2,26974
14,26974
15,26985
22,26985
3,26985
10,26999
4,26999
24,26999
27,26999
13,27002
14,27002
29,27002
20,27002
9,27002
28,27003
17,27003
19,27003
16,27003
14,27003
9,27003
10,27003
1,27006
4,27006
21,27006
24,27006
29,27006
23,27006
12,27006
1,27008
19,27008
25,27008
30,27008
13,27008
10,27008
4,27008
13,27020
11,27020
29,27020
5,27020
9,27020
26,27020
1,27022
4,27022
28,27022
11,27022
18,27022
7,27022
25,27022
1,27032
7,27032
6,27032
18,27036
11,27036
9,27036
7,27036
27,27036
3,27036
2,27036
28,27074
26,27074
27,27074
19,27074
25,27074
1,27074
4,27075
17,27075
24,27075
28,27075
5,27075
26,27075
19,27075
9,27075
12,27105
11,27105
24,27105
25,27124
29,27124
27,27124
16,27134
7,27134
1,27134
23,27134
10,27134
5,27134
11,27134
15,27134
20,27140
1,27140
29,27140
4,27140
1,27155
6,27155
27,27155
24,27155
23,27155
15,27155
15,27156
28,27156
10,27156
6,27176
18,27176
23,27176
12,27176
15,27176
28,27178
5,27178
29,27178
18,27186
24,27186
25,27186
2,27193
3,27193
16,27193
17,27193
28,27193
27,27193
9,27193
14,27193
19,27246
12,27246
10,27246
26,27246
5,27246
24,27251
15,27251
8,27251
26,27251
28,27251
21,27251
3,27251
1,27255
29,27255
13,27255
29,27266
3,27266
27,27266
22,27306
25,27306
10,27306
28,27306
29,27306
6,27306
1,27306
1,27311
2,27311
7,27311
29,27311
8,27311
1,27317
5,27317
12,27317
25,27317
11,27320
13,27320
30,27320
2,27320
16,27320
26,27320
28,27320
3,27320
26,27328
13,27328
12,27328
14,27328
1,27328
22,27328
17,27328
29,27328
8,27329
30,27329
9,27329
21,27329
18,27329
23,27329
6,27368
19,27368
5,27368
25,27368
9,27368
2,27369
4,27369
23,27369
19,27369
22,27370
13,27370
6,27370
4,27370
16,27370
29,27370
30,27370
19,27370
3,27373
20,27373
18,27373
30,27373
6,27373
1,27373
19,27373
5,27397
26,27397
2,27397
8,27397
1,27397
18,27397
22,27397
6,27408
14,27408
30,27408
29,27408
1,27408
12,27408
9,27408
12,27416
26,27416
7,27416
30,27416
9,27416
20,27416
4,27416
28,27416
1,27420
11,27420
14,27420
26,27420
29,27420
24,27420
4,27420
2,27420
1,27426
30,27426
4,27426
1,27434
22,27434
3,27434
14,27434
27,27441
29,27441
10,27441
20,27441
1,27441
9,27450
3,27450
11,27450
21,27450
15,27473
7,27473
26,27473
17,27473
28,27473
4,27473
2,27478
27,27478
20,27478
17,27478
1,27480
8,27480
13,27480
23,27480
24,27480
12,27480
28,27480
26,27480
30,27482
13,27482
17,27482
23,27491
11,27491
25,27491
24,27513
3,27513
2,27513
9,27513
8,27513
19,27513
27,27523
16,27523
26,27523
24,27523
17,27523
1,27523
28,27523
11,27523
10,27537
20,27537
22,27537
16,27537
15,27537
28,27539
7,27539
25,27539
22,27539
10,27549
26,27549
25,27549
20,27549
23,27549
28,27549
16,27549
4,27555
18,27555
2,27555
20,27563
1,27563
16,27563
30,27563
23,27563
7,27563
25,27563
1,27584
29,27584
16,27584
20,27584
21,27592
8,27592
25,27592
10,27592
27,27592
29,27592
24,27592
30,27592
8,27595
26,27595
13,27595
25,27595
18,27595
24,27604
30,27604
23,27604
2,27604
12,27604
26,27604
19,27604
1,27604
9,27611
10,27611
1,27611
28,27611
2,27611
16,27611
14,27618
18,27618
10,27618
20,27618
27,27618
19,27619
24,27619
5,27619
1,27619
18,27627
28,27627
21,27627
29,27627
17,27627
5,27627
15,27627
10,27627
15,27644
24,27644
12,27644
25,27644
21,27644
13,27644
27,27660
11,27660
6,27660
28,27660
5,27664
11,27664
1,27664
16,27664
19,27664
18,27664
19,27667
25,27667
20,27667
12,27667
17,27667
21,27667
29,27667
24,27674
20,27674
26,27674
6,27674
11,27674
1,27683
5,27683
16,27683
12,27683
10,27683
8,27685
24,27685
27,27685
20,27685
4,27685
14,27685
17,27685
11,27685
9,27689
29,27689
5,27689
3,27689
2,27689
11,27689
24,27692
12,27692
6,27692
29,27692
7,27692
18,27692
22,27692
1,27692
3,27695
10,27695
14,27695
29,27695
21,27704
25,27704
16,27704
17,27704
1,27705
19,27705
8,27705
9,27705
6,27705
27,27705
2,27706
26,27706
9,27706
5,27706
1,27706
8,27706
8,27708
5,27708
23,27708
3,27708
24,27708
22,27708
10,27708
12,27716
15,27716
11,27716
3,27716
28,27716
25,27716
17,27716
4,27716
25,27721
24,27721
21,27721
2,27721
9,27721
1,27722
8,27722
14,27722
29,27722
7,27728
21,27728
1,27728
17,27728
30,27731
9,27731
15,27731
1,27741
27,27741
5,27741
28,27741
7,27744
10,27744
11,27744
28,27744
2,27744
11,27746
16,27746
21,27746
28,27746
9,27751
5,27751
22,27751
13,27751
21,27751
20,27751
15,27751
27,27751
12,27762
25,27762
23,27762
2,27762
5,27762
28,27762
1,27762
3,27762
1,27768
9,27768
26,27768
25,27768
5,27768
2,27768
14,27768
11,27769
29,27769
4,27769
6,27769
3,27769
14,27769
25,27769
19,27772
21,27772
23,27772
1,27773
26,27773
24,27773
4,27773
18,27776
1,27776
21,27776
23,27776
27,27776
3,27776
29,27776
19,27776
7,27778
6,27778
30,27778
11,27784
12,27784
21,27784
28,27784
5,27784
16,27784
24,27784
7,27788
10,27788
8,27788
23,27788
9,27788
4,27788
1,27790
22,27790
2,27790
14,27790
15,27790
20,27790
21,27790
6,27793
8,27793
12,27793
1,27801
19,27801
2,27801
4,27801
26,27801
1,27802
8,27802
2,27802
19,27802
13,27802
16,27802
25,27802
17,27802
9,27803
18,27803
26,27803
15,27803
4,27808
27,27808
29,27808
19,27808
12,27808
18,27808
8,27808
2,27808
4,27815
16,27815
5,27815
30,27815
23,27815
8,27815
1,27816
9,27816
3,27816
5,27816
8,27816
24,27816
30,27816
28,27820
4,27820
3,27820
1,27820
5,27820
29,27820
18,27820
17,27821
4,27821
22,27821
9,27821
30,27821
11,27821
12,27822
22,27822
11,27822
24,27822
27,27822
1,27822
15,27822
20,27822
20,27826
11,27826
3,27826
1,27826
23,27826
10,27826
5,27826
4,27826
19,27829
22,27829
7,27829
6,27829
8,27830
3,27830
18,27830
28,27830
14,27830
8,27831
19,27831
20,27831
13,27831
3,27831
7,27831
10,27834
1,27834
12,27834
9,27834
1,27837
20,27837
18,27837
7,27838
25,27838
11,27838
29,27838
17,27838
10,27838
18,27838
1,27838
1,27839
20,27839
28,27839
15,27839
5,27839
16,27839
22,27846
29,27846
15,27846
30,27846
10,27846
9,27846
4,27846
10,27850
4,27850
17,27850
2,27850
30,27850
21,27850
3,27850
23,27850
24,27865
4,27865
15,27865
12,27865
13,27866
18,27866
23,27866
24,27866
7,27866
25,27866
10,27866
30,27866
30,27869
20,27869
27,27869
23,27873
15,27873
20,27873
4,27873
14,27873
3,27878
29,27878
25,27878
22,27878
10,27878
9,27878
23,27879
2,27879
24,27879
3,27879
5,27879
8,27879
5,27882
12,27882
3,27882
27,27882
15,27882
11,27899
4,27899
9,27899
23,27899
27,27899
28,27899
1,27904
6,27904
18,27904
1,27905
15,27905
3,27905
19,27905
29,27905
18,27905
27,27912
3,27912
26,27912
19,27912
11,27912
15,27912
8,27912
14,30707
21,30707
1,30707
20,30707
11,30707
17,30707
26,30707
26,30745
3,30745
20,30745
5,30745
10,30745
1,30749
17,30749
14,30749
16,30749
8,30749
7,30749
28,30749
19,30793
9,30793
12,30793
1,30793
29,30793
1,30803
9,30803
21,30803
7,30803
13,30810
3,30810
25,30810
17,30810
19,30810
18,30810
18,30812
29,30812
1,30812
7,30812
20,30812
19,30812
15,30816
18,30816
27,30816
4,30816
13,30816
17,30816
20,30818
10,30818
15,30818
14,30818
6,30818
5,30818
8,30820
24,30820
25,30820
13,30820
1,30822
18,30822
29,30822
19,30822
23,30822
2,30822
28,30822
8,30822
21,30825
13,30825
16,30825
25,30825
9,30825
28,30825
8,30825
23,30846
22,30846
19,30846
18,30846
10,30846
4,30846
25,30848
3,30848
7,30848
10,30848
5,30848
29,30848
19,30848
1,30850
23,30850
19,30850
9,30850
21,30883
14,30883
12,30883
24,30883
8,30883
25,30883
20,30883
1,30890
26,30890
3,30890
14,30890
9,30890
21,30890
7,30892
19,30892
6,30892
20,30892
29,30892
14,30892
22,30892
29,30894
1,30894
4,30894
14,30894
30,30894
9,30894
16,30898
5,30898
7,30898
29,30898
21,30898
10,30898
1,30898
8,30994
3,30994
7,30994
19,30994
14,30994
6,30994
16,30994
23,31000
21,31000
29,31000
26,31000
5,31000
24,31030
4,31030
11,31030
21,31030
22,31038
30,31038
5,31038
18,31038
21,31038
12,31038
9,31038
14,31038
22,31049
27,31049
17,31049
6,31083
19,31083
13,31083
30,31083
23,31086
27,31086
8,31086
25,31101
6,31101
8,31101
26,31114
20,31114
24,31114
28,31114
1,31114
9,31116
26,31116
12,31116
2,31116
1,31116
5,31116
3,31123
8,31123
19,31123
16,31150
25,31150
18,31150
30,31150
4,31150
8,31150
3,31150
17,31150
1,31162
7,31162
22,31162
1,31184
9,31184
13,31184
29,31184
14,31184
25,31193
23,31193
14,31193
25,31221
7,31221
8,31221
19,31221
5,31221
30,31223
19,31223
25,31223
9,31225
5,31225
30,31225
18,31260
16,31260
25,31260
21,31260
22,31260
29,31260
24,31297
30,31297
12,31297
1,31297
17,31297
2,31297
11,31297
2,31309
17,31309
24,31309
18,31309
11,31309
25,31309
22,31309
23,31364
4,31364
1,31364
27,31364
28,31364
30,31364
22,31364
9,31364
6,31367
13,31367
22,31367
1,31367
7,31367
2,31410
12,31410
20,31410
5,31410
14,31420
17,31420
13,31420
8,31420
23,31422
2,31422
14,31422
12,31422
24,31422
21,31422
3,31424
17,31424
16,31424
9,31424
12,31427
8,31427
5,31427
1,31427
20,31427
7,31431
5,31431
16,31431
2,31431
1,31433
21,31433
24,31433
23,31435
6,31435
27,31435
1,31435
1,31437
27,31437
17,31437
25,31437
5,31437
29,31445
13,31445
26,31445
5,31445
8,31445
12,31522
22,31522
6,31522
10,31522
19,31545
26,31545
20,31545
15,31545
13,31545
6,31545
14,31553
13,31553
22,31553
23,31553
4,31553
25,31590
20,31590
26,31590
10,31590
17,31590
4,31590
21,31590
16,31590
16,31610
27,31610
4,31610
10,31610
26,31610
8,31610
18,31610
10,31617
17,31617
20,31617
28,31617
14,31617
8,31617
22,31617
27,31658
3,31658
9,31658
12,31658
10,31658
2,31658
4,31658
20,31660
22,31660
28,31660
12,31664
16,31664
22,31664
19,31664
8,31664
3,31664
25,31664
7,31664
20,31685
4,31685
21,31685
11,31685
7,31685
25,31692
27,31692
22,31692
26,31692
28,31692
24,31692
18,31692
8,31694
12,31694
29,31694
11,31694
9,31694
14,31696
12,31696
21,31696
30,31696
18,31696
4,31698
10,31698
11,31698
17,31698
15,31698
10,31700
9,31700
4,31700
1,31702
29,31702
21,31702
29,31737
18,31737
9,31737
6,31737
15,31737
27,31737
30,31737
25,31804
13,31804
24,31804
23,31851
10,31851
26,31851
1,31867
4,31867
10,31867
18,31878
2,31878
25,31878
24,31878
14,31903
30,31903
11,31903
1,31909
2,31909
6,31909
20,31909
19,31909
25,31909
10,31921
27,31921
24,31921
14,31921
3,31921
18,31921
17,31921
30,31921
28,31923
14,31923
29,31923
13,31923
11,31923
15,31925
10,31925
4,31925
22,31925
9,31925
14,31925
26,31952
29,31952
15,31952
28,31952
19,31952
10,31952
11,31973
7,31973
21,31973
28,31973
26,31973
10,31973
23,31973
30,31973
1,32009
20,32009
16,32009
3,32009
21,32009
7,32009
25,32009
1,32011
27,32011
30,32011
8,32011
3,32011
10,32011
13,32017
18,32017
23,32017
2,32017
8,32017
22,32017
9,32017
7,32017
22,32019
3,32019
13,32019
29,32022
8,32022
26,32022
15,32022
13,32022
6,32022
16,32022
1,32029
6,32029
8,32029
9,32029
27,32029
30,32031
20,32031
27,32031
7,32031
15,32058
23,32058
27,32058
4,32058
10,32058
19,32058
25,32058
18,32060
24,32060
7,32060
23,32060
9,32060
30,32060
11,32060
2,32060
30,32116
22,32116
10,32116
25,32116
13,32116
20,32116
14,32116
4,32116
26,32139
15,32139
29,32139
14,32139
21,32139
26,32160
4,32160
16,32160
24,32160
18,32160
15,32160
30,32179
15,32179
23,32179
10,32179
8,32179
20,32179
25,32179
17,32213
2,32213
28,32213
10,32213
19,32213
30,32213
11,32213
5,32234
11,32234
25,32234
19,32234
22,32234
26,32234
26,32243
25,32243
27,32243
24,32243
17,32243
1,32289
2,32289
9,32289
15,32289
20,32289
23,32289
19,32289
26,32289
1,32291
24,32291
20,32291
29,32291
9,32291
17,32294
10,32294
22,32294
2,32294
6,32294
14,32294
8,32294
20,32294
21,32296
1,32296
27,32296
2,32296
11,32296
6,32296
23,32298
18,32298
30,32298
13,32298
16,32300
24,32300
23,32300
17,32302
14,32302
27,32302
6,32302
8,32302
9,32314
14,32314
27,32314
11,32314
9,32371
6,32371
2,32371
4,32371
19,32371
30,32387
17,32387
9,32387
10,32387
19,32387
27,32387
26,32387
3,32387
1,32392
7,32392
11,32392
27,32392
4,32392
23,32392
13,32392
22,32440
14,32440
3,32440
9,32440
2,32442
3,32442
18,32442
1,32456
26,32456
6,32456
17,32456
5,32456
28,32456
10,32456
23,32456
2,32460
1,32460
30,32460
17,32460
14,32469
25,32469
29,32469
21,32469
1,32469
24,32469
11,32511
26,32511
7,32511
28,32515
19,32515
23,32515
5,32515
24,32515
1,32554
22,32554
18,32554
17,32554
29,32554
16,32554
30,32554
20,32582
15,32582
1,32582
2,32582
30,32582
16,32584
13,32584
5,32584
23,32587
7,32587
3,32587
16,32587
11,32587
12,32587
6,32587
10,32589
16,32589
25,32589
7,32589
23,32589
5,32589
18,32596
30,32596
20,32596
11,32596
2,32596
15,32596
6,32598
20,32598
15,32598
22,32598
16,32598
29,32598
25,32598
24,32600
14,32600
15,32600
30,32600
13,32600
10,32600
21,32600
10,32620
27,32620
6,32620
30,32632
20,32632
16,32632
5,32632
1,32632
25,32649
22,32649
6,32649
18,32649
12,32649
17,32649
24,32649
29,32649
1,32657
3,32657
22,32657
25,32657
4,32657
12,32657
8,32657
3,32659
8,32659
17,32659
2,32659
6,32666
8,32666
26,32666
30,32666
22,32666
28,32666
11,32666
27,32728
12,32728
11,32728
6,32728
19,32728
7,32728
2,32728
3,32728
9,32743
20,32743
25,32743
17,32743
23,32743
4,32743
30,32743
11,32743
1,32770
11,32770
20,32770
15,32770
24,32770
5,32770
11,32799
18,32799
4,32799
29,32799
2,32862
28,32862
17,32862
22,32862
11,32862
24,32862
8,32875
27,32875
26,32875
28,32875
21,32892
16,32892
15,32892
4,32892
23,32892
9,32892
24,32892
29,32898
13,32898
21,32898
27,32898
25,32906
2,32906
14,32906
1,32906
6,32906
13,32906
22,32914
24,32914
18,32914
25,32914
22,32917
13,32917
21,32917
29,32917
30,33004
12,33004
14,33004
6,33004
8,33004
24,33004
1,33085
26,33085
23,33085
12,33085
24,33090
17,33090
26,33090
21,33090
3,33090
22,33090
27,33124
10,33124
17,33124
15,33124
3,33124
1,33124
6,33124
26,33126
1,33126
28,33126
25,33126
27,33126
19,33126
9,33126
25,33132
16,33132
6,33132
22,33138
24,33138
15,33138
20,33138
16,33138
6,33138
4,33138
3,33138
22,33145
20,33145
29,33145
15,33145
7,33145
13,33145
5,33148
18,33148
15,33148
13,33148
14,33148
21,33154
6,33154
7,33154
6,33158
10,33158
13,33158
18,33158
24,33158
1,33158
12,33162
3,33162
5,33162
23,33164
3,33164
9,33164
2,33164
21,33164
21,33166
25,33166
6,33166
28,33166
15,33166
11,33166
26,33166
16,33166
1,33171
14,33171
30,33171
17,33188
25,33188
24,33188
2,33188
23,33188
15,33188
7,33188
3,33201
14,33201
19,33201
27,33201
16,33201
1,33201
25,33201
10,33201
24,33237
13,33237
10,33237
19,33237
14,33237
5,33237
15,33237
30,33294
13,33294
17,33294
2,33294
26,33294
15,33294
29,33294
4,33310
8,33310
28,33310
27,33310
14,33312
25,33312
12,33312
5,33312
6,33312
15,33312
11,33421
6,33421
15,33421
22,33421
17,33435
16,33435
20,33435
28,33435
6,33437
20,33437
27,33437
21,33437
22,33437
19,33437
24,33437
25,33493
13,33493
30,33493
2,33493
26,33493
19,33493
30,33495
18,33495
1,33495
13,33495
2,33495
24,33495
29,33499
16,33499
5,33499
26,33499
13,33499
27,33499
17,33499
1,33558
26,33558
4,33558
12,33558
10,33564
3,33564
1,33564
8,33564
2,33564
19,33615
11,33615
2,33615
8,33615
29,33615
17,33615
25,33629
13,33629
6,33629
10,33629
15,33639
7,33639
29,33639
2,33639
25,33639
28,33639
5,33644
1,33644
22,33644
25,33644
14,33644
6,33644
28,33644
18,33646
20,33646
5,33646
2,33649
11,33649
16,33649
4,33649
1,33660
10,33660
23,33660
24,33660
29,33660
11,33660
1,33669
19,33669
28,33669
22,33669
7,33669
1,33672
29,33672
14,33672
27,33672
7,33677
29,33677
3,33677
22,33677
23,33677
26,33677
5,33677
1,33679
23,33679
26,33679
19,33679
4,33679
18,33679
1,33681
25,33681
29,33681
6,33681
5,33681
26,33681
5,33683
28,33683
19,33683
2,33725
1,33725
28,33725
14,33725
23,33725
24,33725
9,33725
6,33725
8,33779
26,33779
28,33779
30,33779
7,33779
17,33779
3,33779
28,33781
27,33781
2,33781
30,33781
16,33781
1,33781
13,33781
11,33781
1,33794
16,33794
12,33794
8,33794
22,33794
12,33801
21,33801
25,33801
1,33801
22,33801
1,33815
10,33815
15,33815
4,33815
6,33815
9,33815
14,33815
1,33826
17,33826
24,33826
28,33826
16,33826
19,33826
8,33826
15,33826
1,33830
3,33830
11,33830
1,33834
2,33834
11,33834
30,33834
15,33834
13,33834
10,33836
9,33836
3,33836
8,33836
14,33838
22,33838
18,33838
10,33838
24,33838
6,33880
4,33880
5,33880
11,33880
17,33880
18,33893
24,33893
17,33893
19,33893
2,33893
1,33893
28,33893
24,33896
18,33896
29,33896
25,33896
12,33903
18,33903
20,33903
27,33903
1,33903
23,33903
10,33966
17,33966
7,33966
5,33966
30,34018
19,34018
27,34018
1,34018
26,34048
1,34048
21,34048
4,34048
6,34072
20,34072
24,34072
28,34072
5,34072
15,34072
23,34072
22,34072
16,34129
6,34129
18,34129
2,34129
23,34129
19,34129
10,34129
1,34143
15,34143
7,34143
13,34143
19,34148
11,34148
30,34148
10,34148
24,34148
13,34148
14,34148
8,34148
2,34150
22,34150
13,34150
28,34150
8,34150
14,34150
18,34153
2,34153
21,34153
24,34153
17,34153
25,34153
18,34162
5,34162
25,34162
21,34162
20,34162
19,34164
28,34164
25,34164
13,34164
10,34164
8,34164
30,34164
2,34164
26,34271
14,34271
17,34271
1,34271
7,34271
26,34292
7,34292
19,34292
28,34292
8,34292
23,34312
10,34312
16,34312
9,34319
3,34319
11,34319
28,34319
14,34319
17,34321
14,34321
12,34321
20,34321
26,34323
7,34323
14,34323
20,34323
1,34326
19,34326
15,34326
21,34326
2,34326
13,34330
11,34330
8,34330
15,34330
5,34330
29,34332
27,34332
12,34332
14,34332
28,34332
2,34334
5,34334
28,34334
17,34334
12,34336
2,34336
8,34336
27,34336
30,34336
11,34338
21,34338
4,34338
25,34338
22,34338
2,34338
3,34338
26,34338
6,34359
29,34359
4,34359
28,34397
7,34397
13,34397
8,34405
18,34405
23,34405
28,34405
26,34405
5,34405
22,34405
27,34405
22,34437
19,34437
29,34437
21,34437
17,34437
3,34437
3,34450
19,34450
12,34450
21,34450
8,34482
15,34482
23,34482
18,34482
25,34482
19,34482
1,34482
3,34482
1,34520
13,34520
25,34520
24,34520
21,34520
16,34520
9,34520
2,34520
3,34523
1,34523
17,34523
1,34528
7,34528
4,34528
24,34528
18,34528
26,34530
30,34530
22,34530
4,34530
29,34530
18,34530
21,34532
2,34532
30,34532
11,34534
19,34534
15,34534
17,34534
7,34534
13,34534
30,34534
4,34534
9,34536
16,34536
10,34536
1,34540
20,34540
28,34540
23,34540
10,34540
8,34540
19,34540
10,34542
1,34542
4,34542
9,34542
12,34542
29,34542
24,34542
10,34800
16,34800
14,34800
22,34800
26,34800
29,34800
6,34800
5,34811
22,34811
17,34811
27,34811
20,35015
10,35015
1,35015
19,35015
23,35015
16,35015
30,35347
20,35347
28,35347
16,35807
24,35807
30,35807
7,35807
20,35807
11,35807
21,35836
14,35836
11,35836
23,35836
11,35957
1,35957
6,35957
1,36276
24,36276
25,36276
11,36276
30,36276
21,36276
21,36289
24,36289
8,36289
30,36289
12,36289
2,36289
28,36289
14,36363
22,36363
4,36363
19,36363
2,36363
11,36363
10,36397
28,36397
3,36397
17,36397
26,36397
21,36397
21,36401
1,36401
5,36401
25,36401
8,36477
5,36477
6,36477
24,36477
20,36477
1,36477
14,36477
19,36477
2,36509
30,36509
18,36509
4,36509
28,36509
17,36517
6,36517
15,36517
18,36517
16,36517
1,36517
8,36517
26,36517
5,36519
12,36519
29,36519
17,36519
6,36519
4,36519
28,36519
16,36519
8,36525
6,36525
21,36525
3,36525
2,36525
25,36525
13,36525
12,36525
2,36527
13,36527
22,36527
21,36527
19,36527
29,36527
9,36527
1,36529
21,36529
17,36529
3,36529
14,36529
2,36529
30,36529
29,36529
27,36533
22,36533
5,36533
21,36535
10,36535
26,36535
15,36535
5,36537
17,36537
22,36537
14,36537
21,36537
30,36708
15,36708
26,36708
2,36708
19,36708
27,36708
29,36708
12,36850
28,36850
17,36850
14,36850
30,36850
4,36931
26,36931
9,36931
16,36931
7,36931
25,36931
5,36931
27,36931
15,37211
3,37211
30,37211
29,37211
19,37211
5,37240
19,37240
1,37240
1,37380
3,37380
23,37380
7,37380
22,37380
10,37380
12,37382
25,37382
11,37382
5,37384
16,37384
29,37384
13,37384
26,37384
1,37386
22,37386
13,37386
8,37386
17,37386
14,37386
11,37444
16,37444
13,37444
25,37444
4,37444
17,37444
24,37444
4,37475
22,37475
17,37475
12,37477
30,37477
1,37477
5,37477
15,37477
10,37477
30,37495
23,37495
14,37495
8,37495
20,37495
16,37495
10,37545
15,37545
23,37545
28,37545
7,37545
29,37545
19,37545
24,37545
14,37720
11,37720
13,37720
7,37720
20,37720
22,37720
28,37727
12,37727
11,37727
23,37727
5,37729
23,37729
19,37729
21,37731
9,37731
7,37731
27,37731
30,37733
10,37733
1,37733
27,37733
8,37733
28,37733
1,37736
19,37736
18,37736
16,37736
15,37736
25,37736
13,37736
1,37739
12,37739
24,37739
4,37739
20,37739
14,37739
27,37739
22,37741
24,37741
5,37741
3,37741
1,37830
27,37830
17,37830
10,37830
24,37830
5,37830
29,37844
16,37844
30,37844
1,37853
23,37853
14,37853
16,37853
17,37853
5,37853
20,37853
22,37853
1,37857
25,37857
7,37857
21,37857
11,37857
12,37857
8,37857
21,38038
7,38038
19,38038
5,38038
18,38038
10,38038
1,38061
14,38061
10,38061
4,38061
6,38061
12,38061
26,38095
1,38095
19,38095
30,38095
6,38095
13,38095
3,38095
22,38159
4,38159
5,38159
3,38159
12,38159
1,38159
19,38159
27,38159
23,38164
3,38164
20,38164
17,38164
4,38164
20,38198
1,38198
22,38198
16,38198
15,38198
1,38294
13,38294
17,38294
22,38294
20,38294
16,38304
30,38304
7,38304
20,38304
1,38388
19,38388
25,38388
23,38583
24,38583
29,38583
8,38583
13,38583
30,38583
29,38798
2,38798
8,38798
26,38798
1,38798
14,38886
18,38886
24,38886
8,38886
22,38886
4,38886
11,38886
1,38886
1,38992
21,38992
19,38992
22,39183
6,39183
25,39183
15,39183
3,39183
26,39231
4,39231
5,39231
11,39231
21,39231
20,39234
6,39234
23,39234
17,39234
5,39234
22,39234
1,39292
24,39292
13,39292
29,39292
7,39307
1,39307
13,39307
24,39307
3,39307
1,39381
13,39381
20,39381
24,39400
26,39400
7,39400
12,39400
3,39400
9,39414
13,39414
12,39414
16,39414
20,39414
26,39414
8,39414
24,39414
24,39427
18,39427
4,39427
2,39427
12,39435
25,39435
4,39435
9,39435
23,39435
10,39435
27,39435
12,39444
4,39444
8,39444
30,39444
6,39444
21,39446
24,39446
9,39446
27,39446
8,39446
1,39449
5,39449
2,39449
1,39516
2,39516
7,39516
1,39715
29,39715
13,39715
14,39715
6,39715
25,39801
5,39801
24,39801
19,39801
15,39801
6,39801
30,39801
13,39801
17,39869
10,39869
2,39869
22,39869
25,39869
25,40148
20,40148
13,40148
8,40148
17,40278
1,40278
13,40278
21,40278
1,40339
26,40339
5,40339
30,40339
22,40339
19,40412
29,40412
16,40412
21,40412
10,40412
4,40414
24,40414
8,40414
23,40414
3,40414
26,40414
25,40414
17,40414
9,40478
6,40478
30,40478
21,40478
3,40478
1,40478
1,40491
11,40491
7,40491
23,40491
29,40491
16,40491
9,40578
24,40578
1,40578
17,40578
2,40578
6,40578
5,40578
12,40578
27,40581
8,40581
18,40581
2,40581
10,40581
10,40583
5,40583
16,40583
9,40583
21,40583
17,40583
4,40583
16,40597
14,40597
17,40597
8,40597
27,40597
7,40597
1,40614
5,40614
15,40614
7,40614
20,40614
7,40617
16,40617
20,40617
29,40617
14,40617
9,40629
10,40629
8,40629
1,40629
22,40629
13,40629
19,40697
27,40697
2,40697
21,40697
18,40697
5,40697
1,40697
17,40697
21,40723
9,40723
13,40723
10,40723
23,40723
3,40723
27,40723
18,40723
14,40732
18,40732
15,40732
29,40732
21,40815
29,40815
14,40815
16,40815
12,40815
7,40819
10,40819
27,40819
14,40826
26,40826
18,40826
1,40826
3,40851
16,40851
4,40851
9,40851
10,40851
6,40851
7,40851
21,40851
8,40870
22,40870
18,40870
16,40870
22,40946
19,40946
11,40946
6,40946
12,40946
10,40946
21,40946
17,40955
14,40955
13,40955
28,40955
8,40955
24,40955
27,40955
15,40955
11,40959
14,40959
6,40959
1,40959
13,40959
22,40959
28,40959
12,40959
24,40962
4,40962
15,40962
29,40962
3,40962
2,40962
30,40962
3,40966
4,40966
17,40966
2,40966
26,40966
27,40966
23,40966
10,40966
13,41014
29,41014
1,41014
1,41285
23,41285
7,41285
19,41285
22,41285
22,41527
19,41527
27,41527
17,41527
25,41527
20,41566
7,41566
19,41566
22,41566
25,41566
23,41569
26,41569
15,41569
5,41571
14,41571
20,41571
21,41571
15,41571
17,41571
1,41571
10,41573
18,41573
4,41573
5,41573
1,41617
6,41617
10,41617
8,41617
23,41617
21,41617
25,41617
30,41627
8,41627
14,41627
20,41627
26,41627
13,41627
14,41712
16,41712
29,41712
26,41712
18,41712
6,41712
8,41712
30,41712
27,41716
4,41716
12,41716
6,41716
7,41716
19,41716
18,41716
25,41724
23,41724
3,41724
8,41724
6,41724
7,41724
19,41724
1,41769
2,41769
27,41769
19,41769
21,41769
17,41769
18,41769
17,41828
2,41828
27,41828
5,41863
21,41863
6,41863
15,41863
25,41863
23,41863
14,41863
28,41997
24,41997
11,41997
1,42002
19,42002
4,42002
13,42002
27,42002
13,42004
23,42004
10,42004
7,42004
4,42004
15,42004
29,42004
14,42004
1,42007
16,42007
28,42007
29,42007
3,42007
8,42007
22,42007
2,42007
5,42009
22,42009
4,42009
28,42009
9,42009
8,42009
2,42009
30,42011
17,42011
28,42011
11,42013
10,42013
18,42013
15,42013
16,42013
13,42015
3,42015
25,42015
14,42018
4,42018
22,42018
26,42018
11,42018
8,42018
29,42176
17,42176
5,42176
30,42176
7,42176
6,42176
11,42176
2,42176
21,42191
19,42191
6,42191
12,42191
2,42191
5,42191
25,42191
17,42285
14,42285
26,42285
6,42285
1,42285
1,42418
25,42418
24,42418
12,42418
30,42418
28,42418
20,42418
21,42422
13,42422
8,42422
28,42422
22,42556
21,42556
10,42556
8,42556
23,42556
5,42559
1,42559
24,42559
8,42559
10,42559
4,42559
17,42559
12,42602
2,42602
14,42602
29,42602
11,42602
27,42602
9,42602
17,42632
12,42632
13,42632
14,42638
18,42638
15,42638
5,42638
22,42638
3,42638
16,42638
19,42718
6,42718
8,42718
23,42718
21,42723
4,42723
25,42723
16,42723
29,42723
11,42723
2,42723
18,42723
26,42725
28,42725
10,42725
3,42725
19,42725
8,42725
22,42725
13,42728
6,42728
30,42728
25,42728
19,42728
12,42728
2,42728
24,42730
10,42730
18,42730
16,42730
8,42730
26,42732
11,42732
30,42732
6,42732
19,42732
1,42732
5,42734
16,42734
19,42734
13,42734
25,42734
1,42738
22,42738
30,42738
18,42738
29,42740
13,42740
15,42740
4,42740
18,42761
13,42761
30,42761
5,42761
7,42761
25,42761
4,42943
9,42943
21,42943
10,42943
3,42943
8,42943
17,42946
5,42946
21,42946
20,42946
12,42946
30,42946
6,42946
13,42946
17,43289
16,43289
15,43289
2,43289
5,43289
4,43289
20,43289
12,43333
29,43333
24,43333
3,43333
10,43376
24,43376
4,43376
18,43376
29,43396
1,43396
10,43396
15,43396
23,43396
12,43419
18,43419
5,43419
27,43460
30,43460
8,43460
11,43460
1,43460
1,43549
8,43549
21,43549
12,43556
20,43556
18,43556
7,43556
19,43556
28,43558
25,43558
14,43558
17,43558
30,43558
10,43558
5,43558
22,43558
24,43560
14,43560
27,43560
19,43560
6,43560
3,43560
1,43677
19,43677
30,43677
8,43677
27,43677
13,43677
22,43677
2,43677
16,43679
9,43679
21,43679
12,43679
27,43684
24,43684
21,43684
9,43684
7,43684
2,43684
22,43684
25,43708
10,43708
26,43708
21,43708
11,43708
4,43708
12,43708
1,43708
1,43744
18,43744
9,43744
10,43744
6,43744
2,43744
25,43744
21,43836
16,43836
14,43836
24,43836
19,43836
11,43836
30,43869
3,43869
16,43869
4,43869
9,43869
10,43869
5,43871
27,43871
17,43871
24,43871
29,43871
10,43871
15,43871
11,43871
20,43904
6,43904
18,43904
17,43904
7,43904
29,43904
26,43904
9,43904
1,43908
30,43908
22,43908
29,43908
27,43912
10,43912
3,43912
4,43912
29,43912
14,43912
1,43914
14,43914
16,43914
11,43914
20,43914
22,43914
21,43914
23,43914
25,43917
19,43917
3,43917
10,43917
7,43919
25,43919
16,43919
8,43919
1,43921
6,43921
9,43921
1,43928
29,43928
22,43928
11,43928
30,43928
2,43930
11,43930
3,43930
1,43930
27,43930
18,43930
17,43930
22,43930
12,43932
28,43932
8,43932
22,43932
15,43932
23,43932
2,43932
19,43932
14,43936
16,43936
30,43936
1,43936
23,44004
4,44004
3,44004
16,44004
28,44004
12,44004
1,44020
7,44020
5,44020
30,44020
10,44020
6,44020
15,44020
11,44020
10,44022
4,44022
24,44022
13,44022
3,44022
21,44022
29,44022
20,44022
8,44189
29,44189
3,44189
22,44189
27,44189
1,44189
17,44189
20,44189
21,44191
10,44191
3,44191
20,44191
1,44191
19,44191
7,44191
17,44191
14,44193
1,44193
13,44193
24,44193
29,44193
13,44195
3,44195
7,44195
19,44195
25,44195
1,44197
26,44197
19,44197
13,44197
2,44197
4,44197
24,44197
14,44197
9,44199
21,44199
2,44199
11,44204
24,44204
16,44204
27,44204
8,44204
1,44204
22,44204
18,44204
20,44225
12,44225
15,44225
7,44225
5,44225
17,44225
19,44225
26,44238
9,44238
16,44238
18,44238
19,44238
27,44238
21,44238
17,44238
8,44241
13,44241
19,44241
7,44241
30,44241
2,44241
8,44243
5,44243
3,44243
22,44243
15,44243
16,44243
1,44301
21,44301
8,44301
26,44301
9,44301
24,44301
25,44301
1,44397
23,44397
24,44397
21,44397
13,44397
18,44397
27,44397
28,44397
27,44399
8,44399
6,44399
1,44399
11,44511
28,44511
15,44511
22,44511
20,44511
5,44555
12,44555
9,44555
15,44555
7,44597
2,44597
28,44597
29,44597
21,44597
14,44597
10,44597
11,44597
21,44613
22,44613
16,44613
1,44613
28,44613
12,44613
7,44633
3,44633
18,44633
25,44633
17,44657
24,44657
9,44657
19,44665
8,44665
18,44665
28,44665
27,44665
20,44694
15,44694
10,44694
9,44694
5,44694
30,44694
25,44694
18,44694
1,44709
14,44709
5,44709
29,44709
18,44709
8,44709
13,44709
8,44719
28,44719
21,44719
9,44719
17,44719
26,44719
14,44719
4,44731
19,44731
21,44731
5,44731
15,44731
6,44731
30,44731
8,44759
21,44759
17,44759
12,44759
1,44759
14,44759
22,44761
4,44761
8,44761
7,44761
25,44761
1,44761
28,44761
20,44773
7,44773
4,44773
19,44777
23,44777
21,44777
5,44777
9,44777
6,44788
29,44788
19,44788
1,44788
20,44788
20,44828
7,44828
16,44828
10,44828
12,44828
4,44828
27,44840
30,44840
2,44840
18,44840
4,44840
23,44840
6,44840
14,44849
29,44849
13,44849
9,44849
6,44849
7,44849
12,44849
19,44849
24,44851
17,44851
18,44851
15,44864
6,44864
29,44864
7,44889
12,44889
26,44889
29,44889
8,44889
1,44929
24,44929
20,44929
23,44929
26,44931
16,44931
3,44931
6,44931
2,44931
7,44931
9,44931
27,44937
9,44937
25,44937
14,44937
20,44937
15,44937
5,44937
17,44943
21,44943
3,44943
20,44943
11,44943
9,44943
25,44943
16,44943
15,44972
11,44972
13,44972
16,44972
20,44972
3,44972
28,44974
23,44974
1,44974
7,44974
1,45028
13,45028
5,45028
21,45028
27,45062
17,45062
10,45062
29,45062
13,45062
7,45062
22,45074
15,45074
29,45074
4,45074
19,45074
27,45074
28,45074
23,45074
3,45081
25,45081
9,45081
15,45081
14,45081
1,45106
13,45106
17,45106
15,45175
10,45175
18,45175
18,45183
17,45183
9,45183
8,45183
23,45186
2,45186
4,45186
20,45186
19,45186
4,45208
10,45208
6,45208
5,45208
13,45208
26,45208
12,45210
20,45210
11,45210
8,45210
5,45210
18,45210
15,45210
2,45210
22,45221
7,45221
18,45221
19,45361
1,45361
20,45361
3,45361
2,45361
29,45361
24,45361
30,45361
1,45382
6,45382
20,45382
18,45382
16,45382
14,45382
19,45431
25,45431
8,45431
11,45431
7,45431
1,45440
14,45440
6,45440
4,45442
1,45442
6,45442
8,45442
15,45442
27,45442
19,45442
10,45442
5,45447
24,45447
21,45447
18,45447
7,45447
4,45447
28,45447
27,45447
3,45499
10,45499
2,45499
28,45499
14,45499
12,45499
26,45501
2,45501
13,45501
10,45501
11,45501
29,45503
16,45503
11,45503
6,45503
28,45503
10,45517
2,45517
18,45517
29,45635
21,45635
15,45635
26,45635
27,45635
2,45648
5,45648
14,45648
15,45648
29,45648
6,45658
7,45658
3,45658
19,45658
8,45658
5,45658
30,45658
18,45658
1,45662
11,45662
25,45662
4,45666
21,45666
10,45666
20,45666
6,45666
25,45666
16,45666
12,45666
14,45668
21,45668
10,45668
3,45668
9,45668
6,45668
26,45668
19,45668
1,45672
10,45672
12,45672
6,45672
7,45672
30,45672
4,45720
26,45720
25,45720
7,45720
10,45720
9,45722
7,45722
21,45722
19,45722
15,45722
20,45722
24,45726
12,45726
10,45726
22,45726
7,45726
3,45726
2,45726
20,45728
9,45728
5,45728
1,45730
19,45730
29,45730
14,45730
25,45730
23,45730
3,45730
25,45732
7,45732
23,45732
16,45732
29,45732
22,45732
13,45732
28,45732
1,45880
15,45880
3,45880
28,45928
15,45928
4,45928
22,45928
13,45928
16,45928
2,45928
6,45928
6,45950
3,45950
4,45950
4,45969
20,45969
2,45969
29,45969
13,45969
18,45969
15,45969
11,45969
30,46062
10,46062
18,46062
22,46062
20,46062
4,46062
24,46062
1,46062
26,46105
15,46105
11,46105
26,46231
29,46231
15,46231
16,46231
24,46322
26,46322
25,46322
6,46322
1,46322
22,46322
28,46322
6,46335
5,46335
3,46335
23,46335
14,46337
22,46337
2,46337
30,46337
24,46347
19,46347
29,46347
25,46347
14,46347
23,46347
6,46347
15,46367
24,46367
11,46367
8,46367
1,46530
5,46530
14,46530
28,46530
27,46530
23,46559
16,46559
14,46559
13,46559
5,46559
27,46559
1,46572
10,46572
28,46572
11,46574
8,46574
14,46574
9,46574
10,46578
17,46578
21,46578
16,46578
23,46664
29,46664
18,46664
17,46723
1,46723
24,46723
27,46723
6,46772
1,46772
29,46772
16,46850
21,46850
29,46850
20,46850
14,46855
30,46855
20,46855
9,46862
25,46862
12,46862
19,46862
28,46862
18,46865
21,46865
20,46865
25,46865
27,46865
19,46865
7,46865
5,46865
2,46948
17,46948
3,46948
1,46948
8,46948
5,46948
19,46948
4,46948
18,46965
1,46965
24,46965
30,46965
12,46965
11,46965
21,46965
22,46965
1,46967
28,46967
14,46967
20,46967
24,46967
17,46967
15,46967
9,46967
13,46970
27,46970
4,46970
15,46970
10,46970
14,46970
20,46970
1,46972
2,46972
29,46972
17,46972
14,46972
10,46972
26,46974
27,46974
2,46974
1,46974
20,46974
29,46976
11,46976
7,46976
22,46976
9,47044
21,47044
8,47044
23,47044
18,47044
3,47044
14,47044
12,47044
23,47099
6,47099
28,47099
11,47099
16,47099
3,47099
20,47122
11,47122
5,47122
28,47122
10,47122
21,47122
21,47124
6,47124
14,47124
3,47124
11,47124
23,47124
24,47124
21,47200
26,47200
18,47200
19,47200
22,47200
28,47200
9,47202
1,47202
6,47202
17,47202
16,47202
28,47254
30,47254
15,47254
2,47254
18,47254
11,47254
26,47254
13,47254
2,47261
1,47261
20,47261
29,47261
9,47261
5,47261
1,47382
3,47382
22,47382
3,47384
13,47384
4,47384
1,47384
20,47384
11,47384
29,47404
19,47404
6,47404
12,47404
21,47404
13,47404
15,47404
1,47423
20,47423
30,47423
16,47423
10,47423
21,47423
1,47446
9,47446
28,47446
11,47446
6,47446
27,47446
16,47446
1,47465
6,47465
4,47465
20,47465
26,47491
24,47491
20,47491
10,47491
6,47516
23,47516
24,47516
8,47516
2,47516
11,47516
7,47518
19,47518
9,47518
11,47538
16,47538
21,47538
14,47538
8,47538
18,47538
2,47538
28,47566
6,47566
27,47566
21,47610
4,47610
1,47610
24,47610
23,47610
28,47610
11,47610
2,47629
3,47629
23,47629
6,47629
20,47629
18,47640
7,47640
25,47640
24,47640
13,47640
16,47640
2,47644
7,47644
25,47644
10,47644
29,47644
3,47644
6,47646
10,47646
25,47646
18,47646
12,47646
30,47646
17,47646
3,47646
22,47721
30,47721
6,47721
24,47721
1,47721
28,47721
21,47721
13,47721
24,47725
11,47725
30,47725
19,47725
22,47736
11,47736
10,47736
27,47736
21,47736
13,47736
26,47774
6,47774
9,47774
7,47793
30,47793
11,47793
23,47793
11,47810
8,47810
7,47810
4,47810
5,47810
14,47810
1,47810
19,47810
8,47894
24,47894
26,47894
3,47894
6,47894
2,47894
23,47894
20,47894
18,47937
15,47937
5,47937
19,47937
1,47950
29,47950
28,47950
12,47952
16,47952
7,47952
19,47952
8,47952
27,47952
28,47952
21,47952
3,47970
23,47970
25,47970
10,47970
2,47970
11,47978
14,47978
21,47978
23,47978
5,47978
7,47978
22,47978
10,47997
8,47997
16,47997
13,47999
16,47999
14,47999
22,47999
7,47999
8,47999
20,47999
3,47999
1,48001
27,48001
28,48001
1,48032
20,48032
28,48032
9,48032
22,48032
2,48032
22,48043
13,48043
28,48043
23,48045
30,48045
3,48045
13,48045
1,48082
13,48082
15,48082
1,48142
29,48142
6,48142
16,48142
10,48142
27,48142
4,48150
10,48150
25,48150
9,48150
24,48150
26,48150
22,48150
30,48150
28,48161
22,48161
4,48161
9,48161
4,48214
28,48214
21,48214
30,48214
7,48214
12,48262
26,48262
28,48262
1,48304
23,48304
27,48304
5,48304
2,48304
2,48319
13,48319
22,48319
16,48319
20,48322
30,48322
27,48322
28,48322
9,48322
15,48326
14,48326
4,48326
30,48326
23,48342
5,48342
16,48342
12,48342
7,48342
13,48342
29,48385
2,48385
5,48385
24,48385
1,48385
27,48385
15,48394
11,48394
20,48394
18,48394
7,48394
16,48394
12,48412
8,48412
14,48412
1,48412
8,48414
30,48414
13,48414
3,48414
9,48416
10,48416
25,48416
18,48416
28,48516
20,48516
16,48516
22,48516
3,48516
1,48516
1,48518
7,48518
17,48518
9,48518
2,48520
25,48520
17,48520
7,48520
24,48520
22,48560
5,48560
11,48560
1,48560
17,48560
23,48593
15,48593
5,48593
30,48593
25,48596
1,48596
6,48596
7,48596
19,48598
28,48598
12,48598
29,48598
11,48598
3,48598
15,48598
21,48638
25,48638
3,48638
17,48638
29,48638
4,48649
24,48649
9,48649
14,48649
9,48678
12,48678
16,48678
1,48696
9,48696
30,48696
10,48696
17,48696
3,48696
15,48696
5,48698
28,48698
14,48698
14,48738
29,48738
6,48738
26,48738
21,48738
4,48738
7,48738
30,48741
26,48741
2,48741
5,48744
4,48744
7,48744
27,48744
19,48744
25,48744
26,48744
18,48744
11,48774
24,48774
1,48774
9,48774
21,48774
12,48780
29,48780
27,48780
11,48780
17,48780
18,48780
2,48780
8,48783
10,48783
5,48783
17,48783
29,48783
23,48783
1,48872
20,48872
12,48872
7,48872
1,48877
16,48877
24,48877
9,48877
21,48877
19,48877
25,48877
14,48877
10,48879
27,48879
2,48879
22,48879
6,48883
9,48883
15,48883
12,48883
8,48883
24,48883
5,48883
2,48883
3,48982
17,48982
30,48982
23,48982
22,48982
29,48982
13,48982
5,48982
28,48997
1,48997
5,48997
13,48997
27,48997
25,48997
8,48997
23,49013
6,49013
2,49013
22,49013
15,49110
18,49110
13,49110
29,49110
7,49110
26,49110
20,49110
24,49110
25,49130
7,49130
4,49130
26,49130
6,49130
21,49130
23,49130
9,49130
26,49132
18,49132
19,49132
27,49132
29,49220
13,49220
21,49220
24,49220
1,49220
10,49220
2,49263
25,49263
15,49263
1,49265
28,49265
5,49265
2,49265
11,49265
4,49265
16,49265
26,49265
22,49272
4,49272
9,49272
6,49272
12,49272
3,49272
1,49272
4,49274
10,49274
15,49274
20,49274
25,49274
8,49274
11,49274
26,49274
6,49276
12,49276
19,49276
8,49276
15,49276
1,49278
27,49278
9,49278
19,49280
25,49280
15,49280
8,49280
1,49280
9,49280
17,49280
29,49280
18,49284
12,49284
3,49284
8,49284
15,49284
9,49284
24,49284
7,49286
14,49286
15,49286
11,49286
26,49314
30,49314
29,49314
19,49314
1,49347
16,49347
23,49347
10,49347
9,49347
25,49389
19,49389
8,49389
28,49389
6,49389
4,49396
21,49396
23,49396
29,49396
5,49396
26,49396
26,49524
27,49524
20,49524
5,49524
29,49530
1,49530
5,49530
25,49530
16,49530
26,49530
1,49647
12,49647
14,49647
6,49649
11,49649
18,49649
15,49649
21,49649
12,49649
26,49649
9,49651
6,49651
11,49651
30,49651
17,49651
13,49651
28,49651
28,49666
1,49666
11,49666
22,49666
19,49666
3,49666
9,49666
20,49688
4,49688
10,49688
26,49688
30,49688
11,49688
24,49735
10,49735
23,49735
20,49735
25,49735
14,49735
5,49735
26,49735
24,49772
10,49772
2,49772
15,49772
23,49772
16,49772
18,49772
13,49793
14,49793
16,49793
2,49793
19,49793
23,49793
25,49793
7,49793
10,49822
11,49822
2,49822
28,49822
3,49822
14,49822
1,49824
28,49824
2,49824
16,49824
19,49824
13,49824
16,49910
23,49910
20,49910
2,49910
18,49910
8,49910
10,49917
13,49917
25,49917
5,49917
18,49917
21,49917
20,49917
12,49917
14,49932
23,49932
20,49932
7,49932
29,49932
1,49957
4,49957
17,49957
19,49957
24,49957
9,49957
23,49957
7,49957
11,49961
29,49961
25,49961
7,49961
13,49961
21,49961
5,49961
1,50003
29,50003
11,50003
1,50005
21,50005
13,50005
25,50005
3,50005
26,50064
29,50064
7,50064
17,50064
6,50068
28,50068
21,50068
30,50068
29,50068
14,50068
7,50068
29,50147
28,50147
9,50147
13,50147
26,50147
9,50158
5,50158
12,50158
30,50158
14,50158
29,50158
26,50158
18,50160
19,50160
20,50160
8,50160
1,50160
3,50189
14,50189
13,50189
23,50189
2,50189
27,50189
9,50189
1,50189
2,50274
26,50274
30,50274
8,50274
22,50274
22,50354
26,50354
6,50354
5,50354
16,50354
22,50356
2,50356
11,50356
6,50356
30,50356
3,50356
19,50356
1,50440
9,50440
7,50440
17,50440
26,50440
2,50440
5,50440
1,50442
9,50442
25,50442
13,50442
3,50442
11,50442
14,50442
21,50445
10,50445
18,50445
21,50514
29,50514
7,50514
9,50514
30,50514
14,50514
20,50514
25,50514
25,50601
21,50601
24,50601
23,50601
5,50610
28,50610
26,50610
15,50610
27,50610
24,50613
3,50613
16,50613
29,50613
10,50613
21,50613
23,50613
4,50658
1,50658
10,50658
25,50658
16,50658
3,50685
1,50685
6,50685
24,50740
17,50740
5,50740
28,50740
21,50792
3,50792
16,50792
1,50794
4,50794
22,50794
18,50794
14,50794
8,50794
19,50794
5,50796
7,50796
12,50796
6,50796
29,50796
13,50798
19,50798
6,50798
25,50798
28,50798
5,50800
17,50800
21,50800
11,50800
12,50800
1,50800
13,50800
30,50800
1,50802
18,50802
24,50802
2,50802
26,50802
14,50804
16,50804
30,50804
22,50804
23,50804
4,50804
4,50806
28,50806
7,50806
27,50806
13,50806
19,50806
30,50842
1,50842
28,50842
25,50842
23,50842
8,50842
20,50842
3,50842
25,50851
21,50851
15,50851
29,50851
27,50851
28,50851
19,50872
18,50872
3,50872
10,50872
21,50872
29,50872
9,50872
21,50912
26,50912
8,50912
26,50923
1,50923
19,50923
5,50923
8,50923
12,50942
30,50942
29,50942
19,50942
24,50942
7,50942
1,50954
13,50954
2,50954
15,50999
22,50999
2,50999
13,50999
4,50999
5,51024
7,51024
26,51024
1,51037
28,51037
21,51037
6,51077
18,51077
30,51077
17,51077
7,51080
17,51080
21,51080
5,51080
11,51080
10,51080
28,51080
29,51082
25,51082
10,51082
6,51082
15,51082
5,51082
2,51082
27,51084
11,51084
4,51084
19,51084
23,51084
27,51086
19,51086
2,51086
13,51086
18,51086
3,51086
1,51086
29,51088
23,51088
5,51088
1,51091
8,51091
2,51091
30,51167
16,51167
27,51167
13,51167
1,51174
5,51174
6,51174
11,51174
18,51174
20,51174
29,51174
28,51255
1,51255
2,51255
21,51255
5,51255
19,51255
20,51255
1,51314
5,51314
6,51314
22,51314
29,51314
10,51314
21,51357
19,51357
10,51357
7,51357
12,51412
14,51412
17,51412
13,51412
5,51412
1,51471
13,51471
23,51471
9,51471
17,51471
21,51471
1,51498
13,51498
30,51498
11,51498
17,51498
9,51498
29,51540
26,51540
28,51540
27,51540
30,51540
1,51540
15,51540
29,51545
13,51545
5,51545
26,51545
4,51545
14,51545
3,51562
4,51562
18,51562
5,51562
13,51562
27,51562
26,51562
11,51573
24,51573
10,51573
3,51573
2,51573
3,51575
18,51575
20,51575
19,51575
15,51575
26,51575
11,51575
2,51662
24,51662
5,51662
23,51662
28,51662
10,51662
25,51662
12,51662
5,51666
13,51666
4,51666
28,51666
23,51666
15,51666
29,51666
1,51694
20,51694
21,51694
1,51698
16,51698
28,51698
14,51705
13,51705
11,51705
7,51709
13,51709
18,51709
27,51709
11,51709
30,51709
6,51709
8,51709
17,51834
9,51834
26,51834
12,51834
4,51834
6,51884
11,51884
20,51884
15,51884
22,51884
1,51903
7,51903
9,51903
21,51903
10,51903
8,51903
2,51903
27,51903
4,51925
11,51925
15,51925
26,51925
22,51925
28,51925
9,51927
19,51927
5,51927
2,51927
24,51927
12,51927
14,51927
20,51931
19,51931
22,51931
15,51931
25,51931
14,51933
26,51933
3,51933
11,51933
2,51933
1,51933
7,51933
27,51935
5,51935
23,51935
9,51935
1,51935
30,51935
21,51935
24,51937
21,51937
8,51937
14,51937
19,51937
17,51937
6,51937
7,51939
15,51939
28,51939
9,51939
30,51939
27,51939
6,52042
22,52042
25,52042
8,52042
5,52042
18,52241
2,52241
26,52241
19,52245
25,52245
10,52245
5,52279
11,52279
3,52279
28,52279
21,52279
22,52279
9,52279
6,52281
12,52281
28,52281
11,52283
21,52283
30,52283
17,52283
26,52283
28,52283
14,52283
4,52283
1,52287
22,52287
28,52287
6,52287
30,52287
4,52287
3,52299
11,52299
5,52299
7,52299
10,52299
6,52319
24,52319
5,52319
10,52319
3,52319
22,52319
1,52328
10,52328
4,52328
29,52328
30,52328
3,52328
15,52328
16,52375
12,52375
30,52375
27,52375
6,52375
4,52375
20,52375
16,52435
14,52435
8,52435
19,52435
3,52435
28,52435
20,52435
1,52458
14,52458
2,52458
13,52458
4,52458
1,52462
2,52462
26,52462
9,52462
10,52462
24,52579
7,52579
10,52579
30,52579
14,52579
22,52579
9,52579
8,52604
22,52604
4,52604
1,52604
23,52644
1,52644
21,52644
17,52644
11,52644
30,52644
1,52668
22,52668
12,52668
2,52668
14,52694
3,52694
21,52694
20,52694
6,52694
5,52694
1,52712
5,52712
30,52712
2,52712
8,52712
15,52715
3,52715
10,52715
21,52715
2,52715
16,52715
18,52715
1,52715
1,52722
14,52722
21,52722
26,52722
2,52724
10,52724
8,52724
22,52724
25,52724
5,52724
7,52724
23,52730
17,52730
29,52730
18,52730
13,52730
30,52730
7,52730
1,52730
7,52767
22,52767
30,52767
14,52784
17,52784
6,52784
28,52784
21,52784
4,52784
27,52784
18,52784
12,52831
21,52831
17,52831
16,52831
4,52831
8,52831
28,52867
10,52867
5,52867
27,52867
22,52867
3,52867
25,52867
14,52885
25,52885
28,52885
25,52950
9,52950
30,52950
19,52952
27,52952
4,52952
24,52952
12,52967
4,52967
22,52967
26,52967
28,52967
19,52967
10,52967
6,52967
3,52973
7,52973
22,52973
5,52975
22,52975
24,52975
7,52975
28,52975
20,53000
26,53000
21,53000
14,53000
3,53000
19,53022
25,53022
4,53022
15,53022
21,53022
24,53022
13,53024
30,53024
25,53024
1,53024
20,53024
20,53121
30,53121
23,53121
7,53121
24,53121
9,53123
12,53123
6,53123
4,53123
22,53123
16,53123
15,53123
17,53123
11,53125
30,53125
22,53125
24,53125
19,53125
8,53125
1,53127
17,53127
21,53127
19,53127
19,53129
5,53129
18,53129
22,53129
3,53129
26,53138
18,53138
15,53138
11,53138
24,53138
29,53138
30,53140
16,53140
23,53140
1,53140
24,53140
1,53143
2,53143
4,53143
7,53143
1,53161
24,53161
13,53161
18,53161
20,53161
1,53280
3,53280
30,53280
26,53280
29,53280
4,53280
11,53280
1,53318
18,53318
12,53318
7,53318
17,53318
27,53318
5,53318
3,53318
1,53322
14,53322
8,53322
13,53322
3,53322
2,53322
30,53322
23,53326
19,53326
15,53326
6,53326
30,53355
17,53355
28,53355
9,53355
12,53355
19,53435
27,53435
28,53435
3,53447
25,53447
28,53447
22,53447
2,53447
17,53450
1,53450
29,53450
20,53453
11,53453
3,53453
8,53453
9,53453
12,53453
12,53460
29,53460
15,53460
30,53460
7,53460
1,53464
28,53464
19,53464
5,53464
12,53464
8,53464
11,53464
1,53466
7,53466
6,53466
30,53466
14,53468
3,53468
30,53468
19,53468
13,53468
14,53519
2,53519
20,53519
3,53519
22,53519
11,53519
15,53519
27,53519
19,53550
12,53550
16,53550
8,53550
24,53550
5,53550
26,53550
3,53550
4,53574
10,53574
23,53574
29,53574
3,53574
22,53574
5,53574
21,53578
2,53578
1,53578
14,53578
12,53578
5,53578
20,53578
2,53808
1,53808
30,53808
7,53808
14,53808
27,53808
18,53808
19,53883
24,53883
14,53883
21,53883
20,53883
1,53894
19,53894
2,53894
25,53921
22,53921
20,53921
4,53921
17,53921
15,53921
2,53921
9,53921
13,53953
5,53953
24,53953
23,53953
20,53953
12,53953
15,53956
5,53956
25,53956
28,53956
23,53956
13,53956
29,53972
2,53972
17,53972
25,53972
12,53972
3,53972
7,53972
27,53974
26,53974
2,53974
28,53993
24,53993
20,53993
17,53993
10,53993
29,53993
30,53993
3,53996
11,53996
14,53996
2,53996
15,53996
25,53996
1,53996
11,54001
29,54001
10,54001
18,54004
3,54004
8,54004
30,54004
21,54004
1,54116
11,54116
10,54116
26,54116
26,54121
25,54121
18,54121
13,54121
23,54121
7,54121
9,54121
28,54121
1,54185
30,54185
2,54185
19,54185
3,54185
4,54185
9,54185
1,54190
18,54190
11,54190
7,54190
28,54190
5,54190
12,54190
3,54256
25,54256
20,54256
10,54259
5,54259
11,54259
21,54259
20,54259
7,54259
18,54259
6,54259
24,54272
21,54272
4,54272
1,54272
26,54272
28,54272
23,54272
25,54274
19,54274
11,54274
4,54274
9,54274
1,54276
12,54276
8,54276
16,54276
26,54281
25,54281
11,54281
1,54286
2,54286
22,54286
8,54286
12,54286
30,54286
19,54286
9,54354
5,54354
23,54354
12,54354
8,54354
15,54354
25,54372
6,54372
1,54372
3,54372
8,54372
2,54503
7,54503
18,54503
27,54617
18,54617
4,54617
10,54617
1,54617
16,54617
15,54617
12,54617
5,54648
1,54648
23,54648
25,54648
28,54648
13,54648
21,54686
10,54686
17,54686
23,54686
11,54686
27,54686
22,54732
8,54732
5,54732
1,54732
8,54734
23,54734
7,54734
26,54736
15,54736
25,54736
5,54736
3,54745
29,54745
4,54745
11,54745
9,54745
27,54768
12,54768
9,54768
1,54771
29,54771
5,54771
30,54771
15,54780
25,54780
11,54780
23,54780
23,54785
27,54785
10,54785
8,54785
24,54785
12,54787
1,54787
16,54787
21,54787
27,54787
24,54796
11,54796
23,54796
3,54796
2,54796
28,54796
1,54796
29,54881
23,54881
19,54881
22,54881
2,54881
25,54881
23,54908
14,54908
8,54908
21,54910
16,54910
11,54910
23,54910
2,54910
4,54910
26,54910
13,54910
19,54934
28,54934
26,54934
3,54962
24,54962
23,54962
2,54995
7,54995
25,54995
21,54997
5,54997
14,54997
13,54997
3,54997
24,54997
7,54999
17,54999
18,54999
16,55020
19,55020
29,55020
17,55020
26,55020
14,55020
1,55036
4,55036
20,55036
28,55036
11,55036
27,55036
25,55052
8,55052
24,55052
16,55052
12,55052
19,55052
3,55052
29,55061
19,55061
3,55061
13,55061
9,55067
5,55067
12,55067
1,55067
26,55069
28,55069
9,55069
11,55069
21,55069
23,55069
29,55071
28,55071
1,55071
20,55071
14,55071
3,55071
15,55071
16,55080
22,55080
28,55080
6,55080
5,55080
23,55080
3,55094
20,55094
24,55094
11,55094
9,55094
1,55110
15,55110
17,55110
7,55110
16,55110
30,55112
22,55112
9,55112
1,55116
2,55116
29,55116
11,55116
6,55116
9,55116
1,55118
24,55118
29,55118
4,55118
10,55118
9,55118
8,55156
27,55156
25,55156
21,55156
29,55156
3,55156
18,55156
10,55156
1,55167
6,55167
27,55167
23,55167
10,55167
3,55167
2,55167
23,55190
29,55190
25,55190
20,55205
13,55205
15,55205
18,55205
2,55205
16,55205
11,55205
26,55205
14,55207
28,55207
21,55207
22,55207
8,55207
15,55207
1,55232
8,55232
6,55232
3,55241
28,55241
11,55241
29,55241
24,55241
3,55245
22,55245
27,55245
8,55245
18,55245
12,55245
17,55247
23,55247
4,55247
10,55250
17,55250
12,55250
23,55250
6,55250
1,55253
30,55253
9,55253
10,55253
29,55253
19,55253
24,55253
1,55259
9,55259
27,55259
4,55259
26,55259
14,55259
10,55261
6,55261
15,55261
8,55261
18,55267
7,55267
5,55267
9,55267
1,55269
8,55269
29,55269
18,55269
15,55269
23,55269
24,55269
16,55269
15,55272
11,55272
2,55272
1,55272
12,55274
14,55274
26,55274
8,55274
20,55274
1,55274
1,55276
11,55276
13,55276
4,55276
7,55276
26,55276
22,55276
16,55278
3,55278
6,55278
23,55278
2,55278
29,55278
23,55280
9,55280
2,55280
6,55280
14,55280
15,55280
15,55282
8,55282
23,55282
24,55282
12,55282
19,55282
29,55282
17,55282
1,55290
9,55290
8,55290
16,55290
14,55290
28,55290
18,55290
21,55292
10,55292
13,55292
28,55294
1,55294
3,55294
7,55294
15,55363
30,55363
3,55363
2,55363
5,55363
11,55391
16,55391
28,55391
17,55391
2,55391
4,55391
8,55391
25,55391
3,55442
23,55442
26,55442
8,55444
18,55444
1,55444
29,55444
4,55444
19,55451
26,55451
12,55451
11,55451
21,55451
2,55451
27,55492
21,55492
11,55492
6,55492
2,55492
7,55553
20,55553
25,55553
30,55553
26,55553
15,55553
5,55553
22,55553
1,55555
27,55555
12,55555
24,55555
10,55555
29,55555
1,55577
7,55577
6,55577
16,55577
26,55577
30,55577
22,55620
30,55620
23,55620
19,55620
21,55620
5,55620
27,55620
26,55620
25,55687
21,55687
7,55687
26,55687
8,55721
25,55721
15,55721
1,55721
29,55721
14,55721
20,55729
1,55729
3,55729
14,55729
3,55765
1,55765
30,55765
7,55765
18,55768
14,55768
7,55768
9,55768
27,55768
18,55805
2,55805
26,55805
1,55805
7,55805
21,55814
8,55814
9,55814
25,55814
28,55814
10,55814
11,55814
1,55820
18,55820
15,55820
20,55820
9,55820
23,55820
20,55830
12,55830
22,55830
21,55830
11,55830
8,55830
10,55844
21,55844
22,55844
15,55844
19,55844
4,55844
25,55844
29,55844
11,55854
29,55854
17,55854
6,55854
1,55872
21,55872
15,55872
1,55908
30,55908
2,55908
15,55908
27,55908
13,55908
23,55908
1,55946
23,55946
29,55946
27,55946
17,55946
25,55946
1,55995
5,55995
22,55995
4,55995
14,55995
14,56003
3,56003
19,56003
9,56012
13,56012
15,56012
27,56012
29,56012
1,56022
29,56022
19,56022
28,56022
14,56022
27,56060
11,56060
24,56060
16,56145
12,56145
20,56145
14,56145
7,56145
18,56145
29,56145
14,56152
5,56152
17,56152
4,56156
25,56156
17,56156
3,56169
5,56169
8,56169
14,56171
7,56171
22,56171
1,56174
25,56174
10,56174
12,56174
20,56176
27,56176
8,56176
17,56176
25,56176
14,56176
28,56176
19,56251
6,56251
9,56251
7,56251
6,56274
26,56274
19,56274
20,56274
24,56274
29,56274
16,56286
19,56286
6,56286
1,56286
14,56286
13,56333
2,56333
1,56333
17,56333
4,56333
29,56333
6,56333
1,56336
12,56336
8,56336
24,56336
10,56336
21,56336
4,56336
11,56336
24,56339
17,56339
8,56339
11,56339
16,56339
12,56339
14,56339
19,56339
1,56367
29,56367
14,56367
13,56367
26,56379
5,56379
25,56379
12,56379
17,56379
24,56389
23,56389
25,56389
10,56389
30,56389
14,56389
12,56389
5,56563
18,56563
24,56563
13,56563
26,56563
2,56587
29,56587
7,56587
28,56587
14,56587
5,56587
24,56587
10,56587
4,56607
26,56607
17,56607
11,56620
20,56620
2,56620
7,56620
26,56620
22,56620
1,56715
2,56715
4,56715
22,56715
13,56757
17,56757
15,56757
22,56757
30,56757
12,56757
25,56757
22,56775
1,56775
21,56775
14,56775
17,56775
27,56775
16,56775
18,56775
16,56782
12,56782
26,56782
1,56782
30,56782
1,56788
18,56788
24,56788
22,56788
6,56788
26,56788
1,56801
28,56801
6,56801
20,56801
22,56801
30,56805
26,56805
19,56805
22,56805
9,56805
18,56805
8,56805
29,56805
11,56837
26,56837
16,56837
10,56837
14,56837
30,56837
21,56837
9,56837
18,56869
16,56869
2,56869
25,56869
13,56869
4,56869
20,56908
17,56908
24,56908
19,56908
5,56915
17,56915
29,56915
21,56915
20,56915
22,56915
13,56915
1,56921
12,56921
13,56921
21,56921
19,56921
15,56921
1,56941
16,56941
8,56941
18,56941
30,56941
4,56941
15,56941
14,56941
16,56949
13,56949
27,56949
20,56949
19,56949
22,56949
11,56949
12,57147
10,57147
16,57147
19,57147
4,57147
1,57183
25,57183
19,57183
18,57183
5,57183
23,57183
29,57183
12,57243
11,57243
19,57243
9,57243
8,57243
25,57243
22,57274
27,57274
7,57274
2,57274
6,57274
18,57326
22,57326
16,57326
1,57368
18,57368
2,57368
17,57421
4,57421
19,57421
24,57421
8,57499
1,57499
5,57499
24,57499
30,57499
6,57499
16,57499
5,57502
13,57502
18,57502
1,57502
5,57504
24,57504
25,57504
26,57504
28,57504
27,57504
6,57504
4,57504
30,57522
24,57522
23,57522
21,57522
10,57526
26,57526
5,57526
16,57526
16,57528
25,57528
18,57528
16,57532
27,57532
13,57532
10,57532
2,57532
19,57532
2,57536
7,57536
11,57536
13,57536
26,57637
23,57637
4,57637
19,57637
1,57640
5,57640
25,57640
29,57640
9,57669
2,57669
1,57669
11,57669
8,57669
5,57669
3,57669
29,57669
20,57772
18,57772
21,57772
13,57772
12,57772
8,57843
28,57843
10,57843
21,57843
11,57843
6,57843
20,57843
11,57910
23,57910
15,57910
6,57910
2,57910
20,57910
18,57910
1,57951
19,57951
29,57951
1,58025
5,58025
21,58025
18,58047
27,58047
6,58047
1,58078
25,58078
28,58078
18,58078
6,58078
30,58078
29,58078
1,58103
5,58103
10,58103
6,58103
11,58103
22,58103
20,58103
30,58103
7,58105
22,58105
27,58105
5,58105
14,58105
23,58105
20,58107
18,58107
4,58107
1,58107
11,58107
7,58107
23,58107
17,58107
1,58154
13,58154
3,58154
6,58154
29,58154
2,58156
1,58156
10,58156
30,58156
9,58156
17,58156
4,58156
23,58156
3,58162
23,58162
17,58162
29,58162
25,58162
30,58162
19,58162
21,58162
23,58191
27,58191
6,58191
1,58287
11,58287
5,58287
26,58287
12,58291
22,58291
5,58291
14,58291
20,58291
9,58291
1,58293
15,58293
12,58293
1,58295
27,58295
4,58295
3,58295
9,58295
1,58297
10,58297
14,58297
8,58297
23,58299
5,58299
26,58299
19,58301
9,58301
24,58301
21,58301
11,58301
23,58301
26,58301
30,58301
9,58303
19,58303
5,58303
8,58306
13,58306
9,58306
7,58306
17,58306
9,58309
8,58309
19,58309
4,58309
22,58309
23,58315
25,58315
26,58315
29,58315
13,58315
10,58332
9,58332
3,58332
4,58332
14,58332
1,58347
29,58347
8,58347
16,58351
6,58351
2,58351
16,58376
11,58376
7,58376
22,58376
2,58376
28,58404
16,58404
1,58404
5,58404
25,58404
12,58404
25,58425
28,58425
10,58425
20,58425
7,58425
10,58492
19,58492
28,58492
12,58492
23,58492
1,58554
26,58554
29,58554
1,58559
26,58559
24,58559
17,58627
3,58627
26,58627
10,58655
27,58655
5,58655
6,58655
11,58655
14,58655
15,58655
26,58655
12,58783
13,58783
5,58783
9,58783
6,58783
20,58803
21,58803
26,58803
15,58806
18,58806
6,58806
1,58806
29,58806
5,58806
8,58806
4,58806
1,58826
12,58826
9,58826
30,58826
18,58826
17,58826
12,58839
21,58839
26,58839
15,58839
7,58839
14,58839
25,58842
14,58842
27,58842
11,58870
10,58870
29,58870
28,58870
2,58870
22,58870
12,58870
4,58876
1,58876
25,58876
19,58876
17,58876
13,58879
2,58879
18,58879
1,58879
19,58964
14,58964
20,58964
9,58964
22,58972
13,58972
20,58972
24,58975
19,58975
26,58975
12,58975
21,58975
3,58975
20,58975
9,58998
5,58998
6,58998
16,58998
28,58998
30,58998
10,58998
5,59014
15,59014
4,59014
22,59014
12,59014
26,59014
18,59014
28,59014
1,59016
17,59016
12,59016
25,59016
16,59016
2,59018
8,59018
16,59018
17,59018
20,59022
23,59022
3,59022
18,59022
10,59022
30,59022
9,59026
15,59026
21,59026
30,59026
16,59026
27,59026
18,59026
1,59037
17,59037
5,59037
12,59037
20,59037
23,59037
25,59037
3,59103
8,59103
14,59103
30,59103
13,59118
18,59118
14,59118
5,59118
6,59118
12,59118
1,59118
28,59126
16,59126
10,59126
9,59126
17,59126
23,59126
25,59129
19,59129
23,59129
15,59129
11,59129
6,59129
17,59131
20,59131
7,59131
19,59131
25,59131
4,59131
11,59141
19,59141
27,59141
14,59141
23,59141
1,59141
12,59141
8,59141
28,59143
20,59143
8,59143
30,59220
28,59220
17,59220
3,59220
21,59220
20,59220
27,59258
10,59258
16,59258
17,59258
2,59295
14,59295
7,59295
1,59306
18,59306
21,59306
8,59315
4,59315
30,59315
16,59315
18,59315
23,59315
11,59315
13,59315
16,59333
10,59333
7,59333
26,59333
19,59333
27,59333
15,59333
7,59336
28,59336
5,59336
8,59336
20,59336
25,59369
9,59369
6,59369
4,59369
7,59369
29,59369
18,59387
15,59387
6,59387
16,59387
2,59387
22,59387
10,59387
23,59387
24,59421
21,59421
5,59421
1,59429
11,59429
14,59429
5,59429
26,59429
14,59440
21,59440
20,59440
19,59440
17,59440
7,59440
23,59440
18,59501
23,59501
13,59501
26,59549
29,59549
19,59549
9,59549
23,59549
24,59604
27,59604
12,59604
1,59604
16,59604
14,59604
29,59604
5,59615
6,59615
1,59615
24,59615
20,59615
22,59615
29,59667
24,59667
25,59667
11,59667
17,59667
22,59725
24,59725
3,59725
1,59725
17,59725
20,59725
28,59725
16,59725
1,59727
15,59727
20,59727
30,59727
21,59727
25,59727
28,59727
16,59727
3,59731
8,59731
4,59731
14,59731
8,59738
22,59738
27,59738
18,59738
21,59738
20,59738
10,59784
16,59784
23,59784
3,59810
16,59810
24,59810
14,59810
21,59810
28,59810
9,59810
10,59810
3,59814
6,59814
1,59814
29,59814
14,59814
28,59814
25,59814
27,59900
5,59900
7,59900
25,59900
4,59900
14,59900
8,59915
1,59915
29,59915
24,59915
11,59915
25,59947
27,59947
20,59947
19,59947
7,59947
21,59947
4,59947
1,59985
28,59985
17,59985
30,59985
21,59995
1,59995
16,59995
9,59995
2,59995
25,59995
14,59995
11,60030
5,60030
29,60030
15,60030
6,60030
16,60037
1,60037
9,60037
12,60040
14,60040
29,60040
5,60040
17,60040
26,60040
10,60040
23,60040
2,60046
22,60046
16,60046
3,60046
28,60046
3,60069
21,60069
16,60069
25,60069
23,60072
1,60072
20,60072
11,60072
18,60074
8,60074
30,60074
26,60074
7,60074
21,60074
16,60074
9,60074
21,60126
9,60126
23,60126
7,60128
29,60128
5,60128
23,60128
28,60141
23,60141
1,60141
8,60141
6,60141
4,60141
26,60141
13,60161
1,60161
29,60161
3,60161
23,60161
20,60161
23,60289
20,60289
17,60289
26,60291
28,60291
20,60291
12,60291
2,60291
7,60291
25,60291
15,60291
20,60293
24,60293
1,60293
18,60293
22,60293
2,60303
5,60303
4,60303
25,60303
21,60333
20,60333
1,60333
3,60363
30,60363
24,60363
28,60363
25,60363
5,60363
21,60363
14,60365
15,60365
12,60365
19,60365
15,60389
19,60389
1,60389
17,60389
17,60397
19,60397
25,60397
1,60397
26,60408
1,60408
24,60408
3,60408
15,60408
14,60408
22,60408
13,60408
1,60471
21,60471
19,60471
14,60471
16,60471
24,60471
30,60487
26,60487
19,60487
3,60487
29,60487
28,60487
8,60487
1,60514
10,60514
25,60514
17,60516
27,60516
16,60516
21,60516
29,60516
13,60516
3,60522
4,60522
19,60522
5,60522
21,60522
22,60522
12,60522
14,60522
1,60538
30,60538
10,60538
12,60538
11,60647
9,60647
24,60647
4,60647
30,60647
27,60674
8,60674
9,60674
22,60674
29,60674
12,60674
3,60674
3,60684
18,60684
16,60684
28,60684
3,60735
20,60735
29,60735
22,60735
27,60735
15,60735
1,60735
12,60735
1,60737
26,60737
25,60737
16,60737
17,60737
9,60737
27,60737
14,60737
4,60753
10,60753
30,60753
11,60756
4,60756
30,60756
25,60756
7,60756
27,60756
12,60760
27,60760
23,60760
5,60760
26,60766
16,60766
18,60766
22,60766
20,60766
10,60766
11,60766
21,60766
2,60803
4,60803
19,60803
1,60803
5,60803
20,60803
1,60818
19,60818
6,60818
23,60818
7,60818
18,60818
1,60832
11,60832
27,60832
10,60832
18,60832
20,60857
26,60857
5,60857
12,60857
8,60857
14,60857
21,60857
7,60857
1,60885
5,60885
12,60885
2,60894
25,60894
16,60894
22,60894
4,60894
21,60894
1,60894
24,60904
6,60904
29,60904
1,60937
15,60937
25,60937
21,60937
4,60937
14,60937
17,60937
1,60941
29,60941
17,60941
3,60941
20,60943
7,60943
27,60943
16,60943
1,60950
3,60950
29,60950
5,60950
13,60979
3,60979
9,60979
17,60979
1,60979
12,60979
7,60979
18,60979
4,61011
30,61011
29,61011
5,61011
1,61011
15,61011
1,61024
30,61024
13,61024
17,61024
19,61026
20,61026
22,61026
7,61026
9,61026
2,61026
3,61071
20,61071
28,61071
18,61071
30,61073
19,61073
8,61073
2,61073
20,61073
18,61073
15,61073
1,61073
10,61123
13,61123
23,61123
7,61123
26,61123
8,61123
29,61123
22,61132
15,61132
1,61132
30,61132
27,61132
28,61132
13,61132
1,61160
10,61160
2,61160
17,61160
16,61160
22,61160
15,61160
1,61167
2,61167
17,61167
8,61167
12,61167
27,61210
4,61210
11,61210
19,61210
17,61210
10,61210
3,61210
1,61236
29,61236
9,61236
13,61236
18,61236
10,61240
21,61240
1,61240
13,61240
11,61240
26,61240
18,61246
7,61246
21,61246
29,61246
3,61246
5,61246
13,61246
12,61248
21,61248
18,61248
20,61248
11,61248
10,61248
26,61250
23,61250
3,61250
5,61250
16,61250
24,61250
17,61255
2,61255
6,61255
25,61255
1,61257
5,61257
4,61257
20,61257
13,61257
17,61257
3,61257
30,61257
10,61262
11,61262
13,61262
1,61262
16,61262
4,61262
1,61289
28,61289
22,61289
19,61289
27,61289
7,61289
9,61289
1,61319
11,61319
26,61319
19,61319
5,61319
10,61319
5,61323
30,61323
24,61323
20,61323
2,61348
16,61348
29,61348
11,61348
13,61348
14,61348
22,61348
1,61348
25,61350
12,61350
21,61350
23,61350
15,61350
19,61350
5,61352
25,61352
23,61352
14,61352
16,61352
12,61352
11,61352
30,61352
15,61394
20,61394
6,61394
30,61394
13,61394
5,61394
9,61394
9,61401
23,61401
17,61401
10,61401
1,61401
2,61401
8,61401
16,61406
26,61406
21,61406
15,61406
25,61406
18,61406
7,61465
19,61465
12,61465
16,61465
26,61465
20,61465
21,61465
1,61628
6,61628
13,61628
26,61628
11,61628
24,61628
1,61692
5,61692
15,61692
9,61692
23,61692
17,61692
18,61692
28,61697
17,61697
5,61697
13,61705
22,61705
17,61705
23,61705
10,61729
9,61729
30,61729
21,61729
6,61818
18,61818
3,61818
9,61818
7,61818
26,61818
21,61818
3,61986
27,61986
21,61986
22,61986
30,61986
6,61986
20,61986
7,62008
25,62008
22,62008
20,62008
19,62008
24,62008
16,62008
3,62008
26,62081
5,62081
28,62081
18,62081
3,62081
23,62081
20,62081
30,62081
12,62113
10,62113
17,62113
19,62113
6,62155
30,62155
8,62155
15,62208
11,62208
21,62208
16,62208
30,62208
29,62208
22,62208
25,62208
29,62250
15,62250
6,62250
9,62250
28,62250
19,62250
5,62250
21,62250
17,62293
22,62293
6,62293
1,62293
25,62293
18,62293
26,62293
4,62299
28,62299
8,62299
25,62299
26,62299
7,62336
29,62336
27,62336
1,62344
18,62344
28,62344
22,62344
23,62344
23,62374
16,62374
9,62374
29,62374
3,62374
4,62374
27,62376
17,62376
11,62376
21,62376
23,62376
15,62376
14,62376
26,62376
28,62383
11,62383
12,62383
7,62383
26,62394
6,62394
2,62394
11,62434
15,62434
16,62434
21,62434
2,62434
14,62437
21,62437
30,62437
8,62437
24,62439
2,62439
27,62439
16,62439
28,62439
13,62439
7,62439
2,62511
27,62511
14,62511
13,62511
15,62511
26,62511
20,62553
22,62553
5,62553
23,62553
24,62553
19,62553
6,62553
28,62553
2,62586
24,62586
4,62586
29,62586
30,62586
12,62586
25,62586
14,62644
6,62644
4,62644
26,62644
16,62644
15,62662
9,62662
29,62662
19,62662
11,62662
21,62662
26,62662
1,62662
20,62718
16,62718
6,62718
17,62718
29,62718
28,62718
22,62718
25,62792
15,62792
24,62792
3,62792
6,62792
27,62792
22,62792
9,62799
17,62799
6,62799
22,62834
30,62834
12,62834
6,62834
10,62834
16,62834
11,62834
28,62834
1,62836
14,62836
20,62836
7,62836
4,62836
9,62836
18,62836
13,62836
6,62849
27,62849
29,62849
20,62956
10,62956
19,62956
2,62956
24,62956
4,62956
22,62970
23,62970
10,62970
25,62970
3,62970
5,62970
24,62970
1,62999
12,62999
24,62999
16,62999
26,62999
29,62999
7,63033
23,63033
8,63033
29,63062
2,63062
1,63062
18,63062
15,63062
16,63062
13,63072
15,63072
16,63072
11,63072
4,63072
22,63072
1,63082
29,63082
9,63082
23,63082
6,63082
25,63082
21,63082
1,63113
24,63113
27,63113
20,63131
28,63131
30,63131
7,63179
14,63179
6,63179
9,63222
1,63222
12,63222
5,63222
15,63222
26,63222
7,63239
5,63239
24,63239
4,63239
16,63239
2,63239
3,63276
15,63276
22,63276
18,63276
8,63276
1,63276
29,63276
1,63312
24,63312
5,63312
30,63312
21,63393
24,63393
12,63393
18,63393
23,63393
4,63393
21,63433
1,63433
6,63433
26,63433
20,63433
1,63436
16,63436
22,63436
17,63436
8,63436
7,63479
5,63479
13,63479
17,63479
7,63515
21,63515
11,63515
5,63515
23,63515
12,63515
25,63515
1,63540
11,63540
26,63540
23,63540
21,63540
20,63540
12,63540
18,63540
8,63768
20,63768
10,63768
4,63768
24,63808
15,63808
10,63808
30,63808
6,63808
7,63808
8,63808
4,63808
5,63826
13,63826
26,63826
25,63826
23,63826
17,63853
21,63853
2,63853
29,63853
15,63853
24,63853
28,63853
1,63859
23,63859
28,63859
1,63876
6,63876
9,63876
28,63992
6,63992
16,63992
28,64010
23,64010
7,64010
19,64010
14,64010
4,64010
1,64030
11,64030
13,64030
5,64030
3,64030
17,64030
22,64030
27,64030
21,64032
4,64032
2,64032
26,64032
14,64034
5,64034
15,64034
4,64034
3,64034
10,64034
7,64034
20,64034
13,64114
21,64114
3,64114
18,64114
24,64114
28,64114
14,64114
24,64116
22,64116
12,64116
18,64116
5,64116
20,64116
2,64167
6,64167
9,64167
11,64167
14,64167
9,64197
16,64197
24,64197
18,64197
30,64231
1,64231
10,64231
5,64249
29,64249
11,64249
6,64278
9,64278
23,64278
26,64278
2,64278
24,64278
19,64285
5,64285
12,64285
16,64497
2,64497
1,64497
20,64499
30,64499
27,64499
12,64499
7,64499
3,64499
13,64499
14,64499
19,64501
30,64501
23,64501
29,64501
27,64501
11,64501
8,64501
26,64501
15,64575
14,64575
22,64575
8,64575
1,64575
28,64614
1,64614
25,64614
30,64614
6,64614
21,64620
24,64620
1,64620
15,64620
16,64622
5,64622
18,64622
21,64622
9,64622
1,64622
2,64622
11,64622
3,64695
25,64695
29,64695
6,64695
11,64695
1,64695
17,64695
5,64695
7,64716
18,64716
12,64716
1,64716
30,64716
6,64716
15,64716
19,64839
21,64839
23,64839
14,64839
4,64839
1,64957
4,64957
11,64957
20,64957
12,64969
24,64969
21,64969
7,64969
5,64969
22,64983
15,64983
21,64983
1,64993
21,64993
26,64993
27,64993
16,64993
8,64993
4,64993
1,64997
9,64997
29,64997
7,65037
24,65037
16,65037
2,65037
13,65037
8,65037
25,65037
24,65088
13,65088
20,65088
14,65088
16,65088
19,65088
30,65088
22,65126
8,65126
12,65126
26,65126
1,65130
29,65130
25,65130
8,65130
7,65133
12,65133
30,65133
24,65133
21,65133
17,65133
12,65135
2,65135
20,65135
28,65188
23,65188
27,65188
1,65188
30,65188
8,65193
19,65193
9,65193
17,65193
15,65193
27,65216
8,65216
4,65216
21,65216
27,65225
4,65225
26,65225
19,65230
14,65230
5,65230
20,65230
26,65230
4,65230
25,65230
9,65261
8,65261
16,65261
7,65261
29,65261
11,65261
28,65261
11,65350
17,65350
27,65350
30,65350
8,65350
30,65359
21,65359
1,65359
16,65359
2,65514
20,65514
16,65514
27,65514
14,65514
23,65514
25,65514
18,65577
22,65577
29,65577
13,65577
4,65577
16,65577
24,65577
16,65585
19,65585
11,65585
1,65588
9,65588
23,65588
2,65596
21,65596
9,65596
10,65596
7,65601
12,65601
3,65601
8,65601
11,65601
21,65631
20,65631
17,65631
5,65631
1,65642
16,65642
27,65642
20,65642
21,65651
24,65651
30,65651
28,65651
8,65651
26,65651
20,65651
3,65682
24,65682
23,65682
25,65682
30,65682
21,65682
8,65685
17,65685
30,65685
9,65685
15,65685
29,65685
24,65685
5,65685
4,65738
27,65738
7,65738
11,65738
10,65738
24,65738
23,65740
9,65740
3,65740
7,65802
24,65802
26,65802
1,65802
15,65802
22,65802
1,65810
17,65810
23,65810
28,65810
21,65810
2,65810
30,65810
5,65810
15,65882
26,65882
1,65882
24,65882
18,65882
12,65882
17,65882
20,65982
13,65982
30,65982
18,65982
17,66090
3,66090
10,66090
21,66090
1,66097
15,66097
16,66097
11,66097
29,66097
9,66097
4,66171
16,66171
15,66171
13,66171
11,66171
17,66171
7,66171
24,66171
1,66198
3,66198
28,66198
26,66198
13,66198
6,66203
9,66203
18,66203
2,66203
1,66203
19,66240
30,66240
3,66240
20,66240
7,66240
5,66240
24,66297
27,66297
30,66297
22,66297
11,66297
8,66297
22,66310
7,66310
5,66310
30,66320
26,66320
29,66320
10,66320
16,66320
8,66320
2,66320
9,66320
22,66335
3,66335
27,66335
24,66335
1,66335
25,66335
23,66335
14,66335
30,66371
19,66371
15,66371
7,66371
24,66371
10,66371
4,66371
15,66427
12,66427
20,66427
19,66427
29,66427
6,66427
1,66509
10,66509
12,66509
19,66509
1,66511
25,66511
14,66511
1,66544
12,66544
18,66544
21,66544
23,66544
20,66544
9,66544
2,66544
6,66665
15,66665
8,66665
1,66665
24,66665
9,66665
30,66744
19,66744
25,66744
24,66744
1,66744
20,66744
21,66783
5,66783
2,66783
15,66783
3,66783
16,66783
9,66785
6,66785
10,66785
26,66785
24,66798
7,66798
29,66798
11,66798
8,66798
22,66798
3,66915
8,66915
28,66915
5,66915
17,66915
9,66915
1,66934
15,66934
24,66934
11,66934
13,66934
18,66934
1,66943
19,66943
26,66943
18,66943
16,66943
10,66943
23,66943
19,67087
28,67087
25,67087
21,67087
15,67087
16,67087
17,67168
29,67168
13,67168
30,67168
8,67168
25,67168
10,67168
10,67186
16,67186
19,67186
15,67186
20,67186
24,67186
25,67186
6,67193
5,67193
18,67193
1,67193
24,67193
14,67193
9,67193
28,67193
22,67197
15,67197
27,67197
28,67197
13,67197
16,67197
24,67255
21,67255
16,67255
9,67255
27,67255
1,67255
15,67255
3,67255
18,67267
24,67267
21,67267
13,67267
19,67267
25,67267
27,67267
17,67267
22,67295
29,67295
4,67295
30,67361
10,67361
12,67361
9,67361
10,67408
7,67408
11,67408
24,67508
26,67508
19,67508
27,67508
3,67508
20,67534
8,67534
4,67534
17,67534
14,67534
23,67534
16,67534
27,67534
24,67618
28,67618
10,67618
4,67618
1,67618
23,67618
24,67665
28,67665
8,67665
10,67665
18,67695
3,67695
23,67695
27,67695
8,67695
7,67695
11,67695
19,67695
26,67734
16,67734
22,67734
6,67734
3,67734
29,67788
30,67788
22,67788
16,67788
25,67788
19,67788
23,67788
15,67788
30,67799
17,67799
10,67799
8,67888
23,67888
21,67888
9,67888
1,67923
26,67923
16,67923
12,67923
28,67997
2,67997
13,67997
14,67997
1,68073
25,68073
14,68073
10,68073
21,68073
8,68073
7,68073
4,68135
6,68135
13,68135
19,68135
12,68135
23,68135
11,68135
30,68157
17,68157
14,68157
25,68157
22,68157
16,68157
12,68157
19,68157
1,68159
8,68159
13,68159
3,68194
16,68194
12,68194
14,68194
19,68194
25,68194
27,68205
15,68205
14,68205
26,68205
21,68205
13,68205
2,68205
2,68237
6,68237
28,68237
29,68237
16,68269
1,68269
21,68269
30,68269
26,68269
23,68269
12,68319
16,68319
29,68319
23,68319
11,68319
13,68347
21,68347
11,68347
30,68358
2,68358
24,68358
1,68358
8,68358
23,68358
25,68444
9,68444
14,68444
27,68444
19,68444
21,68444
5,68444
18,68480
11,68480
16,68480
10,68480
7,68486
12,68486
14,68486
3,68486
8,68486
13,68486
22,68486
1,68486
9,68522
30,68522
11,68522
18,68522
28,68536
27,68536
12,68536
18,68536
16,68536
11,68536
15,68536
9,68552
30,68552
7,68552
17,68552
10,68552
19,68554
17,68554
5,68554
4,68554
8,68597
13,68597
9,68597
3,68597
26,68597
10,68600
29,68600
11,68600
5,68600
15,68600
30,68600
1,68650
27,68650
16,68650
8,68650
17,68650
18,68659
29,68659
19,68659
13,68659
15,68659
1,68791
29,68791
3,68791
27,68791
12,68793
2,68793
9,68793
28,68793
30,68793
4,68793
6,68793
7,68793
6,68835
2,68835
4,68835
7,68848
9,68848
26,68848
5,68848
19,68848
23,68848
16,68872
5,68872
1,68872
11,68872
8,68872
29,68872
24,68886
23,68886
17,68886
22,68932
19,68932
23,68932
2,68932
1,68945
9,68945
17,68945
19,68952
24,68952
5,68952
29,68952
23,68952
3,68952
15,68952
12,68954
9,68954
16,68954
30,68959
13,68959
5,68959
29,69069
3,69069
2,69069
12,69069
27,69069
28,69069
1,69069
15,69069
2,69118
14,69118
23,69118
26,69118
9,69122
26,69122
14,69122
13,69122
12,69122
29,69122
21,69122
3,69122
8,69131
1,69131
24,69131
19,69131
9,69131
12,69131
20,69131
9,69134
28,69134
20,69134
3,69134
8,69134
12,69140
15,69140
7,69140
17,69140
28,69140
29,69140
4,69140
2,69140
3,69211
2,69211
22,69211
16,69211
25,69211
18,69211
16,69224
9,69224
8,69224
27,69224
7,69224
2,69224
11,69224
1,69227
25,69227
21,69227
6,69227
12,69227
27,69227
9,69227
13,69227
18,69251
29,69251
9,69251
26,69251
24,69251
5,69251
10,69251
1,69275
20,69275
19,69275
16,69275
29,69275
9,69278
30,69278
13,69278
17,69278
8,69278
7,69278
19,69278
26,69304
22,69304
10,69304
25,69304
20,69304
18,69304
12,69306
3,69306
17,69306
25,69306
5,69306
27,69306
19,69306
4,69306
18,69394
26,69394
13,69394
16,69394
15,69406
26,69406
6,69406
18,69436
9,69436
23,69436
6,69453
24,69453
25,69453
14,69453
15,69453
3,69453
2,69469
4,69469
15,69469
10,69469
27,69469
29,69481
28,69481
5,69481
15,69481
2,69481
22,69481
3,69481
16,69481
12,69495
15,69495
3,69495
24,69495
28,69495
10,69495
18,69495
28,69516
7,69516
4,69516
13,69516
14,69516
23,69516
1,69516
23,69524
11,69524
17,69524
28,69524
14,69524
24,69524
21,69526
1,69526
26,69526
12,69526
5,69529
25,69529
20,69529
1,69529
21,69529
13,69529
16,69529
28,69604
1,69604
30,69604
15,69604
2,69604
10,69606
9,69606
4,69606
2,69606
17,69606
8,69606
22,69606
25,69640
27,69640
6,69640
19,69640
3,69640
24,69640
10,69644
1,69644
22,69644
23,69644
7,69644
18,69654
9,69654
3,69654
29,69685
21,69685
13,69685
17,69685
19,69712
24,69712
9,69712
5,69712
22,69712
23,69712
12,69712
18,69712
29,69720
11,69720
30,69720
19,69720
8,69720
17,69720
21,69746
9,69746
8,69746
10,69746
17,69746
1,69757
29,69757
9,69757
23,69757
21,69757
22,69757
10,69784
12,69784
1,69784
4,69805
28,69805
15,69805
8,69805
14,69805
30,69805
23,69805
2,69805
11,69844
22,69844
14,69844
20,69844
18,69844
25,69844
23,69849
18,69849
11,69849
25,69849
17,69849
21,69849
4,69849
7,69849
6,69860
12,69860
13,69860
5,69860
27,69860
19,69860
1,69860
16,69860
1,69904
21,69904
22,69904
4,69904
29,69904
10,69904
13,69904
15,69904
26,69951
30,69951
1,69951
14,69951
28,69953
29,69953
17,69953
24,69953
6,69953
8,69953
23,69953
26,69988
11,69988
7,69988
27,69988
29,69988
12,69988
9,69988
24,70015
27,70015
10,70015
11,70015
28,70015
18,70015
16,70015
17,70159
13,70159
11,70159
4,70159
15,70159
7,70159
30,70159
29,70159
8,70183
22,70183
12,70183
7,70183
4,70183
5,70183
24,70206
4,70206
11,70206
13,70208
1,70208
5,70208
6,70208
25,70208
30,70208
16,70208
15,70208
8,70286
19,70286
16,70286
25,70286
26,70286
3,70286
28,70293
10,70293
13,70293
7,70293
12,70293
30,70301
20,70301
3,70301
11,70301
26,70301
29,70301
1,70305
18,70305
13,70305
11,70305
30,70305
25,70305
15,70305
18,70334
29,70334
26,70334
13,70334
8,70334
16,70334
5,70334
1,70336
8,70336
21,70336
10,70336
24,70336
26,70361
29,70361
14,70361
23,70451
19,70451
18,70451
20,70451
7,70492
21,70492
14,70492
2,70492
16,70492
1,70521
11,70521
12,70521
6,70521
5,70521
27,70533
6,70533
15,70533
17,70545
12,70545
28,70545
23,70545
21,70545
25,70565
2,70565
7,70565
27,70565
16,70565
17,70599
27,70599
6,70599
3,70599
12,70637
11,70637
21,70637
9,70637
19,70637
8,70641
11,70641
21,70641
6,70641
9,70641
4,70641
30,70663
27,70663
4,70663
8,70663
21,70663
11,70663
1,70687
8,70687
21,70687
23,70687
7,70687
16,70687
22,70697
16,70697
27,70697
20,70697
17,70697
11,70703
17,70703
4,70703
28,70703
10,70703
13,70703
2,70708
18,70708
25,70708
15,70708
5,70708
17,70708
24,70708
3,70728
12,70728
13,70728
14,70728
10,70728
16,70728
28,70728
18,70862
3,70862
8,70862
6,70862
2,70932
24,70932
21,70932
15,70932
27,70932
1,70932
17,70932
12,70932
6,70946
19,70946
25,70946
30,70946
10,70946
28,70984
26,70984
11,70984
5,70984
2,70984
27,70984
24,70984
14,70984
11,70990
1,70990
7,70990
8,70990
27,70990
6,70994
22,70994
3,70994
25,70994
23,70994
16,70994
14,70994
28,71033
9,71033
10,71033
13,71033
1,71033
18,71057
27,71057
5,71057
26,71057
25,71057
17,71057
22,71106
23,71106
5,71106
30,71106
16,71106
21,71106
18,71106
20,71106
1,71108
8,71108
24,71108
12,71108
30,71108
1,71129
22,71129
23,71129
5,71129
19,71129
10,71129
20,71131
5,71131
30,71131
27,71131
15,71131
3,71131
6,71131
21,71131
23,71135
17,71135
9,71135
18,71135
12,71135
29,71135
24,71147
22,71147
13,71147
1,71156
28,71156
10,71156
23,71156
26,71156
7,71156
16,71156
2,71160
29,71160
5,71160
23,71160
22,71160
10,71160
6,71160
27,71160
13,71205
5,71205
8,71205
30,71205
21,71205
9,71211
15,71211
27,71211
13,71211
16,71211
24,71211
30,71211
2,71248
11,71248
16,71248
25,71248
15,71248
20,71248
8,71248
1,71252
6,71252
3,71252
5,71252
17,71252
9,71252
1,71254
19,71254
12,71254
9,71254
2,71254
11,71254
8,71254
19,71264
5,71264
7,71264
1,71268
5,71268
9,71268
16,71268
19,71268
14,71268
11,71282
18,71282
17,71282
19,71282
15,71282
20,71282
13,71282
15,71302
6,71302
8,71302
17,71302
7,71302
24,71302
20,71302
18,71304
25,71304
7,71304
15,71304
1,71327
26,71327
19,71327
4,71327
14,71341
20,71341
27,71341
12,71379
24,71379
9,71379
1,71429
3,71429
5,71429
25,71429
1,71438
11,71438
6,71438
18,71453
27,71453
25,71453
5,71453
11,71453
28,71453
19,71453
17,71453
10,71462
30,71462
25,71462
21,71464
28,71464
11,71464
30,71464
25,71464
26,71464
18,71466
24,71466
4,71466
2,71466
15,71466
24,71468
9,71468
1,71468
5,71468
11,71468
7,71468
16,71484
13,71484
28,71484
15,71484
5,71484
11,71484
12,71494
26,71494
9,71494
3,71494
14,71494
28,71494
18,71494
1,71500
12,71500
30,71500
3,71500
13,71500
1,71518
22,71518
10,71518
8,71518
16,71518
28,71520
23,71520
26,71520
5,71530
6,71530
10,71530
23,71530
2,71530
1,71530
1,71535
29,71535
23,71535
7,71535
3,71535
2,71535
14,71550
9,71550
4,71550
1,71550
26,71550
1,71579
12,71579
15,71579
27,71579
6,71579
18,71619
27,71619
12,71619
7,71640
15,71640
20,71640
1,71640
25,71668
28,71668
20,71668
26,71668
24,71668
9,71732
28,71732
5,71732
29,71732
8,71745
2,71745
6,71745
11,71745
28,71745
23,71810
25,71810
5,71810
20,71810
18,71823
20,71823
6,71823
15,71823
19,71823
13,71838
21,71838
11,71838
17,71838
1,71838
10,71867
4,71867
18,71867
28,71867
21,71867
30,71867
29,71867
14,71867
1,71899
23,71899
7,71899
9,71899
25,71902
8,71902
7,71902
20,71902
2,71902
10,71902
29,71902
18,71910
19,71910
28,71910
23,71910
3,71910
7,71970
26,71970
5,71970
23,71970
18,71970
1,71970
9,71970
15,71970
26,71999
5,71999
28,71999
23,71999
10,71999
9,71999
29,72011
14,72011
21,72011
4,72011
26,72104
27,72104
7,72104
1,72129
29,72129
22,72129
13,72129
1,72142
19,72142
14,72142
28,72142
30,72142
17,72142
1,72165
26,72165
15,72165
4,72165
18,72165
25,72165
15,72167
1,72167
18,72167
26,72167
6,72167
15,72171
7,72171
21,72171
26,72171
30,72171
10,72171
23,72178
17,72178
4,72178
10,72224
2,72224
17,72224
29,72224
5,72224
27,72226
12,72226
4,72226
3,72226
2,72226
7,72226
6,72294
4,72294
5,72294
10,72294
29,72294
7,72308
6,72308
18,72308
10,72308
17,72308
4,72330
23,72330
9,72330
27,72330
20,72330
22,72330
6,72330
30,72356
11,72356
18,72356
16,72356
9,72356
20,72378
2,72378
7,72378
1,72395
3,72395
9,72395
4,72395
7,72405
2,72405
4,72405
14,72405
16,72405
28,72405
10,72405
22,72405
2,72407
14,72407
13,72407
1,72407
25,72407
16,72407
8,72407
19,72407
25,72424
23,72424
26,72424
7,72424
4,72424
2,72424
18,72424
1,72479
9,72479
10,72479
18,72479
26,72489
20,72489
12,72489
4,72489
16,72489
19,72554
3,72554
18,72554
8,72554
1,72591
24,72591
2,72591
6,72591
21,72591
16,72591
22,72601
10,72601
8,72601
27,72601
18,72601
5,72601
29,72603
24,72603
20,72603
21,72603
11,72603
1,72605
9,72605
5,72605
6,72605
15,72605
20,72605
28,72605
28,72624
3,72624
17,72624
24,72624
27,72641
10,72641
1,72641
24,72641
16,72641
17,72641
19,72641
1,72692
29,72692
20,72692
3,72692
12,72694
14,72694
25,72694
5,72694
2,72696
29,72696
25,72696
24,72696
9,72696
30,72696
16,72701
4,72701
9,72701
12,72701
21,72714
10,72714
16,72714
8,72714
22,72720
9,72720
4,72720
27,72720
3,72720
1,72720
17,72720
6,72731
5,72731
9,72731
11,72731
22,72731
7,72731
20,72731
21,72731
12,72733
5,72733
13,72733
27,72733
16,72733
19,72737
29,72737
27,72737
11,72737
17,72874
7,72874
1,72874
15,72874
2,72874
20,72874
5,72874
1,72919
27,72919
12,72919
7,72919
9,72919
23,72919
14,72919
3,72919
29,72921
19,72921
23,72921
20,72921
3,72921
10,72982
4,72982
6,72982
28,72982
14,72982
26,72982
19,72982
27,72998
26,72998
23,72998
15,72998
30,72998
19,72998
5,72998
25,72998
22,73015
29,73015
11,73015
10,73015
12,73015
8,73015
9,73017
8,73017
28,73017
1,73023
8,73023
26,73023
2,73023
29,73042
12,73042
18,73042
14,73042
27,73106
28,73106
14,73106
17,73106
23,73106
15,73106
18,73106
16,73106
22,73160
27,73160
13,73160
18,73211
19,73211
3,73211
5,73211
10,73211
7,73211
14,73211
8,73266
11,73266
14,73266
2,73266
11,73268
25,73268
28,73268
9,73268
30,73290
27,73290
5,73290
3,73290
11,73290
2,73290
28,73319
17,73319
8,73319
5,73319
1,73321
14,73321
9,73321
5,73321
2,73321
30,73321
4,73321
1,73323
3,73323
30,73323
8,73323
11,73323
10,73323
16,73344
3,73344
30,73344
1,73386
6,73386
13,73386
20,73431
30,73431
25,73431
10,73431
11,73431
19,73488
29,73488
21,73488
9,73488
5,73488
1,73488
27,73488
1,73499
9,73499
17,73499
13,73499
25,73499
21,73499
27,73499
28,73501
30,73501
8,73501
5,73501
4,73501
26,73501
18,73501
10,73501
16,73515
3,73515
30,73515
13,73515
25,73569
29,73569
7,73569
9,73569
19,73569
23,73569
22,73569
18,73569
25,73676
21,73676
30,73676
13,73676
5,73676
1,73681
18,73681
7,73681
30,73681
25,73741
22,73741
14,73741
29,73741
3,73804
17,73804
13,73804
6,73804
16,73804
2,73804
23,73808
6,73808
18,73808
26,73808
24,73808
20,73822
9,73822
23,73822
14,73822
17,73822
14,73854
2,73854
16,73854
18,73854
24,73854
22,73854
30,73854
10,73854
15,73858
17,73858
20,73858
10,73858
8,73858
18,73876
30,73876
8,73876
28,73876
29,73876
5,73876
10,73881
1,73881
19,73881
3,73881
22,73881
6,73929
21,73929
20,73929
1,73929
10,73929
22,73929
14,73929
4,73929
26,74075
24,74075
5,74075
19,74075
16,74075
10,74075
29,74089
1,74089
18,74089
15,74089
26,74089
24,74089
12,74089
6,74089
12,74095
13,74095
10,74095
22,74095
24,74095
25,74095
30,74095
1,74095
6,74154
13,74154
24,74154
18,74226
9,74226
3,74226
28,74226
4,74226
12,74226
20,74226
6,74226
24,74228
16,74228
12,74228
30,74228
29,74228
25,74228
23,74275
1,74275
28,74275
12,74282
23,74282
9,74282
25,74324
4,74324
11,74324
4,74342
24,74342
18,74342
29,74342
17,74342
13,74342
11,74342
9,74342
16,74370
29,74370
11,74370
18,74370
5,74370
19,74450
29,74450
1,74450
24,74450
11,74450
1,74452
19,74452
17,74452
4,74452
25,74452
5,74458
19,74458
2,74458
9,74508
5,74508
30,74508
18,74508
11,74508
27,74508
29,74508
17,74508
1,74510
19,74510
11,74510
7,74510
17,74510
5,74510
28,74510
30,74510
29,74530
24,74530
8,74530
4,74530
1,74532
4,74532
25,74532
27,74532
18,74532
14,74532
24,74532
7,74532
29,74545
24,74545
6,74545
4,74545
25,74545
18,74553
2,74553
23,74553
27,74553
15,74553
17,74553
6,74580
17,74580
22,74580
12,74624
14,74624
7,74624
17,74624
19,74624
18,74624
23,74647
22,74647
27,74647
3,74647
15,74647
15,74668
24,74668
11,74668
17,74677
12,74677
7,74677
13,74677
25,74677
11,74677
9,74677
4,74677
8,74683
27,74683
4,74683
10,74683
1,74685
13,74685
16,74685
4,74685
24,74685
1,74688
6,74688
19,74688
28,74688
11,74688
12,74688
25,74688
3,74688
29,74696
12,74696
16,74696
24,74696
3,74696
20,74696
8,74696
4,74696
2,74698
27,74698
13,74698
16,74698
16,74727
10,74727
3,74727
11,74727
21,74727
29,74727
1,74750
26,74750
23,74750
11,74754
27,74754
12,74754
21,74754
13,74754
20,74789
30,74789
3,74789
27,74789
4,74789
11,74789
16,74789
22,74789
13,74791
28,74791
16,74791
17,74791
23,74791
12,74791
1,74795
27,74795
2,74795
9,74795
16,74795
8,74795
29,74795
1,74851
26,74851
19,74851
10,74851
27,74868
6,74868
14,74868
18,74868
26,74868
8,74868
2,74868
22,74868
26,74916
10,74916
22,74916
29,74916
2,74946
7,74946
4,74946
29,74946
3,74946
13,74946
6,74946
28,74946
10,74948
8,74948
20,74948
29,74948
13,74948
1,75341
4,75341
23,75341
13,75341
11,75341
28,75341
26,75341
25,75389
3,75389
20,75389
5,75389
21,75389
22,75389
17,75389
17,75395
15,75395
4,75395
29,75395
9,75395
20,75395
7,75395
14,75395
30,75416
11,75416
7,75416
5,75416
12,75416
1,75416
28,75416
24,75416
1,75446
19,75446
14,75446
26,75446
26,75803
9,75803
23,75803
12,75803
5,75803
13,75805
29,75805
1,75805
11,75813
22,75813
2,75813
19,75816
6,75816
2,75816
28,75816
14,75816
27,75816
21,75816
15,75816
29,75947
19,75947
13,75947
9,75947
27,75947
28,75947
26,75947
14,75985
29,75985
2,75985
6,75985
6,76030
20,76030
29,76030
12,76054
15,76054
17,76054
9,76060
12,76060
28,76060
19,76077
29,76077
17,76077
12,76077
5,76077
18,76077
1,76091
17,76091
4,76091
10,76091
12,76091
15,76093
26,76093
22,76093
24,76093
28,76143
29,76143
1,76143
10,76143
4,76143
7,76173
8,76173
17,76173
16,76173
6,76175
28,76175
4,76175
8,76251
9,76251
14,76251
12,76251
25,76251
1,76293
6,76293
15,76293
12,76301
22,76301
1,76301
29,76301
9,76738
27,76738
21,76738
11,76738
14,76738
16,76743
8,76743
27,76743
6,76743
18,76743
22,76743
10,76743
8,76751
12,76751
5,76751
22,76751
26,76751
16,76751
23,76751
12,76763
9,76763
17,76763
24,76763
30,76763
26,76763
10,77177
24,77177
11,77177
3,77177
20,77177
22,77177
28,77177
12,77191
17,77191
16,77191
15,77191
1,77201
15,77201
20,77201
9,77201
3,77206
24,77206
13,77206
2,77206
1,77206
23,77206
30,77206
9,77206
28,77233
27,77233
6,77233
21,77233
24,77233
26,77233
8,77266
11,77266
18,77266
25,77266
20,77266
5,77266
15,77266
13,77364
7,77364
3,77364
22,77364
1,77414
13,77414
12,77414
19,77414
13,77421
18,77421
29,77421
11,77421
30,77421
2,77421
12,77421
1,77421
22,77427
7,77427
21,77427
12,77455
16,77455
10,77455
9,77455
25,77561
2,77561
19,77561
22,77561
3,77561
1,77667
7,77667
3,77667
2,77688
18,77688
24,77688
9,77688
16,77688
12,77688
23,77709
28,77709
18,77709
10,77709
1,77709
19,77795
29,77795
13,77795
21,77795
14,77795
22,77795
10,77795
30,77798
14,77798
24,77798
7,77798
21,77798
12,77798
26,77798
24,77800
29,77800
4,77800
27,77800
19,77841
3,77841
7,77841
29,77841
23,77841
10,77841
26,77846
13,77846
14,77846
8,77846
30,77846
27,77846
15,77846
1,77846
9,77866
16,77866
28,77866
8,77866
25,77866
11,77866
5,77866
1,77881
10,77881
15,77881
16,77881
20,77881
14,77881
25,77881
3,77881
16,77893
8,77893
18,77893
26,77893
15,77893
7,77893
3,77893
21,77931
20,77931
24,77931
15,78034
14,78034
19,78034
26,78034
9,78034
28,78034
20,78034
16,78034
18,78039
10,78039
30,78039
9,78039
7,78039
3,78041
15,78041
24,78041
7,78041
12,78041
29,78041
14,78041
4,78041
1,78088
7,78088
21,78088
9,78088
2,78088
18,78088
19,78088
6,78103
15,78103
7,78103
22,78103
5,78103
3,78105
7,78105
13,78105
28,78105
12,78105
11,78105
19,78116
23,78116
24,78116
1,78142
18,78142
12,78142
10,78142
28,78160
12,78160
19,78160
16,78160
5,78174
8,78174
14,78174
20,78174
28,78174
29,78174
22,78174
18,78209
4,78209
24,78209
12,78209
11,78218
13,78218
14,78218
20,78218
4,78264
15,78264
17,78264
10,78264
22,78264
1,78266
15,78266
9,78266
1,78316
8,78316
9,78316
20,78316
25,78316
18,78349
14,78349
16,78349
21,78467
11,78467
23,78467
4,78467
30,78467
30,78469
28,78469
10,78469
22,78469
5,78469
25,78469
12,78499
14,78499
24,78499
2,78499
27,78499
22,78499
20,78544
13,78544
26,78544
22,78574
1,78574
24,78574
18,78574
7,78574
3,78574
4,78574
24,78620
25,78620
1,78620
12,78620
9,78620
19,78620
2,78626
24,78626
18,78626
19,78626
26,78637
8,78637
2,78637
6,78637
15,78637
19,78637
14,78637
28,78703
10,78703
27,78703
29,78703
17,78703
26,78703
19,78703
9,78746
3,78746
11,78746
4,78746
30,78746
13,78746
22,78772
6,78772
14,78772
9,78772
3,78772
5,78772
19,78772
1,78836
18,78836
15,78836
26,78836
20,78836
2,78893
22,78893
18,78893
6,78893
28,78893
4,78893
15,78893
19,78893
1,78959
30,78959
16,78959
15,79006
13,79006
21,79006
26,79006
6,79006
28,79006
12,79006
2,79006
29,79008
25,79008
15,79008
17,79008
6,79008
1,79057
28,79057
26,79057
9,79057
27,79057
5,79057
15,79057
7,79057
5,79073
9,79073
30,79073
12,79073
8,79073
13,79073
5,79091
8,79091
29,79091
4,79091
23,79132
12,79132
2,79132
26,79132
9,79132
18,79132
7,79132
3,79132
24,79134
18,79134
25,79134
27,79134
28,79139
23,79139
16,79139
29,79139
20,79139
19,79139
24,79185
14,79185
29,79185
4,79185
8,79185
1,79185
9,79185
25,79185
30,79224
26,79224
24,79224
16,79224
22,79224
8,79224
29,79224
28,79224
1,79242
19,79242
27,79242
18,79242
10,79242
1,79251
30,79251
9,79251
19,79259
26,79259
17,79259
27,79259
1,79259
9,79259
4,79259
29,79274
14,79274
1,79274
18,79274
6,79274
29,79293
30,79293
25,79293
2,79293
11,79293
6,79293
19,79293
21,79293
22,79299
17,79299
15,79299
6,79299
27,79299
15,79333
21,79333
22,79333
17,79357
10,79357
8,79357
6,79357
22,79357
30,79357
28,79357
2,79357
10,79428
8,79428
3,79428
1,79501
12,79501
3,79501
7,79501
28,79501
21,79536
23,79536
19,79536
22,79536
3,79536
17,79536
30,79536
1,79553
21,79553
24,79553
28,79553
4,79553
11,79572
12,79572
1,79572
18,79572
28,79590
16,79590
21,79590
18,79590
24,79590
2,79590
1,79592
6,79592
30,79592
24,79592
3,79677
5,79677
10,79677
20,79684
12,79684
2,79684
7,79684
28,79684
19,79684
30,79684
17,79695
9,79695
21,79695
26,79695
6,79695
28,79695
4,79695
5,79695
2,79702
25,79702
18,79702
29,79702
22,79702
26,79702
8,79702
14,79702
1,79798
6,79798
24,79798
6,79868
25,79868
16,79868
12,79879
29,79879
14,79879
15,79879
9,79879
7,79879
2,79895
17,79895
8,79895
1,79895
28,79895
11,79895
26,79895
18,79895
17,79897
1,79897
21,79897
23,79946
13,79946
24,79946
29,79946
11,79946
25,79946
15,79946
3,80083
2,80083
8,80083
21,80083
11,80083
9,80083
7,80083
22,80083
29,80094
4,80094
1,80094
17,80094
27,80094
9,80124
11,80124
2,80124
1,80126
6,80126
7,80126
2,80126
26,80139
10,80139
18,80139
15,80139
24,80139
5,80139
30,80139
27,80139
22,80162
15,80162
10,80162
29,80162
2,80162
14,80166
30,80166
25,80166
22,80166
16,80166
7,80166
24,80166
21,80166
26,80219
3,80219
16,80219
13,80219
4,80219
5,80219
10,80219
14,80219
30,80241
24,80241
12,80241
14,80241
29,80241
21,80241
1,80363
17,80363
8,80363
11,80363
2,80363
3,80363
30,80454
15,80454
27,80454
14,80454
1,80463
7,80463
20,80463
18,80463
7,80478
21,80478
8,80478
18,80478
5,80478
13,80478
12,80478
16,80489
5,80489
24,80489
22,80489
26,80549
8,80549
24,80549
20,80549
19,80549
1,80551
3,80551
30,80551
18,80551
26,80551
24,80551
5,80553
2,80553
30,80553
16,80572
22,80572
29,80572
26,80572
1,80584
5,80584
30,80584
16,80584
28,80584
21,80584
28,80586
21,80586
30,80586
22,80586
11,80586
6,80590
22,80590
19,80590
13,80590
1,80590
7,80615
15,80615
13,80615
4,80615
27,80615
21,80615
6,80615
14,80615
29,80693
1,80693
17,80693
4,80693
19,80693
8,80693
11,80693
1,80727
8,80727
26,80727
3,80727
28,80727
29,80727
7,80727
7,80748
18,80748
20,80748
23,80748
23,80831
29,80831
30,80831
8,80831
16,80831
8,80834
30,80834
28,80834
5,80834
12,80834
1,80839
24,80839
20,80839
28,80839
17,80846
24,80846
12,80846
22,80846
1,80846
26,80846
5,80846
29,80858
6,80858
21,80858
14,80860
26,80860
1,80860
18,80860
12,80860
30,80860
19,80862
11,80862
2,80862
22,80862
21,80862
30,80862
27,80862
11,80864
3,80864
10,80864
26,80864
13,80880
2,80880
20,80880
25,80880
29,80880
8,80880
21,80906
18,80906
3,80906
10,80917
4,80917
5,80917
27,80917
14,80969
21,80969
6,80969
5,80969
29,80969
26,80969
30,80969
23,81018
1,81018
2,81018
7,81018
11,81018
15,81018
13,81018
1,81087
21,81087
12,81087
10,81132
14,81132
21,81132
26,81132
4,81132
25,81132
1,81132
5,81156
21,81156
8,81156
18,81156
10,81156
28,81158
26,81158
14,81158
10,81158
16,81191
10,81191
9,81191
1,81191
12,81191
28,81191
23,81229
27,81229
11,81229
12,81229
13,81257
18,81257
4,81257
30,81257
29,81257
22,81257
2,81257
1,81383
28,81383
21,81383
13,81383
8,81383
22,81417
11,81417
28,81417
8,81417
10,81417
12,81417
1,81456
8,81456
26,81456
20,81456
3,81512
1,81512
30,81512
7,81512
19,81512
18,81512
23,81512
27,81520
9,81520
1,81520
3,81520
6,81520
30,81520
8,81520
28,81520
1,81535
8,81535
13,81535
30,81537
12,81537
18,81537
25,81562
12,81562
21,81562
8,81562
20,81562
28,81564
30,81564
15,81564
1,81591
7,81591
13,81591
23,81681
6,81681
7,81681
6,81782
21,81782
9,81782
3,81782
10,81782
21,81784
1,81784
14,81784
5,81786
26,81786
1,81786
22,81786
28,81786
6,81788
13,81788
27,81788
28,81788
12,81788
14,81788
10,81788
29,81788
12,81791
4,81791
2,81791
23,81791
30,81819
27,81819
15,81819
8,81819
4,81819
11,81819
20,81819
25,81819
6,81831
16,81831
2,81831
11,81831
17,81831
24,81831
23,81831
26,81831
1,81834
14,81834
25,81834
16,81834
8,81834
9,81834
21,81834
1,81845
11,81845
27,81845
12,81845
4,81845
10,81847
17,81847
20,81847
12,81847
26,81847
15,81847
14,81910
22,81910
5,81910
16,81910
25,81910
1,81932
29,81932
20,81932
13,81932
22,81932
8,81932
25,81932
23,81949
21,81949
2,81949
16,81949
11,81949
7,81949
19,81949
18,82041
19,82041
3,82041
23,82041
28,82041
30,82053
29,82053
3,82053
25,82053
24,82053
21,82053
14,82088
24,82088
16,82088
21,82088
19,82088
2,82088
26,82088
20,82088
19,82093
1,82093
2,82093
21,82093
1,82095
24,82095
15,82095
14,82095
1,82152
3,82152
27,82152
12,82152
19,82152
7,82167
14,82167
18,82167
9,82167
20,82169
10,82169
2,82169
12,82169
23,82169
22,82202
6,82202
11,82202
28,82202
5,82202
29,82202
16,82202
15,82202
1,82242
10,82242
20,82242
30,82242
9,82242
3,82242
16,82242
22,82366
4,82366
14,82366
13,82378
5,82378
17,82378
8,82378
29,82378
9,82378
22,82378
7,82378
20,82459
24,82459
26,82459
19,82461
17,82461
7,82461
1,82499
6,82499
27,82499
23,82499
5,82499
11,82527
20,82527
19,82527
14,82527
1,82534
24,82534
10,82534
8,82534
2,82534
5,82534
4,82641
2,82641
11,82641
28,82641
3,82667
23,82667
13,82667
20,82667
1,82684
13,82684
11,82684
6,82684
25,82684
17,82684
21,82744
7,82744
13,82744
8,82744
24,82744
15,82744
10,82744
2,82765
4,82765
10,82765
16,82765
23,82765
7,82765
1,82767
7,82767
5,82767
10,82767
28,82767
9,82767
2,82767
8,82848
11,82848
23,82848
14,82848
25,82848
27,82852
2,82852
16,82852
5,82852
8,82852
19,82854
4,82854
23,82854
8,82854
27,82854
6,82854
3,82854
18,82857
16,82857
3,82857
1,82857
8,82857
8,83086
1,83086
4,83086
2,83086
7,83086
15,83086
19,83086
19,83132
9,83132
22,83132
28,83134
3,83134
4,83134
13,83134
30,83134
25,83177
18,83177
20,83177
4,83270
2,83270
15,83270
29,83270
24,83270
24,83349
12,83349
14,83349
1,83349
29,83349
1,83369
29,83369
21,83369
20,83369
26,83374
27,83374
28,83374
7,83374
24,83374
17,83480
27,83480
13,83480
28,83480
11,83480
16,83480
13,83601
5,83601
17,83601
6,83601
23,83601
11,83601
21,83601
27,83601
9,83613
30,83613
8,83613
21,83613
16,83613
3,83613
15,83613
1,83613
14,83796
25,83796
3,83796
8,83796
1,83796
16,83796
17,83796
15,83803
18,83803
20,83803
16,83803
9,83803
7,83803
5,83803
6,83803
27,83827
26,83827
12,83827
23,83827
23,83910
26,83910
2,83910
19,83910
15,83910
10,83969
25,83969
1,83969
24,83969
27,83976
8,83976
23,83976
5,83976
3,83976
9,83976
1,84152
25,84152
21,84152
24,84152
17,84152
27,84156
9,84156
2,84156
21,84156
20,84156
8,84156
12,84156
8,84187
4,84187
26,84187
28,84187
30,84187
14,84187
5,84187
10,84187
1,84189
22,84189
24,84189
27,84189
29,84240
23,84240
8,84240
2,84240
12,84246
11,84246
28,84246
7,84246
19,84246
25,84246
27,84246
12,84273
3,84273
23,84273
25,84273
13,84273
11,84374
26,84374
21,84374
18,84374
14,84374
14,84392
15,84392
13,84392
16,84392
1,84414
10,84414
15,84414
26,84512
19,84512
13,84512
10,84512
16,84512
27,84512
18,84512
6,84512
30,84523
19,84523
4,84523
27,84553
29,84553
3,84553
15,84553
8,84553
12,84553
12,84601
8,84601
4,84601
9,84601
2,84601
16,84601
4,84615
15,84615
7,84615
23,84615
6,84615
24,84637
13,84637
25,84637
5,84637
12,84696
25,84696
29,84696
6,84696
17,84696
1,84696
6,84716
4,84716
21,84716
1,84716
17,84716
4,84772
3,84772
29,84772
24,84799
27,84799
26,84799
18,84799
15,84799
10,84799
11,84799
8,84844
9,84844
22,84844
13,84844
29,84844
17,84844
3,84847
14,84847
10,84847
5,84847
17,84847
6,84847
1,84942
21,84942
25,84942
8,84942
2,84942
20,84942
25,84944
18,84944
27,84944
11,84944
10,84944
8,84944
21,84944
3,84944
20,84950
28,84950
6,84950
5,84950
7,84950
25,84950
19,84950
23,84950
26,84952
23,84952
21,84952
15,84952
27,84952
22,84952
8,84952
3,84952
7,84954
14,84954
15,84954
2,84954
21,84954
20,85020
4,85020
28,85020
3,85020
13,85020
30,85022
18,85022
27,85022
20,85022
22,85022
27,85025
28,85025
2,85025
8,85025
3,85025
13,85025
16,85025
14,85025
1,85056
26,85056
30,85056
4,85131
22,85131
21,85131
28,85131
30,85131
2,85179
15,85179
4,85179
9,85179
1,85179
11,85213
29,85213
3,85213
21,85213
7,85259
18,85259
3,85259
23,85259
12,85259
29,85259
1,85261
30,85261
27,85261
18,85261
3,85261
25,85295
15,85295
12,85295
23,85295
18,85295
17,85295
29,85295
6,85316
8,85316
14,85316
9,85316
12,85316
18,85316
19,85316
1,85334
4,85334
5,85334
2,85334
24,85334
28,85334
1,85342
10,85342
27,85342
6,85342
3,85342
26,85342
28,85342
15,85342
29,85354
10,85354
16,85354
14,85354
1,85354
20,85354
17,85354
11,85354
29,85367
4,85367
28,85367
22,85367
27,85367
14,85367
21,85367
30,85367
15,85394
25,85394
26,85394
27,85397
12,85397
17,85397
28,85397
5,85397
11,85399
26,85399
10,85399
1,85401
23,85401
29,85401
3,85412
24,85412
16,85412
27,85412
14,85412
17,85412
13,85412
19,85414
6,85414
26,85414
10,85414
28,85438
18,85438
22,85438
29,85438
1,85510
27,85510
8,85510
18,85510
12,85510
20,85510
11,85510
27,85565
7,85565
19,85565
13,85565
16,85565
20,85736
10,85736
16,85736
24,85736
4,85774
24,85774
18,85774
13,85774
5,85780
25,85780
8,85780
21,85780
19,85780
17,85788
11,85788
24,85788
2,85788
30,85788
19,85788
7,85788
28,85788
20,85796
17,85796
27,85796
22,85796
2,85796
28,85796
15,85796
1,85881
27,85881
20,85881
19,85881
13,85881
22,85881
23,85881
3,85881
12,85885
24,85885
28,85885
26,86000
20,86000
21,86000
1,86000
22,86000
6,86014
27,86014
12,86014
22,86014
10,86014
9,86014
17,86014
5,86014
25,86028
5,86028
13,86028
6,86028
29,86059
18,86059
26,86059
7,86059
16,86066
8,86066
15,86066
3,86066
19,86068
1,86068
4,86068
7,86068
21,86068
10,86068
30,86068
27,86068
14,86142
22,86142
18,86142
17,86142
24,86142
8,86142
11,86142
24,86190
26,86190
29,86190
18,86190
17,86237
24,86237
27,86237
29,86237
7,86237
28,86237
22,86237
18,86237
23,86279
16,86279
14,86279
15,86279
2,86279
11,86279
22,86286
27,86286
25,86286
8,86286
26,86286
18,86286
29,86286
29,86290
5,86290
17,86290
22,86290
23,86293
2,86293
7,86293
2,86295
28,86295
6,86295
11,86295
29,86295
13,86295
21,86295
7,86298
16,86298
29,86298
11,86298
6,86320
15,86320
7,86320
27,86320
4,86320
10,86320
20,86332
28,86332
4,86332
8,86332
14,86332
18,86345
4,86345
9,86345
7,86345
8,86345
19,86345
7,86347
30,86347
10,86347
19,86347
29,86355
15,86355
4,86355
4,86377
23,86377
30,86377
15,86377
10,86377
2,86377
22,86377
5,86377
28,86487
22,86487
21,86487
23,86504
10,86504
5,86504
17,86548
13,86548
10,86548
15,86548
29,86548
5,86548
9,86593
6,86593
15,86593
8,86593
19,86628
10,86628
4,86628
5,86628
11,86628
16,86628
17,86628
1,86644
26,86644
18,86644
25,86644
20,86644
16,86644
21,86644
27,86644
12,86668
26,86668
11,86668
29,86668
16,86668
10,86668
1,86668
1,86721
23,86721
25,86721
17,86721
1,86781
13,86781
20,86781
25,86781
23,86815
25,86815
6,86815
24,86815
24,86817
11,86817
17,86817
15,86817
2,86817
26,86817
22,86817
21,86833
26,86833
24,86833
2,86833
7,86833
20,86833
27,86835
21,86835
7,86835
2,86864
30,86864
16,86864
15,86880
7,86880
13,86880
6,86880
21,86880
1,86882
19,86882
4,86882
16,86882
22,86882
30,86882
8,86892
9,86892
22,86892
11,86892
24,86892
10,86898
20,86898
12,86898
3,86898
8,86911
21,86911
24,86911
12,86911
19,86922
26,86922
2,86922
8,86922
22,86922
12,86922
27,86960
24,86960
29,86960
17,86960
16,86960
4,86960
30,87028
3,87028
24,87028
13,87028
15,87028
26,87028
23,87028
6,87028
22,87192
25,87192
3,87192
7,87192
10,87192
1,87194
29,87194
23,87194
14,87194
6,87194
20,87194
13,87194
16,87197
17,87197
26,87197
20,87222
15,87222
14,87222
16,87222
27,87222
30,87222
17,87222
2,87232
22,87232
19,87232
26,87232
9,87234
12,87234
14,87234
27,87234
23,87287
2,87287
14,87287
15,87287
4,87287
17,87287
19,87298
22,87298
28,87298
20,87298
9,87304
4,87304
22,87304
26,87304
21,87304
28,87306
15,87306
25,87306
2,87306
13,87306
7,87306
1,87413
26,87413
5,87413
23,87413
18,87413
11,87413
6,87413
29,87430
14,87430
27,87430
15,87444
28,87444
7,87444
12,87483
9,87483
30,87483
4,87483
14,87483
23,87483
28,87483
7,87483
22,87485
6,87485
26,87485
29,87485
16,87485
1,87520
6,87520
16,87520
12,87522
9,87522
29,87522
20,87522
2,87522
9,87529
3,87529
4,87529
15,87529
13,87660
14,87660
10,87660
27,87660
1,87785
5,87785
13,87785
19,87785
11,87785
22,87785
28,87785
30,87785
1,87834
14,87834
20,87834
16,87834
22,87867
4,87867
19,87867
13,87867
25,87869
18,87869
5,87869
21,87869
6,87876
4,87876
14,87876
27,87876
16,87876
8,87876
1,87876
30,87960
21,87960
14,87960
20,87960
16,87960
21,88069
18,88069
3,88069
13,88069
19,88094
1,88094
23,88094
24,88094
5,88094
6,88094
10,88094
7,88094
24,88108
20,88108
30,88108
26,88108
13,88108
16,88108
25,88125
12,88125
18,88125
8,88125
10,88125
1,88125
19,88125
7,88125
1,88129
11,88129
3,88129
4,88129
16,88140
25,88140
19,88140
5,88163
29,88163
1,88163
30,88163
14,88163
14,88179
13,88179
29,88179
12,88179
23,88179
21,88179
20,88179
16,88179
12,88235
7,88235
23,88235
13,88267
14,88267
30,88267
28,88267
18,88267
16,88272
29,88272
26,88272
28,88272
14,88272
17,88272
15,88272
18,88272
5,88327
6,88327
10,88327
14,88327
7,88327
12,88327
19,88327
24,88345
27,88345
26,88345
30,88345
13,88345
20,88345
22,88345
29,88356
8,88356
10,88356
18,88356
24,88356
21,88405
29,88405
14,88405
20,88405
9,88405
11,88405
13,88448
26,88448
24,88448
6,88448
5,88515
9,88515
6,88515
4,88515
14,88515
22,88515
3,88593
2,88593
28,88593
16,88593
25,88672
6,88672
2,88672
22,88672
9,88697
28,88697
18,88697
13,88697
14,88697
7,88697
1,88697
19,88699
12,88699
11,88699
27,88699
8,88699
4,88744
1,88744
25,88744
19,88744
23,88744
28,88746
14,88746
21,88746
8,88746
19,88746
1,88746
3,88746
13,88746
8,88785
24,88785
30,88785
20,88785
25,88785
2,88785
20,88810
14,88810
19,88810
23,88810
2,88810
6,88810
3,88810
8,88812
26,88812
15,88812
1,88812
28,88812
3,88812
2,88812
30,88911
13,88911
12,88911
18,88911
27,88911
24,88911
20,88911
22,88932
25,88932
28,88932
10,88932
21,88932
9,88932
4,88954
15,88954
21,88954
6,88954
12,88954
2,88954
24,88954
23,88954
14,89028
18,89028
25,89028
24,89028
13,89028
29,89028
10,89028
30,89028
9,89030
23,89030
7,89030
20,89030
2,89030
23,89039
1,89039
7,89039
21,89039
9,89039
12,89039
26,89039
6,89039
1,89047
3,89047
26,89047
17,89072
22,89072
20,89072
1,89085
29,89085
25,89085
10,89085
12,89085
3,89085
4,89087
30,89087
23,89087
19,89087
8,89087
24,89087
12,89087
28,89087
2,89090
15,89090
8,89090
29,89090
10,89090
26,89090
19,89090
27,89090
6,89118
18,89118
3,89118
5,89118
15,89118
11,89118
13,89118
12,89190
14,89190
18,89190
2,89190
25,89190
21,89190
28,89208
26,89208
9,89208
9,89281
15,89281
17,89281
3,89281
30,89281
7,89281
12,89281
7,89305
19,89305
3,89305
18,89305
12,89343
7,89343
1,89343
26,89343
23,89386
10,89386
24,89386
20,89386
12,89386
27,89386
20,89388
23,89388
3,89388
6,89388
13,89388
5,89388
28,89388
20,89427
7,89427
8,89427
10,89470
17,89470
18,89470
3,89492
25,89492
22,89492
30,89492
12,89492
17,89492
27,89492
11,89492
1,89580
22,89580
5,89580
9,89580
25,89580
15,89580
10,89580
27,89582
8,89582
2,89582
14,89586
12,89586
17,89586
5,89586
23,89586
30,89586
11,89678
27,89678
13,89678
1,89745
8,89745
18,89745
4,89745
21,89745
24,89745
7,89745
25,89753
22,89753
23,89753
7,89753
1,89753
11,89753
29,89753
17,89753
11,89759
5,89759
16,89759
21,89759
7,89759
10,89759
26,89759
1,89761
22,89761
18,89761
14,89761
20,89761
2,89761
23,89774
4,89774
26,89774
20,89774
11,89774
19,89774
16,89774
24,89774
22,89804
11,89804
14,89804
13,89804
26,89804
19,89804
17,89804
4,89804
1,89837
30,89837
19,89837
11,89837
17,89837
8,89837
1,89840
30,89840
25,89840
23,89840
2,89840
21,89840
17,89840
10,89840
6,89862
17,89862
1,89862
11,89864
19,89864
8,89864
21,89864
22,89864
2,89864
26,89864
1,89898
30,89898
20,89898
15,89904
27,89904
2,89904
3,89904
6,89904
17,89939
4,89939
24,89939
5,89939
25,89939
21,89939
14,89939
20,89939
6,89945
25,89945
9,89945
16,89945
21,89945
22,89945
30,89945
1,89945
3,90057
17,90057
24,90057
26,90057
28,90057
6,90057
10,90057
9,90057
20,90243
30,90243
22,90243
14,90243
11,90243
13,90243
8,90243
28,90245
19,90245
10,90245
22,90245
15,90245
21,90249
2,90249
11,90249
16,90249
7,90249
29,90249
29,90343
30,90343
6,90343
15,90343
24,90343
7,90345
11,90345
26,90345
4,90345
22,90345
10,90345
18,90345
15,90353
29,90353
6,90353
12,90353
14,90353
1,90357
2,90357
25,90357
30,90357
17,90357
29,90374
13,90374
8,90374
16,90374
9,90374
9,90376
27,90376
15,90376
23,90376
1,90376
29,90376
26,90376
22,90376
1,90384
7,90384
13,90384
21,90384
15,90384
17,90384
10,90384
14,90403
15,90403
10,90403
1,90403
18,90403
16,90403
1,90405
29,90405
5,90405
30,90405
6,90405
30,90428
19,90428
1,90428
23,90428
27,90428
29,90428
4,90430
21,90430
12,90430
25,90430
1,90430
23,90430
10,90439
19,90439
22,90439
26,90439
25,90439
9,90439
9,90469
28,90469
21,90469
20,90469
8,90469
5,90469
15,90469
24,90469
25,90471
30,90471
2,90471
29,90471
18,90471
19,90471
9,90471
25,90522
9,90522
13,90522
1,90522
28,90522
4,90524
17,90524
20,90524
25,90524
30,90524
15,90524
16,90524
28,90524
26,90528
6,90528
2,90528
9,90528
7,90528
3,90528
22,90528
10,90528
22,90531
12,90531
19,90531
10,90576
30,90576
4,90576
6,90576
24,90576
22,90576
15,90576
9,90576
5,90600
13,90600
14,90600
22,90600
19,90603
29,90603
8,90603
5,90603
28,90603
22,90603
13,90603
27,90630
1,90630
14,90630
28,90647
1,90647
15,90647
23,90647
20,90647
9,90647
12,90647
25,90647
1,90717
9,90717
29,90717
27,90717
13,90717
16,90717
14,90717
3,90717
13,90719
2,90719
20,90719
10,90719
18,90719
16,90719
17,90719
22,90719
1,90738
20,90738
21,90738
5,90738
9,90746
20,90746
19,90746
13,90746
19,90769
30,90769
13,90769
18,90769
28,90769
4,90769
30,90809
25,90809
6,90809
3,90809
4,90809
9,90809
10,90809
26,90863
21,90863
14,90863
24,90863
4,90863
16,90863
8,90866
13,90866
24,90866
17,90866
16,90866
18,90866
1,90888
15,90888
27,90888
20,90888
18,90888
19,90888
6,90888
3,90888
1,90890
14,90890
20,90890
16,90890
11,90890
16,90943
13,90943
28,90943
20,90943
6,90943
27,90943
19,90943
8,90943
6,90945
20,90945
13,90945
14,91077
15,91077
2,91077
17,91079
23,91079
21,91079
20,91079
18,91079
15,91079
4,91094
15,91094
28,91094
27,91094
10,91094
13,91094
19,91104
15,91104
20,91104
16,91104
11,91104
25,91104
14,91104
14,91126
13,91126
2,91126
16,91126
1,91126
30,91126
1,91128
23,91128
6,91128
15,91233
25,91233
20,91233
6,91233
1,91261
24,91261
6,91261
25,91261
20,91261
8,91261
21,91261
10,91261
20,91266
16,91266
24,91266
14,91266
11,91266
15,91266
17,91266
25,91273
29,91273
6,91273
28,91273
22,91273
30,91273
4,91323
6,91323
10,91323
28,91325
10,91325
11,91325
18,91325
6,91325
27,91325
3,91337
1,91337
29,91337
5,91337
25,91337
30,91353
5,91353
26,91353
27,91353
21,91353
9,91353
20,91355
12,91355
9,91355
17,91355
8,91355
15,91386
3,91386
30,91386
21,91386
2,91386
23,91386
12,91386
19,91386
12,91414
30,91414
3,91414
7,91414
2,91414
17,91470
22,91470
14,91470
1,91470
12,91470
6,91470
1,91483
14,91483
2,91483
20,91483
29,91483
27,91485
20,91485
30,91485
5,91488
16,91488
11,91488
29,91488
22,91488
17,91488
30,91500
4,91500
24,91500
16,91500
17,91500
7,91500
6,91500
28,91500
8,91529
21,91529
3,91529
2,91535
9,91535
10,91535
13,91535
29,91542
14,91542
22,91542
26,91542
17,91542
2,91542
8,91542
28,91542
1,91571
24,91571
10,91571
9,91571
26,91571
28,91571
14,91571
15,91571
1,91622
11,91622
19,91622
25,91622
23,91622
21,91628
4,91628
6,91628
28,91628
15,91628
30,91628
17,91628
10,91628
12,91630
2,91630
7,91630
19,91630
11,91653
7,91653
8,91653
9,91653
29,91653
17,91653
18,91653
23,91653
22,91658
29,91658
13,91658
18,91660
1,91660
12,91660
8,91660
4,91666
18,91666
14,91666
6,91666
27,91666
21,91671
14,91671
7,91671
12,91671
25,91671
30,91671
9,91671
11,91671
16,91688
22,91688
3,91688
2,91688
8,91688
15,91688
24,91688
14,91688
28,91690
1,91690
21,91690
7,91690
3,91690
15,91690
12,91690
25,91784
11,91784
7,91784
24,91784
9,91784
16,91784
7,91842
6,91842
25,91842
1,91842
28,91860
21,91860
8,91860
23,91860
24,91860
16,91860
1,91869
14,91869
30,91869
30,91873
25,91873
7,91873
4,91873
17,91873
20,91890
2,91890
9,91890
24,91890
18,91890
16,91890
6,91890
5,91935
22,91935
25,91935
21,91947
17,91947
26,91947
12,91947
23,91947
20,91947
1,91974
30,91974
4,91974
18,91974
2,91974
28,91974
24,91974
10,91976
8,91976
1,91976
5,91976
19,91978
25,91978
12,91978
28,91978
18,91978
14,91978
1,91981
23,91981
27,91981
6,91981
28,91981
7,91981
28,92008
16,92008
3,92008
6,92008
22,92046
16,92046
13,92046
14,92046
23,92046
20,92046
18,92046
28,92046
11,92048
1,92048
27,92048
7,92048
24,92094
11,92094
13,92094
5,92094
28,92094
12,92094
22,92094
15,92192
10,92192
3,92192
4,92198
17,92198
30,92198
15,92234
26,92234
10,92234
25,92243
14,92243
22,92243
7,92243
16,92243
1,92259
28,92259
21,92259
3,92264
25,92264
9,92264
21,92264
28,92264
12,92264
19,92309
18,92309
12,92309
28,92309
16,92348
22,92348
14,92348
26,92391
12,92391
8,92391
11,92391
25,92391
15,92391
5,92391
8,92420
26,92420
12,92420
23,92420
4,92420
16,92420
29,92420
16,92422
12,92422
25,92422
13,92422
20,92422
18,92422
9,92422
5,92422
15,92427
1,92427
25,92427
5,92427
27,92427
3,92427
30,92439
24,92439
29,92439
13,92439
7,92439
10,92475
5,92475
18,92475
12,92475
3,92475
21,92475
9,92475
24,92475
27,92494
13,92494
12,92494
21,92494
20,92494
7,92494
28,92494
1,92494
1,92507
13,92507
4,92507
26,92507
18,92507
10,92507
15,92507
3,92507
13,92509
18,92509
11,92509
14,92509
10,92509
20,92535
11,92535
10,92535
28,92535
3,92535
18,92535
25,92535
6,92535
18,92637
13,92637
27,92637
25,92637
22,92637
1,92643
27,92643
4,92643
2,92643
28,92643
1,92665
24,92665
23,92665
7,92674
16,92674
14,92674
8,92674
23,92674
1,92674
17,92674
15,92674
5,92681
30,92681
17,92681
3,92681
15,92681
26,92681
4,92681
22,92681
1,92694
27,92694
6,92694
22,92694
25,92694
24,92694
23,92694
18,92694
13,92730
1,92730
21,92730
29,92730
8,92730
3,92730
28,92730
2,92730
9,92760
13,92760
18,92760
8,92760
30,92760
10,92938
30,92938
18,92938
23,92938
3,92938
17,92938
14,92938
1,92954
9,92954
29,92954
27,92954
18,92954
4,92954
16,92954
25,92954
13,93006
18,93006
4,93006
3,93006
29,93006
10,93006
1,93008
3,93008
25,93008
10,93008
29,93008
15,93008
6,93022
29,93022
24,93022
2,93022
28,93022
13,93022
18,93040
20,93040
24,93040
19,93040
22,93040
9,93040
21,93114
20,93114
8,93114
10,93114
14,93114
9,93114
22,93114
23,93134
24,93134
19,93134
1,93134
8,93134
22,93134
21,93134
2,93139
24,93139
28,93139
1,93193
15,93193
28,93193
5,93193
10,93193
5,93208
30,93208
3,93208
13,93208
10,93208
25,93208
26,93208
14,93208
6,93242
7,93242
28,93242
11,93242
4,93270
2,93270
27,93270
20,93270
3,93270
9,93270
20,93272
7,93272
11,93272
12,93272
10,93272
21,93287
8,93287
13,93287
26,93287
27,93287
17,93297
27,93297
10,93297
21,93297
30,93297
25,93320
23,93320
19,93320
2,93320
13,93320
10,93320
11,93320
1,93326
8,93326
29,93326
11,93326
24,93326
23,93326
28,93326
30,93326
1,93363
27,93363
20,93363
14,93363
1,93443
30,93443
18,93443
6,93443
23,93443
19,93443
13,93443
1,93502
26,93502
25,93502
20,93510
14,93510
7,93510
3,93510
16,93510
21,93510
10,93510
29,93510
7,93512
13,93512
17,93512
16,93512
1,93512
15,93512
17,93563
9,93563
15,93563
2,93563
7,93563
13,93563
16,93563
10,93563
1,93598
25,93598
20,93598
19,93598
13,93598
23,93598
12,93598
28,93598
9,93610
12,93610
30,93610
19,93610
13,93610
26,93610
23,93610
15,93721
19,93721
5,93721
10,93723
16,93723
7,93723
26,93723
25,93723
21,93723
5,93723
1,93740
15,93740
24,93740
27,93740
6,93740
20,93740
23,93740
13,93740
1,93766
27,93766
21,93766
1,93790
17,93790
11,93790
1,93805
29,93805
14,93805
7,93805
21,93805
22,93805
14,93819
29,93819
25,93819
24,93819
17,93831
27,93831
23,93831
20,93831
1,93838
7,93838
13,93838
21,93838
26,93838
27,93840
1,93840
30,93840
19,93840
1,93855
19,93855
7,93855
12,93855
22,93855
13,93855
15,93855
11,93980
13,93980
25,93980
17,93982
28,93982
12,93982
3,93982
18,93982
1,93988
29,93988
27,93988
30,93988
15,93988
14,93988
10,93988
22,93988
7,94011
2,94011
14,94011
26,94011
16,94015
3,94015
26,94015
22,94015
24,94015
1,94015
1,94018
2,94018
9,94018
8,94018
15,94018
16,94018
1,94070
9,94070
21,94070
10,94070
19,94122
25,94122
6,94122
7,94122
7,94130
21,94130
9,94130
8,94130
2,94130
6,94130
25,94130
14,94150
25,94150
30,94150
12,94150
27,94150
26,94150
5,94150
21,94160
26,94160
2,94160
3,94160
12,94160
8,94160
28,94160
20,94262
17,94262
2,94262
13,94262
27,94262
11,94262
1,94266
26,94266
14,94266
29,94323
1,94323
25,94323
3,94323
28,94323
13,94323
24,94323
16,94323
1,94325
14,94325
13,94325
26,94325
17,94325
30,94325
29,94405
16,94405
24,94405
22,94405
19,94405
4,94405
7,94405
1,94478
23,94478
27,94478
17,94478
14,94494
2,94494
20,94494
1,94494
3,94494
23,94494
17,94503
2,94503
13,94503
27,94503
3,94503
29,94661
23,94661
18,94661
27,94661
4,94661
30,94661
5,94677
21,94677
1,94677
30,94677
3,94677
6,94677
5,94735
24,94735
28,94735
10,94735
21,94735
6,94735
23,94735
6,94777
8,94777
30,94777
19,94777
24,94777
6,94780
15,94780
18,94780
28,94780
23,94780
14,94780
9,94780
1,94799
15,94799
25,94799
8,94799
6,94799
16,94799
13,94810
25,94810
9,94810
12,94810
2,94810
24,94810
24,94833
30,94833
5,94833
29,94833
21,94833
12,94833
1,94864
13,94864
12,94864
19,94864
1,94867
4,94867
8,94867
5,94867
12,94867
21,94867
1,94896
10,94896
5,94896
5,94919
25,94919
3,94919
27,94919
20,94931
18,94931
19,94931
1,94931
29,94931
28,94931
3,94931
13,94931
18,94953
20,94953
1,94953
5,94953
3,94953
9,94953
13,94959
5,94959
19,94959
12,94959
9,94959
17,94959
9,94985
14,94985
1,94985
20,94985
18,95004
16,95004
12,95004
25,95004
11,95004
8,95067
22,95067
29,95067
11,95067
28,95067
2,95067
17,95088
7,95088
4,95088
26,95088
13,95088
4,95105
11,95105
14,95105
25,95105
30,95105
5,95105
2,95135
7,95135
20,95135
30,95135
24,95135
27,95135
12,95135
30,95145
21,95145
18,95145
2,95145
17,95147
6,95147
19,95147
8,95147
27,95147
12,95147
21,95147
28,95147
20,95149
18,95149
30,95149
1,95149
27,95149
10,95149
23,95149
17,95149
27,95163
26,95163
4,95163
25,95165
16,95165
22,95165
17,95165
28,95165
11,95165
8,95165
29,95165
1,95167
7,95167
2,95167
4,95170
26,95170
22,95170
1,95170
21,95170
24,95170
1,95175
16,95175
7,95175
13,95175
28,95175
29,95175
6,95175
14,95182
25,95182
2,95182
8,95182
9,95182
13,95193
28,95193
19,95193
27,95193
8,95199
14,95199
9,95199
11,95199
10,95199
24,95199
1,95199
12,95199
12,95201
28,95201
17,95201
7,95201
11,95201
3,95201
5,95201
6,95207
7,95207
25,95207
29,95207
11,95207
16,95218
26,95218
29,95218
9,95218
7,95218
20,95218
6,95218
30,95307
24,95307
18,95307
10,95307
27,95307
19,95309
13,95309
12,95309
16,95309
14,95309
2,95309
23,95309
7,95311
2,95311
9,95311
22,95311
3,95311
30,95311
21,95311
25,95311
6,95313
29,95313
9,95313
16,95313
12,95313
25,95313
21,95313
7,95377
12,95377
14,95377
20,95377
22,95441
29,95441
26,95441
23,95441
7,95449
20,95449
18,95449
30,95449
19,95449
1,95473
30,95473
12,95473
21,95473
15,95473
24,95473
29,95473
30,95475
20,95475
7,95475
7,95497
19,95497
2,95497
27,95497
26,95497
13,95497
14,95497
24,95499
29,95499
10,95499
21,95499
1,95499
1,95508
30,95508
15,95508
7,95508
28,95510
10,95510
24,95510
26,95510
2,95510
27,95510
5,95510
15,95519
21,95519
26,95519
19,95519
7,95519
25,95519
20,95519
17,95519
19,95543
14,95543
27,95543
28,95543
17,95543
2,95543
11,95558
27,95558
15,95558
12,95558
1,95558
8,95558
6,95558
19,95583
22,95583
24,95583
4,95583
16,95624
2,95624
3,95624
14,95624
8,95624
25,95633
22,95633
12,95633
26,95633
18,95633
10,95654
12,95654
9,95654
6,95654
16,95654
18,95654
8,95690
1,95690
21,95690
9,95690
5,95690
20,95690
11,95690
28,95690
25,95717
14,95717
30,95717
26,95717
17,95717
1,95717
2,95717
12,95720
13,95720
11,95720
3,95720
18,95738
20,95738
29,95738
11,95744
4,95744
7,95744
15,95761
27,95761
21,95761
13,95771
30,95771
9,95771
3,95771
12,95771
1,95771
5,95771
1,95780
28,95780
15,95780
2,95796
8,95796
22,95796
23,95796
14,95796
29,95796
5,95796
26,95796
1,95839
17,95839
16,95839
15,95843
28,95843
23,95843
7,95843
12,95843
16,95843
26,95858
29,95858
22,95858
25,95858
3,95858
18,95858
27,95858
24,95858
17,95873
4,95873
9,95873
16,95873
30,95875
24,95875
22,95875
26,95875
29,95875
6,95875
21,95875
3,95875
18,95939
25,95939
27,95939
11,95939
10,95939
30,95939
28,95939
27,95949
25,95949
23,95949
8,95949
18,95949
7,95949
24,95949
4,95949
12,95965
13,95965
4,95965
28,95965
16,95965
16,96004
27,96004
18,96004
17,96004
15,96004
9,96004
26,96004
15,96007
28,96007
12,96007
4,96007
20,96020
25,96020
22,96020
21,96020
7,96079
15,96079
6,96079
13,96079
11,96079
29,96079
19,96079
28,96084
2,96084
11,96084
20,96110
22,96110
12,96110
26,96110
18,96114
20,96114
23,96114
12,96114
23,96121
10,96121
28,96121
8,96121
25,96121
19,96121
13,96150
9,96150
2,96150
30,96150
18,96281
20,96281
29,96281
16,96281
23,96281
14,96281
25,96281
4,96283
24,96283
25,96283
28,96283
16,96283
29,96283
30,96283
21,96283
8,96373
9,96373
3,96373
1,96411
11,96411
13,96411
2,96411
6,96411
14,96411
19,96411
27,96411
1,96417
8,96417
26,96417
7,96430
22,96430
4,96430
15,96430
19,96430
8,96430
28,96430
25,96432
29,96432
1,96432
18,96432
12,96448
1,96448
29,96448
4,96448
1,96471
2,96471
13,96471
17,96471
15,96471
4,96471
21,96488
15,96488
22,96488
5,96518
25,96518
21,96518
20,96518
10,96518
1,96518
24,96520
28,96520
4,96520
25,96520
2,96520
18,96520
5,96520
17,96530
28,96530
20,96530
9,96530
2,96530
7,96563
12,96563
30,96563
20,96563
14,96563
1,96567
6,96567
28,96567
10,96567
22,96567
19,96567
30,96567
22,96588
5,96588
15,96588
3,96588
23,96606
3,96606
15,96606
30,96606
22,96606
2,96606
12,96606
11,96608
23,96608
30,96608
30,96610
3,96610
24,96610
17,96610
12,96610
19,96610
12,96616
18,96616
20,96616
22,96616
28,96616
1,96655
22,96655
27,96655
29,96691
17,96691
9,96691
19,96691
11,96691
30,96691
14,96691
18,96726
30,96726
29,96726
25,96726
3,96726
6,96726
27,96726
26,96726
3,96728
22,96728
20,96728
11,96728
7,96728
30,96728
23,96728
27,96737
13,96737
16,96737
22,96737
25,96811
11,96811
28,96811
9,96811
4,96811
2,96811
1,96815
12,96815
30,96815
10,96821
28,96821
20,96821
24,96821
19,96821
4,96821
12,96821
27,96821
1,96829
29,96829
7,96829
15,96829
10,96829
22,96829
11,96832
26,96832
22,96832
10,96832
21,96832
18,96861
7,96861
14,96861
12,96917
3,96917
7,96917
15,96917
6,96935
29,96935
14,96935
8,96935
11,96935
5,96935
17,96935
28,96935
1,96945
17,96945
28,96945
27,96945
2,96945
20,96945
7,96945
10,96945
15,96964
17,96964
13,96964
6,96964
16,96975
23,96975
9,96975
29,96975
6,96975
19,97024
18,97024
23,97024
3,97168
18,97168
23,97168
20,97172
1,97172
28,97172
25,97172
19,97172
3,97172
22,97172
23,97172
5,97188
15,97188
1,97188
26,97194
3,97194
15,97194
23,97194
9,97194
19,97194
28,97194
13,97194
18,97225
2,97225
13,97225
2,97230
16,97230
13,97230
26,97230
19,97230
22,97230
14,97230
11,97230
16,97285
24,97285
19,97285
7,97285
22,97285
9,97285
28,97285
18,97285
7,97304
1,97304
22,97304
23,97306
24,97306
20,97306
12,97306
27,97306
1,97328
6,97328
28,97328
16,97328
15,97328
5,97328
9,97328
1,97470
12,97470
13,97470
7,97470
24,97470
3,97470
15,97470
16,97643
18,97643
7,97643
3,97643
26,97643
21,97643
2,97643
24,97665
20,97665
10,97665
30,97665
27,97701
2,97701
5,97701
16,97701
7,97701
28,97701
26,97701
18,97701
1,97742
10,97742
20,97742
18,97742
23,97742
19,97742
29,97742
28,97742
18,97752
10,97752
9,97752
1,97757
10,97757
12,97757
24,97757
27,97785
1,97785
11,97785
29,97785
3,97785
14,97836
5,97836
27,97836
28,97836
24,97858
6,97858
17,97858
2,97860
11,97860
16,97860
18,97860
30,97860
24,97860
29,97860
8,97866
1,97866
3,97866
19,97866
10,97866
20,97866
5,97866
25,97866
14,97870
15,97870
16,97870
11,97870
9,97870
21,97870
20,97870
5,97904
26,97904
30,97904
1,97904
27,97904
17,97904
6,97913
21,97913
18,97913
23,97913
24,97921
3,97921
30,97921
11,97921
16,97921
2,97921
29,97921
8,97923
5,97923
9,97923
28,97923
25,97923
16,97923
14,97923
6,97936
26,97936
16,97936
14,97936
21,97936
22,97936
8,97938
27,97938
4,97938
21,97938
24,97938
27,97950
25,97950
24,97950
26,97950
22,97950
20,97950
16,97950
1,97988
24,97988
13,97988
25,97988
23,97988
1,98061
15,98061
30,98061
12,98061
9,98061
24,98083
4,98083
27,98083
22,98122
6,98122
13,98122
21,98122
2,98122
30,98124
20,98124
4,98124
29,98124
27,98154
1,98154
16,98154
3,98154
20,98160
12,98160
9,98160
19,98160
14,98160
16,98175
15,98175
5,98175
27,98175
10,98175
11,98175
1,98203
21,98203
6,98203
11,98203
26,98203
9,98203
1,98230
15,98230
4,98230
29,98239
4,98239
1,98239
6,98239
23,98239
18,98239
19,98239
13,98243
29,98243
20,98243
12,98243
25,98243
14,98243
7,98243
2,98243
8,98279
16,98279
21,98279
30,98279
24,98279
14,98279
27,98279
3,98296
2,98296
29,98296
9,98296
20,98296
8,98361
23,98361
27,98361
1,98361
19,98361
25,98361
7,98361
25,98491
5,98491
7,98491
20,98499
30,98499
26,98499
7,98499
6,98503
25,98503
4,98503
1,98503
22,98503
17,98503
7,98503
18,98503
11,98585
19,98585
28,98585
5,98604
1,98604
4,98604
8,98604
11,98607
23,98607
18,98607
17,98607
13,98623
14,98623
21,98623
6,98623
23,98623
15,98623
18,98623
19,98633
3,98633
6,98633
21,98633
10,98633
6,98697
5,98697
2,98697
9,98697
2,98799
27,98799
8,98799
4,98809
18,98809
14,98809
27,98809
19,98809
17,98809
17,98836
9,98836
18,98836
25,98836
3,98836
22,98836
30,98836
9,98908
18,98908
11,98908
9,98961
20,98961
17,98961
29,98961
19,98961
21,98961
1,99005
4,99005
22,99005
7,99005
11,99005
15,99005
25,99005
13,99005
23,99007
26,99007
9,99007
15,99007
5,99007
21,99007
23,99030
2,99030
28,99030
20,99030
16,99030
23,99087
11,99087
19,99087
30,99087
3,99087
6,99087
29,99087
1,99106
11,99106
25,99106
2,99106
24,99106
5,99106
30,99112
27,99112
15,99112
14,99112
23,99112
22,99112
7,99112
1,99114
16,99114
4,99114
23,99114
26,99114
14,99114
1,99117
22,99117
25,99117
21,99117
27,99122
7,99122
26,99122
5,99130
12,99130
26,99130
24,99130
8,99130
17,99130
18,99145
28,99145
24,99145
2,99145
1,99149
21,99149
27,99149
18,99149
24,99191
3,99191
21,99191
15,99191
4,99191
22,99415
20,99415
9,99415
27,99415
25,99415
30,99415
22,99437
19,99437
18,99437
2,99437
25,99437
14,99437
12,99437
3,99532
13,99532
16,99532
23,99532
8,99574
18,99574
20,99574
11,99574
22,99574
2,99574
30,99574
1,99636
15,99636
3,99636
17,99636
30,99636
11,99636
6,99636
25,99636
27,99638
28,99638
23,99638
5,99638
14,99638
22,99638
10,99638
1,99638
1,99721
22,99721
28,99721
24,99721
23,99721
20,99728
24,99728
25,99728
8,99728
6,99728
22,99728
1,99750
4,99750
24,99750
17,99750
22,99750
18,99750
16,99750
19,99750
23,99764
29,99764
16,99764
18,99764
30,99764
11,99764
4,99764
11,99813
23,99813
28,99813
30,99813
16,99846
23,99846
6,99846
14,99846
5,99846
21,99846
28,99853
10,99853
15,99853
21,99853
24,99853
27,99853
10,99910
29,99910
19,99910
13,99910
28,99910
7,99910
20,99910
12,99917
7,99917
18,99917
8,99917
16,99917
24,99917
1,99992
9,99992
16,99992
13,99992
25,99992
27,99992
28,99992
20,100044
28,100044
23,100044
2,100044
10,100044
6,100044
11,100044
21,100044
26,100068
7,100068
16,100068
11,100083
24,100083
2,100083
15,100083
26,100083
2,100106
17,100106
4,100106
3,100106
22,100106
16,100106
24,100106
25,100106
10,100159
24,100159
17,100159
4,100159
30,100159
27,100159
12,100159
29,100159
1,100163
19,100163
27,100163
18,100194
5,100194
25,100194
21,100194
28,100194
15,100194
4,100226
16,100226
10,100226
27,100226
14,100277
15,100277
13,100277
29,100277
1,100277
6,100277
5,100277
9,100302
22,100302
4,100302
11,100302
20,100302
14,100302
15,100302
1,100304
26,100304
17,100304
15,100304
18,100306
26,100306
16,100306
19,100306
9,100306
15,100306
23,100306
17,100306
17,100326
19,100326
2,100326
16,100326
1,100383
24,100383
17,100383
15,100383
10,100383
2,100383
5,100383
22,100383
29,100390
11,100390
13,100390
18,100390
1,100390
30,100390
10,100390
21,100390
1,100397
30,100397
19,100397
23,100397
5,100487
28,100487
19,100487
11,100487
9,100487
1,100487
17,100498
22,100498
8,100498
1,100507
24,100507
21,100507
26,100507
8,100507
22,100527
21,100527
2,100527
5,100527
9,100527
14,100527
26,100527
5,100553
28,100553
13,100553
25,100553
17,100553
27,100556
11,100556
12,100556
17,100556
5,100556
1,100579
17,100579
9,100579
7,100579
23,100579
4,100579
24,100579
21,100579
13,100611
26,100611
2,100611
27,100611
14,100611
5,100611
11,100611
23,100714
11,100714
19,100714
30,100714
3,100737
2,100737
1,100737
10,100737
19,100737
14,100737
8,100737
12,100737
15,100810
1,100810
8,100810
12,100810
27,100810
26,100810
16,100810
6,100810
1,100843
12,100843
5,100843
19,100843
23,100843
27,100882
28,100882
8,100882
25,100882
11,100882
9,100882
10,100882
16,100906
14,100906
27,100906
8,100906
17,100906
10,100906
30,100906
5,101025
2,101025
16,101025
7,101025
1,101070
25,101070
14,101070
24,101070
21,101070
16,101072
29,101072
10,101072
27,101072
19,101072
1,101072
7,101072
6,101072
2,101074
22,101074
13,101074
27,101074
28,101074
6,101074
1,101076
2,101076
28,101076
27,101076
1,101088
6,101088
24,101088
23,101088
2,101088
29,101088
10,101088
13,101088
1,101112
9,101112
19,101112
18,101112
10,101112
9,101142
22,101142
11,101142
6,101142
26,101142
23,101142
14,101283
4,101283
26,101283
19,101283
20,101283
9,101283
25,101283
6,101283
23,101360
14,101360
22,101360
3,101360
8,101360
19,101360
12,101360
30,101360
26,101362
20,101362
23,101362
10,101415
17,101415
3,101415
18,101415
15,101415
4,101415
13,101415
27,101423
25,101423
3,101423
30,101423
4,101423
17,101423
21,101423
20,101423
7,101525
28,101525
9,101525
3,101529
11,101529
18,101529
6,101529
30,101529
17,101529
4,101529
17,101531
7,101531
14,101531
12,101531
3,101577
26,101577
24,101577
7,101577
28,101577
16,101577
3,101612
23,101612
5,101612
15,101739
23,101739
28,101739
1,101741
19,101741
3,101741
8,101741
2,101741
12,101741
26,101741
24,101765
11,101765
4,101765
29,101765
28,101765
5,101765
16,101864
3,101864
14,101864
28,101864
11,101864
2,101864
30,101864
13,101884
19,101884
23,101884
11,101884
16,101884
24,101884
5,101884
7,101895
19,101895
27,101895
6,101895
20,101895
2,101895
11,101895
17,101895
12,101962
10,101962
3,101962
4,101962
26,101962
17,101962
27,101962
1,101973
2,101973
20,101973
24,101973
11,101973
19,101973
22,101973
8,101973
7,102007
27,102007
3,102007
25,102007
2,102007
6,102007
11,102007
13,102007
27,102025
4,102025
11,102025
27,102033
15,102033
14,102033
11,102033
24,102033
28,102058
4,102058
23,102058
19,102058
22,102058
1,102058
21,102058
1,102066
23,102066
17,102066
9,102066
5,102066
26,102066
15,102066
8,102066
1,102070
15,102070
20,102070
16,102070
24,102070
1,102084
8,102084
26,102084
16,102088
9,102088
11,102088
23,102088
20,102088
10,102123
26,102123
23,102123
21,102123
13,102123
7,102123
9,102123
1,102125
17,102125
13,102125
12,102125
15,102125
4,102125
24,102125
11,102165
13,102165
6,102165
9,102165
3,102165
20,102165
14,102165
13,102194
22,102194
29,102194
19,102194
9,102194
21,102194
11,102194
30,102194
22,102217
10,102217
26,102217
21,102278
2,102278
17,102278
5,102278
3,102338
18,102338
28,102338
14,102338
22,102338
15,102338
17,102338
1,102338
21,102378
5,102378
27,102378
1,102407
27,102407
3,102407
24,102407
21,102407
14,102407
8,102407
17,102407
2,102445
12,102445
30,102445
13,102445
1,102445
14,102445
4,102445
16,102481
2,102481
21,102481
8,102481
1,102590
13,102590
5,102590
9,102590
12,102602
10,102602
2,102602
4,102602
13,102602
12,102666
6,102666
28,102666
12,102684
19,102684
25,102684
16,102684
28,102684
1,102684
1,102686
9,102686
19,102686
7,102686
29,102686
1,102716
11,102716
23,102716
6,102716
15,102720
21,102720
3,102720
17,102720
22,102720
18,102720
22,102735
21,102735
9,102735
7,102735
8,102735
26,102735
4,102742
8,102742
9,102742
10,102742
26,102742
15,102742
27,102747
20,102747
19,102747
27,102749
8,102749
13,102749
19,102749
9,102749
7,102749
16,102749
25,102760
27,102760
28,102760
17,102760
1,102800
5,102800
17,102800
15,102800
3,102800
26,102802
17,102802
15,102802
7,102802
19,102802
13,102802
1,102819
12,102819
20,102819
19,102823
16,102823
13,102823
6,102823
14,102823
5,102852
22,102852
10,102852
29,102852
3,102852
4,102852
13,102852
6,102880
11,102880
24,102880
27,102903
10,102903
25,102903
1,102903
7,102903
15,102984
1,102984
22,102984
14,102984
7,102984
25,102984
29,102984
9,102993
1,102993
23,102993
19,103027
1,103027
12,103027
21,103027
14,103027
4,103027
5,103042
15,103042
27,103042
6,103042
7,103042
16,103042
8,103048
17,103048
14,103048
30,103048
12,103048
2,103048
28,103075
19,103075
30,103075
5,103075
7,103085
26,103085
28,103085
20,103085
29,103085
13,103085
8,103085
7,103107
15,103107
26,103107
27,103107
5,103137
26,103137
24,103137
27,103137
3,103137
28,103137
9,103137
21,103141
11,103141
29,103141
24,103141
21,103171
14,103171
6,103171
15,103171
13,103171
20,103171
19,103210
1,103210
11,103210
28,103210
1,103219
14,103219
28,103219
7,103219
30,103219
20,103219
17,103219
11,103219
17,103221
6,103221
23,103221
21,103221
10,103228
27,103228
5,103228
1,103233
16,103233
30,103233
21,103233
12,103233
7,103233
23,103233
18,103233
1,103235
18,103235
2,103235
6,103245
3,103245
4,103245
26,103245
16,103245
22,103245
17,103245
30,103245
29,103249
20,103249
4,103249
1,103249
3,103249
2,103249
6,103249
10,103253
12,103253
7,103253
18,103335
29,103335
5,103335
9,103339
5,103339
28,103339
21,103339
26,103339
27,103339
6,103339
24,103339
8,103341
25,103341
27,103341
8,103366
1,103366
7,103366
9,103372
3,103372
20,103372
8,103372
27,103372
24,103372
17,103372
4,103372
24,103384
26,103384
3,103384
5,103449
7,103449
26,103449
14,103449
23,103449
9,103449
29,103449
17,103483
15,103483
6,103483
14,103483
2,103483
24,103483
13,103483
4,103502
21,103502
12,103502
1,103502
26,103502
27,103502
1,103539
9,103539
10,103539
15,103539
27,103539
14,103539
1,103543
4,103543
23,103543
8,103543
14,103543
29,103596
25,103596
2,103596
5,103596
8,103596
5,103602
15,103602
28,103602
7,103602
30,103606
2,103606
18,103606
5,103606
13,103606
4,103609
19,103609
25,103609
6,103609
15,103609
13,103624
19,103624
9,103624
6,103624
22,103624
17,103624
28,103624
1,103655
4,103655
16,103655
6,103655
14,103655
23,103655
26,103655
29,103685
21,103685
15,103685
25,103685
5,103685
30,103685
3,103688
10,103688
22,103688
11,103688
8,103688
26,103688
29,103688
21,103755
26,103755
8,103755
20,103772
8,103772
4,103772
1,103772
17,103772
17,103801
26,103801
13,103801
25,103801
27,103810
21,103810
25,103810
16,103810
5,103810
10,103819
8,103819
4,103819
28,103819
23,103865
24,103865
5,103865
6,103865
11,103865
29,103865
4,103865
14,103865
3,103883
14,103883
21,103883
8,103883
29,103883
3,103980
14,103980
23,103980
6,103980
2,103980
27,103980
9,103984
26,103984
7,103984
22,103984
23,103984
22,104017
29,104017
1,104017
23,104017
7,104017
2,104069
20,104069
26,104069
17,104069
27,104069
14,104069
23,104069
30,104074
13,104074
4,104074
29,104074
26,104074
18,104074
18,104076
3,104076
9,104076
29,104076
13,104076
4,104078
11,104078
13,104078
22,104078
14,104129
24,104129
1,104129
10,104129
10,104141
9,104141
29,104141
16,104211
30,104211
1,104211
3,104211
6,104211
9,104211
15,104211
10,104218
4,104218
20,104218
17,104218
27,104218
2,104218
15,104218
3,104241
18,104241
29,104241
10,104241
1,104243
24,104243
29,104243
11,104243
7,104243
9,104243
17,104243
22,104243
4,104245
28,104245
8,104245
23,104272
28,104272
6,104272
2,104272
2,104283
21,104283
28,104283
26,104303
23,104303
21,104303
27,104303
29,104337
13,104337
18,104337
30,104337
26,104337
22,104337
5,104339
3,104339
6,104339
27,104339
2,104374
25,104374
28,104374
22,104419
18,104419
1,104419
4,104419
1,104457
24,104457
16,104457
28,104457
23,104457
27,104457
10,104457
1,104644
12,104644
30,104644
5,104644
23,104760
21,104760
12,104760
9,104760
22,104760
27,104760
1,104760
15,104780
25,104780
11,104780
8,104837
17,104837
24,104837
2,104837
20,104837
18,104837
21,104837
16,104837
18,104841
28,104841
11,104841
24,104841
5,104841
10,104841
22,104841
1,104863
9,104863
3,104863
8,104863
24,104863
6,104863
22,104863
5,104863
10,104875
4,104875
25,104875
28,104875
1,104879
6,104879
9,104879
26,104879
7,104879
20,104906
13,104906
4,104906
7,104908
2,104908
1,104908
6,104908
24,104908
1,104913
24,104913
23,104913
16,104913
29,104913
21,104913
11,104913
10,104913
16,104925
22,104925
1,104925
4,104925
8,104925
11,104925
25,104944
14,104944
22,104944
3,104944
7,104944
2,105020
24,105020
9,105020
1,105037
28,105037
17,105037
15,105121
7,105121
1,105121
20,105121
17,105121
21,105121
10,105197
11,105197
3,105197
12,105197
3,105211
10,105211
24,105211
17,105211
28,105213
25,105213
17,105213
10,105213
6,105213
7,105213
5,105213
26,105213
17,105246
16,105246
22,105246
2,105246
11,105246
12,105246
5,105246
26,105250
16,105250
21,105250
19,105250
29,105250
10,105254
29,105254
13,105254
19,105254
19,105325
21,105325
6,105325
4,105325
1,105325
7,105325
28,105351
19,105351
26,105351
6,105351
15,105355
8,105355
13,105355
10,105355
7,105468
6,105468
3,105468
25,105468
19,105468
12,105468
27,105468
2,105504
6,105504
20,105504
21,105540
10,105540
28,105540
5,105540
30,105540
25,105540
13,105540
13,105585
29,105585
6,105585
12,105585
21,105585
4,105585
11,105585
8,105585
1,105593
9,105593
15,105593
8,105593
13,105593
28,105593
18,105653
22,105653
10,105653
12,105653
29,105720
24,105720
6,105720
7,105720
30,105720
20,105731
23,105731
9,105731
3,105731
27,105731
2,105731
24,105731
4,105731
11,105746
30,105746
17,105746
10,105746
4,105746
20,105746
1,105755
10,105755
18,105755
12,105755
16,105755
8,105801
23,105801
4,105801
1,105835
2,105835
17,105835
20,105835
3,105835
4,105835
25,105835
24,105844
16,105844
14,105844
12,105844
2,105844
11,105844
21,105954
27,105954
26,105954
10,105954
30,105954
5,105954
2,105954
3,105954
15,106002
13,106002
14,106002
21,106002
27,106002
13,106062
25,106062
23,106062
24,106062
12,106062
29,106062
10,106072
3,106072
4,106072
5,106072
15,106100
1,106100
10,106100
28,106144
22,106144
5,106144
3,106144
8,106330
16,106330
14,106330
21,106330
1,106438
21,106438
8,106438
15,106438
2,106438
22,106438
4,106441
20,106441
2,106441
10,106441
24,106441
30,106441
1,106441
6,106487
7,106487
20,106487
10,106487
12,106487
30,106487
11,106487
24,106487
30,106489
24,106489
1,106489
16,106489
24,106491
28,106491
22,106491
29,106540
28,106540
23,106540
3,106540
10,106540
8,106540
6,106542
22,106542
26,106542
7,106542
4,106542
15,106542
20,106594
12,106594
6,106594
21,106594
13,106594
23,106594
21,106642
16,106642
11,106642
10,106642
15,106648
6,106648
11,106648
1,106648
26,106648
3,106648
29,106648
17,106696
26,106696
29,106696
6,106696
23,106696
3,106766
18,106766
1,106766
2,106766
24,106766
21,106782
16,106782
27,106782
1,106782
13,106782
20,106785
21,106785
4,106785
21,106839
18,106839
9,106839
27,106839
30,106873
20,106873
6,106873
14,106873
25,106873
15,106873
22,106873
12,106873
2,106883
8,106883
16,106883
22,106883
15,106883
1,106889
15,106889
13,106889
18,106889
22,106916
19,106916
16,106916
1,106918
14,106918
16,106918
24,106918
28,106918
8,106918
26,106918
1,106920
16,106920
25,106920
13,106920
4,106920
2,106920
24,106920
20,106920
1,106927
19,106927
6,106927
30,106927
4,106927
24,106927
15,106927
26,106927
14,107013
1,107013
29,107013
9,107013
15,107013
19,107013
4,107013
2,107069
15,107069
9,107069
15,107141
17,107141
4,107141
18,107141
6,107141
11,107141
29,107141
12,107159
15,107159
2,107159
26,107159
19,107159
8,107159
24,107159
28,107159
24,107314
11,107314
17,107314
6,107314
4,107338
30,107338
25,107338
18,107338
7,107338
24,107338
5,107338
28,107348
6,107348
12,107348
24,107348
23,107348
16,107348
2,107348
1,107406
7,107406
30,107406
8,107408
6,107408
21,107408
15,107408
24,107408
10,107408
18,107408
22,107410
4,107410
24,107410
29,107410
3,107410
21,107410
11,107410
11,107412
9,107412
29,107412
27,107412
13,107412
7,107412
17,107412
4,107436
24,107436
3,107436
13,107436
26,107436
19,107436
23,107436
17,107436
26,107447
14,107447
3,107447
23,107447
9,107447
11,107447
26,107449
14,107449
21,107449
9,107462
29,107462
1,107462
12,107462
2,107462
8,107462
4,107565
7,107565
3,107565
27,107565
5,107630
8,107630
26,107630
22,107630
13,107630
30,107630
7,107702
24,107702
22,107702
11,107702
18,107702
10,107723
6,107723
13,107723
16,107723
24,107771
12,107771
18,107771
22,107780
4,107780
26,107780
17,107780
6,107780
7,107780
30,107780
16,107780
20,107846
25,107846
10,107846
6,107846
16,107846
30,107846
19,107945
22,107945
18,107945
18,107951
13,107951
24,107951
22,107951
1,107951
23,107951
7,107951
14,107953
13,107953
15,107953
3,107953
25,107953
1,107962
2,107962
28,107962
12,107962
23,107962
18,107962
17,107962
1,107997
30,107997
18,107997
27,107997
15,107997
3,107997
13,107997
24,107999
14,107999
27,107999
20,108078
5,108078
10,108078
26,108078
14,108078
28,108090
2,108090
25,108090
27,108090
6,108156
16,108156
3,108156
21,108156
24,108156
25,108188
9,108188
14,108188
24,108188
19,108188
28,108188
6,108188
18,108190
4,108190
14,108190
12,108190
24,108190
30,108190
20,108190
26,108190
1,108192
15,108192
26,108192
24,108192
13,108192
16,108192
11,108192
21,108192
1,108540
5,108540
10,108540
16,108540
13,108540
21,108540
30,108601
8,108601
10,108601
23,108601
1,108689
4,108689
8,108689
27,108689
11,108689
29,108689
9,108715
12,108715
16,108715
17,108715
28,108715
3,108715
1,108727
13,108727
24,108727
1,108729
23,108729
25,108729
2,108729
17,108729
30,108795
24,108795
1,108795
28,108928
19,108928
21,108928
25,108928
26,108928
1,108932
30,108932
21,108932
29,108932
26,108932
1,108945
15,108945
2,108945
21,108945
3,108945
30,108945
29,108949
10,108949
28,108949
12,108949
30,108949
7,108981
15,108981
23,108981
29,108981
9,108981
24,108981
1,109042
9,109042
2,109042
10,109042
3,109161
9,109161
11,109161
26,109183
19,109183
2,109183
9,109183
10,109183
2,109187
22,109187
1,109187
28,109187
1,109191
4,109191
2,109191
17,109191
18,109191
23,109191
7,109191
28,109191
1,109241
5,109241
9,109241
6,109282
25,109282
21,109282
16,109282
17,109282
5,109282
29,109295
14,109295
8,109295
27,109295
24,109295
5,109295
28,109313
3,109313
7,109313
18,109313
29,109313
27,109313
17,109317
22,109317
15,109317
20,109317
3,109317
1,109317
14,109372
20,109372
10,109372
10,109374
25,109374
13,109374
1,109383
30,109383
11,109383
29,109383
1,109416
22,109416
11,109416
17,109483
4,109483
9,109483
28,109483
17,109487
7,109487
16,109487
22,109487
7,109569
20,109569
18,109569
16,109569
19,109569
10,109569
2,109576
15,109576
23,109576
7,109576
21,109576
12,109576
26,109578
9,109578
15,109578
6,109578
17,109578
4,109578
25,109578
23,109578
25,109596
24,109596
22,109596
17,109596
26,109596
10,109596
23,109596
11,109596
23,109633
1,109633
25,109633
11,109633
9,109633
20,109673
12,109673
26,109673
27,109673
29,109687
22,109687
18,109687
10,109687
3,109687
6,109687
26,109687
16,109723
4,109723
23,109723
5,109846
4,109846
15,109846
27,109846
28,109846
10,109846
24,109848
19,109848
15,109848
1,109850
14,109850
6,109850
1,109853
8,109853
2,109853
10,109864
18,109864
16,109864
2,109864
12,109864
9,109864
1,109864
13,109895
18,109895
27,109895
8,109895
3,109895
1,109897
2,109897
10,109897
15,109897
10,109941
4,109941
24,109941
8,109941
1,109968
23,109968
21,109968
4,109968
27,109968
9,109968
29,109968
11,109968
30,109971
15,109971
25,109971
20,109971
29,109971
19,109971
29,110102
9,110102
11,110102
30,110102
28,110102
13,110102
11,110127
6,110127
21,110127
12,110127
26,110127
18,110130
11,110130
25,110130
13,110130
2,110281
22,110281
4,110281
11,110281
14,110281
20,110281
27,110281
23,110286
22,110286
28,110286
27,110286
5,110286
24,110286
3,110286
1,110297
17,110297
21,110297
25,110330
14,110330
11,110330
23,110330
19,110330
17,110330
19,110350
28,110350
27,110350
12,110350
3,110350
29,110350
12,110387
9,110387
6,110387
4,110387
23,110501
21,110501
3,110501
28,110501
12,110501
30,110501
8,110541
15,110541
19,110541
16,110541
3,110541
30,110541
23,110541
1,110553
3,110553
18,110553
1,110586
14,110586
16,110586
5,110586
9,110591
16,110591
5,110591
2,110591
15,110591
28,110591
23,110591
30,110591
3,110603
16,110603
10,110603
1,110603
30,110603
11,110603
14,110603
28,110611
9,110611
19,110611
4,110611
24,110611
25,110611
26,110655
16,110655
12,110655
3,110669
23,110669
12,110669
25,110669
27,110669
18,110669
7,110669
8,110718
2,110718
30,110718
13,110718
23,110718
11,110718
1,110718
27,110718
8,110730
28,110730
3,110730
10,110730
11,110746
27,110746
22,110746
3,110746
4,110746
10,110746
9,110746
22,110771
28,110771
26,110771
8,110773
24,110773
14,110773
29,110773
15,110773
1,110781
28,110781
13,110781
8,110826
6,110826
15,110826
13,110882
5,110882
3,110882
18,110882
24,110882
2,110882
24,111113
12,111113
7,111113
1,111146
23,111146
6,111146
27,111146
5,111320
21,111320
6,111320
18,111360
30,111360
1,111360
11,111360
14,111360
9,111360
20,111360
10,111362
11,111362
6,111362
15,111362
1,111364
21,111364
19,111364
5,111364
6,111364
13,111364
2,111364
26,111364
7,111375
30,111375
17,111375
18,111375
5,111384
27,111384
14,111384
9,111384
16,111384
21,111384
18,111384
25,111384
25,111443
17,111443
8,111443
4,111443
13,111443
1,111551
24,111551
9,111551
13,111617
28,111617
14,111617
22,111617
24,111617
10,111617
25,111617
14,111622
11,111622
10,111622
17,111622
20,111622
7,111622
12,111622
15,111622
24,111659
21,111659
6,111659
5,111659
8,111659
3,111663
28,111663
17,111663
5,111663
12,111663
6,111663
8,111663
27,111663
11,111680
20,111680
25,111680
9,111680
21,111680
4,111680
12,111680
4,111732
8,111732
9,111732
15,111732
28,111732
22,111743
17,111743
29,111743
16,111743
11,111743
10,111759
21,111759
12,111759
14,111759
24,111759
29,111759
1,111781
10,111781
11,111781
4,111781
7,111781
12,111781
24,111781
23,111785
19,111785
21,111785
10,111785
18,111785
2,111795
28,111795
15,111795
7,111795
23,111795
3,111795
11,111795
22,111800
4,111800
20,111800
1,111817
24,111817
7,111817
4,111817
30,111844
28,111844
15,111844
20,111844
1,111844
1,111913
21,111913
7,111913
6,111913
13,111913
10,111913
23,111921
5,111921
27,111921
9,111921
29,111921
21,111921
22,112006
17,112006
20,112006
28,112006
9,112070
24,112070
23,112070
20,112070
19,112138
21,112138
13,112138
1,112138
26,112138
27,112138
16,112138
19,112171
22,112171
6,112171
2,112171
30,112171
25,112171
17,112171
1,112171
4,112175
17,112175
16,112175
22,112175
5,112175
14,112175
19,112175
20,112175
27,112183
8,112183
29,112183
30,112183
5,112183
15,112183
13,112290
15,112290
24,112290
20,112290
11,112290
1,112290
8,112290
15,112303
12,112303
21,112303
11,112303
18,112316
11,112316
28,112316
29,112316
23,112316
1,112326
7,112326
4,112326
29,112326
17,112326
3,112334
20,112334
12,112334
16,112334
2,112334
24,112334
27,112334
7,112370
20,112370
29,112370
26,112370
28,112370
27,112370
30,112421
14,112421
23,112421
3,112450
19,112450
23,112450
25,112450
1,112454
9,112454
17,112454
6,112454
19,112454
14,112460
21,112460
22,112460
15,112460
2,112497
11,112497
14,112497
1,112497
12,112497
17,112497
13,112497
14,112512
24,112512
28,112512
11,112512
10,112512
20,112512
18,112512
5,112515
19,112515
1,112515
29,112515
2,112552
13,112552
18,112552
10,112552
21,112552
25,112552
8,112552
4,112552
1,112556
14,112556
20,112556
3,112556
26,112580
25,112580
29,112580
16,112580
24,112580
1,112580
18,112580
30,112580
25,112623
12,112623
18,112623
29,112623
10,112727
11,112727
5,112727
16,112727
17,112749
23,112749
16,112749
17,112788
6,112788
5,112788
12,112788
25,112788
3,112788
14,112788
29,112788
17,112804
12,112804
3,112804
13,112804
1,112818
25,112818
9,112818
30,112818
12,112818
3,112818
4,112818
18,112818
5,112852
13,112852
18,112852
30,112852
15,112852
4,112868
6,112868
20,112868
11,112868
13,112868
30,112868
29,112868
1,112897
29,112897
4,112897
27,112897
9,112897
28,112911
23,112911
25,112911
11,112940
8,112940
27,112940
25,112940
15,113159
27,113159
20,113159
1,113186
23,113186
28,113186
16,113186
4,113186
24,113186
19,113186
1,113207
16,113207
9,113207
24,113207
13,113207
18,113225
17,113225
2,113225
14,113225
21,113252
26,113252
2,113252
6,113252
25,113252
28,113252
13,113252
17,113252
12,113275
11,113275
17,113275
2,113275
20,113275
1,113278
24,113278
29,113278
5,113278
17,113280
29,113280
4,113280
26,113280
12,113280
1,113313
11,113313
28,113313
10,113313
23,113313
13,113345
12,113345
8,113345
7,113345
10,113345
28,113345
18,113348
1,113348
16,113348
29,113350
9,113350
11,113350
18,113350
15,113350
28,113350
6,113350
23,113350
24,113374
26,113374
10,113374
12,113374
3,113374
25,113374
13,113374
15,113374
23,113378
10,113378
21,113378
18,113378
13,113378
30,113394
2,113394
10,113394
21,113416
30,113416
24,113416
8,113416
30,113453
13,113453
8,113453
23,113453
15,113532
2,113532
24,113532
6,113532
1,113532
21,113565
24,113565
8,113565
1,113573
19,113573
15,113573
22,113573
15,113604
3,113604
30,113604
19,113604
25,113604
22,113705
29,113705
10,113705
16,113705
2,113705
1,113705
25,113705
26,113705
1,113741
10,113741
8,113741
12,113741
5,113741
19,113741
24,113741
18,113741
12,113780
23,113780
16,113780
15,113780
25,113829
18,113829
28,113829
29,113829
9,113849
12,113849
6,113849
24,113849
30,113849
27,113862
30,113862
7,113862
8,113862
29,113862
17,113862
2,113862
1,114028
13,114028
18,114028
22,114028
1,114044
12,114044
26,114044
18,114044
6,114044
29,114044
19,114044
26,114060
7,114060
15,114060
19,114066
16,114066
18,114066
20,114066
1,114066
27,114066
24,114066
12,114066
1,114074
22,114074
30,114074
3,114126
9,114126
4,114126
30,114126
27,114126
22,114126
13,114126
6,114180
4,114180
1,114180
29,114180
11,114184
5,114184
29,114184
18,114184
1,114184
26,114184
1,114246
4,114246
6,114246
3,114246
23,114246
27,114246
5,114265
21,114265
19,114265
25,114265
11,114265
7,114265
22,114335
28,114335
18,114335
30,114396
18,114396
25,114396
2,114396
21,114494
20,114494
9,114494
1,114494
22,114554
1,114554
26,114554
23,114554
11,114554
20,114554
4,114601
1,114601
24,114601
21,114601
25,114601
13,114601
12,114601
6,114601
4,114627
25,114627
15,114627
18,114662
22,114662
30,114662
5,114662
12,114662
1,114670
29,114670
25,114670
1,114678
20,114678
22,114678
19,114678
6,114678
7,114678
21,114678
17,114678
18,114707
5,114707
8,114707
24,114707
10,114707
17,114707
29,114707
29,114713
9,114713
16,114713
13,114762
20,114762
4,114762
26,114762
15,114762
23,114762
8,114762
23,114795
4,114795
7,114795
22,114795
24,114795
26,114795
20,114818
24,114818
22,114818
7,114818
9,114818
16,114818
23,114847
2,114847
13,114847
8,114847
1,114925
13,114925
14,114925
11,114925
12,114925
2,114935
15,114935
26,114935
25,114935
24,114935
1,115065
7,115065
23,115065
14,115065
21,115065
24,115111
16,115111
21,115111
5,115111
13,115111
10,115111
30,115111
7,115122
3,115122
6,115122
21,115122
1,115149
11,115149
7,115149
22,115149
27,115149
4,115149
3,115151
21,115151
27,115151
22,115151
4,115151
25,115151
28,115151
27,115170
22,115170
2,115170
12,115170
14,115170
16,115170
30,115203
13,115203
16,115203
29,115203
6,115203
17,115203
29,115210
14,115210
11,115210
13,115210
28,115210
4,115210
1,115216
15,115216
14,115216
25,115216
10,115216
8,115216
11,115231
30,115231
13,115231
22,115231
17,115231
2,115231
16,115231
20,115502
14,115502
11,115502
1,115569
24,115569
23,115569
2,115569
11,115569
20,115617
5,115617
28,115617
29,115617
10,115617
4,115617
17,115617
11,115617
10,115664
8,115664
6,115664
11,115664
14,115664
5,115664
21,115664
8,115667
22,115667
21,115667
15,115667
17,115667
18,115667
12,115667
30,115680
5,115680
26,115680
13,115680
10,115680
17,115680
30,115713
23,115713
4,115713
27,115727
14,115727
13,115727
1,115727
3,115727
19,115727
22,115819
10,115819
20,115819
1,115828
8,115828
23,115828
22,115828
7,115828
9,115828
9,115877
7,115877
19,115877
4,115877
17,115969
25,115969
30,115969
21,115969
28,115969
15,115969
9,115969
15,116044
22,116044
7,116044
29,116044
10,116044
2,116044
30,116044
4,116044
1,116138
2,116138
26,116138
18,116169
20,116169
1,116169
29,116169
5,116169
11,116169
3,116207
17,116207
11,116207
25,116411
20,116411
22,116411
24,116413
5,116413
7,116413
16,116413
29,116413
26,116413
25,116413
28,116413
1,116419
22,116419
30,116419
27,116419
16,116419
11,116419
15,116419
6,116505
17,116505
14,116505
19,116505
25,116505
30,116505
13,116505
12,116505
1,116529
17,116529
4,116529
2,116529
30,116529
7,116529
15,116529
21,116668
23,116668
1,116668
27,116668
28,116668
9,116668
8,116668
15,116668
13,116718
18,116718
24,116718
19,116718
22,116718
3,116718
20,116724
23,116724
18,116724
26,116724
28,116724
11,116738
17,116738
7,116738
26,116738
19,116738
29,116738
22,116738
13,116797
17,116797
8,116797
2,116797
1,116799
23,116799
18,116799
14,116799
12,116799
29,116817
3,116817
22,116817
30,116817
15,116817
1,116817
28,116817
2,116823
15,116823
13,116823
17,116823
27,116823
3,116823
23,116823
8,116849
22,116849
23,116849
17,116849
2,116849
18,116849
10,116849
6,116849
1,116887
9,116887
2,116887
6,116887
2,116897
1,116897
14,116897
19,116897
5,116897
21,116897
25,116941
7,116941
29,116941
11,116941
20,116941
24,116963
4,116963
9,116963
13,116963
26,116963
2,116963
8,116963
20,116977
30,116977
6,116977
16,116977
26,116977
9,116977
24,116977
15,116977
6,116985
22,116985
7,116985
26,117107
7,117107
3,117107
14,117107
15,117107
4,117107
12,117107
21,117107
23,117109
14,117109
6,117109
1,117133
7,117133
27,117133
13,117133
3,117133
29,117133
23,117176
7,117176
12,117176
27,117176
28,117192
15,117192
10,117192
28,117364
5,117364
3,117364
24,117364
19,117368
20,117368
14,117368
28,117368
17,117368
18,117368
24,117368
16,117368
9,117444
23,117444
1,117444
10,117444
17,117466
30,117466
4,117466
25,117466
19,117466
14,117466
18,117466
10,117511
1,117511
12,117511
20,117511
17,117511
7,117511
6,117511
10,117529
1,117529
17,117529
19,117529
3,117531
1,117531
27,117531
12,117531
20,117531
21,117531
30,117531
17,117531
10,117533
30,117533
23,117533
10,117545
30,117545
8,117545
15,117545
2,117545
22,117572
26,117572
4,117572
3,117572
28,117572
29,117572
27,117572
18,117572
30,117590
3,117590
20,117590
6,117590
12,117630
11,117630
30,117630
20,117630
29,117646
1,117646
8,117646
2,117646
14,117849
20,117849
8,117849
15,117849
18,117849
27,117849
13,117849
22,117851
16,117851
17,117851
15,117851
4,117851
1,117851
23,117851
12,117867
18,117867
9,117867
1,117877
12,117877
13,117877
8,117877
15,117877
4,117877
26,117877
4,117881
22,117881
13,117881
26,117881
1,117881
4,117887
29,117887
24,117887
22,117887
27,117887
27,117895
21,117895
12,117895
13,117895
2,117895
13,117922
25,117922
21,117922
10,117922
6,117922
16,117922
19,117922
23,117922
1,118082
18,118082
23,118082
11,118082
16,118082
4,118082
25,118166
8,118166
1,118166
4,118166
9,118166
29,118166
18,118166
30,118166
1,118198
11,118198
14,118198
19,118198
2,118198
10,118198
22,118198
15,118198
1,118248
13,118248
8,118248
26,118248
28,118248
5,118248
7,118248
18,118248
9,118270
6,118270
26,118270
7,118270
11,118270
30,118270
27,118270
12,118270
29,118290
11,118290
10,118290
27,118290
24,118290
14,118326
15,118326
8,118326
23,118354
13,118354
22,118354
18,118512
22,118512
10,118512
24,118512
13,118530
28,118530
6,118530
14,118530
26,118530
23,118530
29,118572
15,118572
6,118572
4,118572
24,118572
23,118572
26,118572
15,118696
5,118696
30,118696
1,118700
29,118700
24,118700
25,118700
22,118700
21,118700
29,118702
1,118702
17,118702
9,118702
8,118702
14,118702
21,118702
28,118702
1,118706
24,118706
17,118706
22,118706
27,118706
23,118784
16,118784
13,118784
10,118784
22,118814
5,118814
2,118814
4,118814
6,118814
19,118834
29,118834
18,118834
4,118834
19,118862
11,118862
24,118862
6,118862
9,118862
7,118862
26,118862
18,118862
9,118880
11,118880
5,118880
9,118888
12,118888
30,118888
28,118894
9,118894
13,118894
7,118894
22,118896
30,118896
10,118896
11,118900
19,118900
24,118900
26,118900
25,118924
20,118924
14,118924
26,118930
11,118930
23,118930
24,118930
18,118930
7,118985
21,118985
3,118985
15,118985
25,118985
22,118997
21,118997
7,118997
23,118997
19,118997
26,118997
15,118997
8,119068
1,119068
9,119068
19,119068
29,119068
2,119068
14,119141
9,119141
8,119141
23,119141
21,119141
6,119141
18,119141
1,119145
3,119145
16,119145
23,119145
8,119145
17,119153
27,119153
26,119153
6,119153
18,119153
9,119153
13,119153
18,119155
9,119155
29,119155
8,119155
25,119155
24,119155
26,119155
27,119167
23,119167
22,119167
17,119167
29,119167
18,119218
17,119218
24,119218
5,119218
14,119218
1,119218
13,119218
23,119218
14,119655
22,119655
21,119655
18,119714
29,119714
8,119714
30,119714
15,119714
7,119714
16,119714
17,119714
10,119828
27,119828
21,119828
7,119964
4,119964
13,119964
1,119964
9,120130
25,120130
5,120130
1,120130
3,120130
28,120130
16,120130
13,120138
24,120138
11,120138
29,120138
12,120138
22,120138
1,120466
21,120466
14,120466
5,120466
10,120466
8,120466
4,120478
5,120478
25,120478
9,120625
11,120625
18,120625
4,120625
8,120625
2,120625
1,120625
14,120625
3,120635
16,120635
23,120635
13,120635
28,120635
26,120635
8,120635
15,120637
28,120637
2,120637
11,120637
8,120637
3,120637
26,120761
28,120761
22,120761
2,120761
11,120761
14,120761
24,120783
20,120783
14,120783
1,120783
11,120783
9,120783
20,120799
23,120799
7,120799
6,120799
12,120799
17,120807
3,120807
10,120807
9,120807
6,120807
18,120813
17,120813
11,120813
7,120813
30,120827
6,120827
10,120827
7,120827
24,120827
9,120827
15,120827
1,120919
27,120919
6,120919
22,120919
10,121007
8,121007
1,121007
28,121007
14,121007
18,121007
30,121035
20,121035
11,121035
10,121035
1,121035
5,121035
7,121035
3,121035
25,121097
5,121097
26,121097
7,121097
21,121099
8,121099
22,121099
27,121099
29,121099
13,121129
4,121129
17,121129
5,121129
1,121129
10,121169
30,121169
8,121169
18,121169
13,121169
24,121169
21,121169
11,121169
29,121171
4,121171
1,121171
16,121171
26,121171
29,121231
10,121231
9,121231
1,121253
27,121253
26,121253
29,121253
23,121253
7,121253
5,121253
20,121253
2,121338
30,121338
12,121338
4,121338
28,121338
10,121338
8,121338
12,121342
7,121342
13,121342
2,121342
6,121342
3,121342
27,121342
15,121342
11,121372
4,121372
15,121372
19,121372
26,121374
25,121374
17,121374
10,121374
13,121374
23,121374
1,121469
20,121469
29,121469
4,121469
23,121715
9,121715
28,121715
10,121715
2,121715
16,121715
17,121781
16,121781
27,121781
11,122092
7,122092
18,122092
5,122092
21,122092
2,122246
28,122246
12,122246
29,122246
20,122246
16,122260
3,122260
6,122260
13,122260
10,122260
28,122260
2,122260
15,122433
7,122433
13,122433
17,122490
29,122490
4,122490
27,122490
1,122490
6,122490
3,122490
21,122627
22,122627
3,122627
14,122627
19,122882
8,122882
5,122882
20,122882
2,122882
9,122882
21,122882
1,122884
28,122884
13,122884
22,122884
19,122884
21,122884
5,122884
1,122886
13,122886
17,122886
29,122886
5,122886
14,122886
12,122888
20,122888
18,122888
29,122888
9,122890
3,122890
23,122890
1,122892
12,122892
14,122892
26,122892
13,122892
2,122892
7,122892
11,122892
10,122896
12,122896
20,122896
1,122898
28,122898
13,122898
20,122898
24,122898
13,122900
8,122900
7,122900
17,122902
16,122902
26,122902
21,122902
14,122902
22,122902
7,122902
4,122904
9,122904
13,122904
17,122904
10,122904
7,122904
12,122906
10,122906
6,122906
23,122906
2,122906
13,122912
5,122912
6,122912
29,122912
11,122912
23,122912
30,122912
8,122912
27,122916
28,122916
21,122916
19,122916
2,122918
16,122918
24,122918
10,122918
21,122918
23,122920
28,122920
1,122920
21,122922
7,122922
9,122922
6,122922
3,122924
23,122924
1,122924
2,122926
30,122926
6,122926
9,122926
5,122926
26,122926
16,122926
4,122932
17,122932
10,122932
24,122932
11,122932
1,122932
28,122932
15,123200
20,123200
25,123200
5,123200
8,123200
16,123200
29,123200
3,123200
22,123310
20,123310
13,123310
1,123545
11,123545
21,123545
4,123545
14,123545
24,123553
16,123553
15,123553
18,123553
28,123553
29,123553
13,123553
21,123553
8,123947
24,123947
7,123947
22,123947
30,123947
3,123947
6,124273
20,124273
1,124273
14,124273
30,124273
16,124273
24,124273
12,124273
24,124404
12,124404
6,124404
9,124404
26,124404
10,124484
14,124484
26,124484
13,124484
6,124851
16,124851
22,124851
30,124851
14,124851
12,124851
29,124851
2,124851
21,124853
22,124853
26,124853
10,124853
2,124853
24,124853
8,124853
14,124853
26,124859
29,124859
19,124859
16,124859
18,124859
14,124859
1,124859
3,124859
30,125221
18,125221
27,125221
4,125221
1,125221
26,125914
13,125914
18,125914
11,125914
27,125916
16,125916
5,125916
28,125916
22,125916
24,125970
10,125970
11,125970
3,125970
28,125970
7,125970
14,125970
13,125970
3,125974
8,125974
4,125974
12,125974
9,126088
2,126088
19,126088
12,126088
21,126088
28,126090
6,126090
19,126090
16,126090
2,126090
30,126090
14,126090
12,126142
13,126142
30,126142
1,126420
11,126420
4,126420
17,126420
29,126420
15,126420
20,126420
3,126420
5,126426
3,126426
20,126426
2,126426
18,126426
30,126426
13,126426
1,126430
20,126430
4,126430
2,126430
12,126430
7,126430
26,126430
11,126430
30,126482
17,126482
16,126482
8,126482
6,126482
18,126482
29,126482
9,126482
28,126548
10,126548
27,126548
30,126548
2,126577
27,126577
30,126577
24,126577
23,126577
13,126577
1,126921
8,126921
13,126921
21,126921
22,126921
19,126921
28,127052
20,127052
11,127052
1,127096
27,127096
11,127096
14,127096
5,127096
17,127096
6,127096
4,127096
8,127098
19,127098
11,127098
28,127108
11,127108
26,127108
12,127108
27,127108
2,127108
15,127108
7,127114
16,127114
17,127114
28,127114
14,127114
24,127114
27,127114
12,127114
2,127116
28,127116
21,127116
8,127116
26,127116
25,127130
5,127130
30,127130
14,127130
9,127130
18,127130
3,127130
13,127130
18,127132
7,127132
23,127132
15,127132
29,127132
1,127134
15,127134
18,127134
12,127134
25,127134
14,127134
30,127134
27,127134
20,127136
10,127136
13,127136
18,127146
3,127146
22,127146
29,127146
27,127146
12,127146
4,127146
1,127146
16,127152
7,127152
27,127152
25,127152
28,127164
3,127164
21,127164
1,127164
22,127164
18,127172
9,127172
25,127172
4,127172
24,127180
23,127180
26,127180
18,127180
29,127180
1,127184
11,127184
3,127184
16,127184
28,127184
9,127184
13,127184
12,127184
18,127194
4,127194
20,127194
9,127194
5,127194
26,127194
24,127198
2,127198
4,127198
5,127198
11,127198
17,127198
14,127198
1,127202
16,127202
18,127202
8,127204
14,127204
9,127204
30,127204
12,127204
22,127204
28,127204
21,127204
23,127212
13,127212
3,127212
2,127212
18,127212
1,127212
22,127212
4,127212
1,127298
5,127298
19,127298
21,127298
11,127298
3,127319
11,127319
17,127319
16,127319
24,127319
25,127323
4,127323
18,127323
8,127323
6,127323
29,127323
22,127390
12,127390
7,127390
16,127390
4,127390
8,127390
18,127390
21,127390
6,128087
20,128087
26,128087
24,128087
25,128089
20,128089
21,128089
26,128089
30,128089
22,128089
1,128097
28,128097
23,128097
21,128097
9,128097
24,128097
23,128099
8,128099
15,128099
25,128099
1,128099
3,128197
19,128197
9,128197
20,128197
25,128360
30,128360
2,128360
14,128360
27,128360
7,128360
23,128366
11,128366
9,128366
7,128366
4,128366
3,128366
26,128366
2,128366
7,128488
22,128488
28,128488
21,128488
16,128488
3,128488
28,128512
2,128512
27,128512
4,128512
25,128512
2,128520
8,128520
27,128520
30,128520
22,128520
17,128520
16,128542
23,128542
21,128542
13,128542
18,128542
4,128592
20,128592
30,128592
6,128592
23,128592
18,128592
17,128592
3,128592
1,128594
20,128594
17,128594
28,128594
11,128594
14,128594
7,128594
19,128594
1,128620
7,128620
17,128620
4,128620
30,128620
29,128620
11,128620
1,128695
14,128695
3,128695
24,128695
11,128695
19,128695
25,128736
6,128736
2,128736
16,128736
29,128736
27,128736
28,128736
21,128832
22,128832
24,128832
4,128832
1,128832
13,128838
5,128838
10,128838
19,128838
7,128838
19,128842
21,128842
5,128842
16,128852
2,128852
4,128852
22,128852
12,128900
8,128900
26,128900
13,128900
23,128900
27,128900
18,128900
16,128900
6,128902
23,128902
22,128902
5,128902
15,128902
20,128902
7,128902
13,128902
2,128908
21,128908
22,128908
15,128908
7,128908
9,128914
18,128914
30,128914
22,128914
8,128914
1,128944
29,128944
30,128944
15,128968
18,128968
11,128968
23,128968
8,128968
16,128975
5,128975
21,128975
13,128991
15,128991
27,128991
10,128991
30,128991
6,128991
29,129011
13,129011
17,129011
20,129011
4,129011
18,129011
1,129229
18,129229
22,129229
2,129229
25,129250
9,129250
2,129250
12,129250
24,129250
26,129250
16,129250
28,129313
2,129313
23,129313
9,129313
21,129313
1,129313
13,129313
1,129333
18,129333
25,129333
23,129333
8,129333
6,129333
15,129333
7,129333
1,129354
27,129354
17,129354
11,129354
4,129354
24,129354
8,129397
10,129397
5,129397
25,129397
15,129397
13,129397
20,129397
23,129397
21,129428
1,129428
17,129428
14,129428
30,129428
8,129428
15,129428
27,129428
23,129514
18,129514
2,129514
24,129514
21,129514
1,129657
7,129657
2,129657
28,129657
21,129659
6,129659
28,129659
12,129737
26,129737
18,129737
7,129737
10,129779
8,129779
1,129779
29,129779
28,129779
13,129779
15,129937
8,129937
18,129937
24,129937
16,129937
12,129937
20,129937
19,129937
26,130050
8,130050
19,130050
16,130050
9,130050
15,130050
1,130052
17,130052
29,130052
30,130052
22,130052
12,130052
26,130073
11,130073
20,130073
16,130083
3,130083
12,130083
27,130083
1,130087
5,130087
26,130087
14,130087
18,130444
14,130444
19,130444
15,130444
16,130444
1,130450
3,130450
24,130450
1,130452
28,130452
23,130452
17,130452
24,130452
5,130452
7,130452
4,130482
15,130482
29,130482
6,130482
10,130482
24,130490
5,130490
13,130490
6,130490
9,130498
11,130498
7,130498
13,130498
30,130498
29,130498
26,130518
10,130518
12,130518
8,130518
27,130518
12,130520
23,130520
2,130520
29,130520
1,130576
5,130576
12,130576
9,130576
23,130576
3,130576
19,130576
20,130576
1,130578
5,130578
12,130578
7,130578
20,130578
14,130578
1,130634
7,130634
22,130634
11,130686
9,130686
19,130686
15,130686
1,130686
5,130686
14,130686
16,130840
28,130840
18,130840
30,130840
1,130842
22,130842
18,130842
6,130842
14,130842
23,130842
26,130842
10,130842
22,130970
19,130970
9,130970
3,130970
26,130970
1,130970
19,130976
7,130976
22,130976
3,130976
16,130976
8,130976
13,130976
15,130978
7,130978
8,130978
16,130978
23,130978
5,131013
4,131013
25,131013
29,131013
23,131013
9,131013
2,131013
16,131013
9,131023
6,131023
8,131023
1,131023
12,131023
26,131023
15,131023
7,131098
18,131098
9,131098
24,131098
25,131098
29,131098
17,131098
24,131104
8,131104
23,131104
21,131104
4,131104
17,131104
3,131104
26,131130
11,131130
2,131130
8,131130
12,131130
22,131237
8,131237
9,131237
1,131237
18,131439
1,131439
7,131439
13,131439
16,131439
20,131439
8,131439
1,131480
21,131480
17,131480
3,131480
24,131480
7,131578
30,131578
8,131578
12,131578
16,131578
25,131578
28,131578
27,131610
18,131610
12,131610
13,131610
8,131656
12,131656
6,131656
18,131656
17,131656
15,131714
13,131714
3,131714
5,131714
19,131714
16,131714
17,131714
2,131714
21,131724
11,131724
26,131724
15,131724
15,131739
21,131739
18,131739
2,131739
25,131739
11,131739
16,131739
27,131749
25,131749
17,131749
19,131749
5,131749
26,131749
16,131749
23,131796
1,131796
29,131796
19,131796
12,131796
15,131796
27,131826
22,131826
10,131826
11,131826
11,131920
1,131920
5,131920
25,131920
23,131920
13,131920
27,131920
17,131920
7,131934
17,131934
18,131934
9,131934
1,131934
9,132046
6,132046
5,132046
10,132046
21,132084
29,132084
15,132084
13,132084
14,132084
2,132153
19,132153
3,132153
23,132153
21,132153
1,132157
14,132157
17,132157
6,132157
20,132157
9,132333
14,132333
18,132333
16,132333
19,132333
25,132333
23,132333
12,132333
17,132335
29,132335
1,132335
23,132335
22,132362
26,132362
15,132362
1,132362
23,132362
8,132362
12,132362
9,132422
13,132422
20,132422
14,132422
10,132422
3,132422
15,132422
25,132422
16,132424
12,132424
25,132424
1,132454
17,132454
18,132454
23,132454
10,132454
6,132454
11,132462
3,132462
23,132462
16,132462
25,132462
23,132488
15,132488
8,132488
23,132496
7,132496
10,132496
24,132496
2,132496
19,132496
6,132584
19,132584
29,132584
24,132618
16,132618
18,132618
23,132618
9,132618
3,132618
25,132618
28,132618
16,132660
23,132660
27,132660
3,132660
17,132660
1,132796
14,132796
18,132796
1,132800
2,132800
26,132800
5,132800
12,132800
6,132800
28,132800
3,132800
28,132888
3,132888
11,132888
29,132888
25,132888
21,132888
16,132888
22,133115
10,133115
27,133115
18,133115
6,133115
27,133195
30,133195
23,133195
14,133195
22,133195
8,133217
9,133217
25,133217
6,133281
20,133281
30,133281
7,133281
8,133281
25,133281
23,133365
19,133365
17,133365
25,133365
10,133365
11,133365
8,133365
1,133377
17,133377
23,133377
26,133377
19,133377
14,133377
1,133419
7,133419
23,133419
24,133419
3,133545
16,133545
9,133545
1,133645
7,133645
3,133645
24,133645
18,133645
14,133712
11,133712
18,133712
27,133716
29,133716
7,133716
24,133716
17,133716
19,133716
18,133716
8,133771
28,133771
25,133771
7,133771
15,133771
1,133771
22,133771
6,133780
27,133780
28,133780
9,133780
1,133782
2,133782
26,133782
27,133798
7,133798
16,133798
19,133798
2,133798
14,133798
8,133798
15,133798
26,133802
22,133802
28,133802
10,133802
6,133802
11,133802
30,133802
1,133832
29,133832
18,133832
13,133832
17,133832
3,133867
5,133867
25,133867
13,133867
10,133867
6,133867
1,133867
2,133879
18,133879
3,133879
11,133879
10,133879
16,133879
20,134004
19,134004
17,134004
12,134004
16,134019
19,134019
18,134019
1,134019
29,134019
28,134019
15,134019
17,134019
10,134021
12,134021
22,134021
30,134021
13,134041
8,134041
17,134041
19,134041
26,134041
27,134041
12,134095
21,134095
10,134095
25,134095
16,134095
18,134095
5,134109
27,134109
2,134109
13,134109
16,134109
20,134109
7,134130
1,134130
8,134130
15,134130
30,134130
10,134130
28,134158
18,134158
11,134158
27,134170
26,134170
30,134170
28,134170
10,134170
8,134170
12,134170
18,134184
6,134184
3,134184
8,134214
3,134214
26,134214
14,134214
24,134214
6,134214
20,134214
15,134214
1,134246
25,134246
30,134246
28,134246
20,134246
3,134246
11,134246
2,134248
29,134248
24,134248
3,134248
13,134248
17,134248
19,134252
28,134252
16,134252
10,134252
25,134252
13,134252
17,134252
23,134252
22,134326
19,134326
23,134326
30,134326
18,134326
16,134326
26,134334
29,134334
30,134334
15,134368
14,134368
18,134368
14,134393
12,134393
6,134393
21,134393
26,134393
25,134393
5,134515
26,134515
16,134515
11,134515
17,134515
29,134515
20,134515
29,134524
20,134524
1,134524
21,134524
30,134524
22,134524
15,134524
5,134528
20,134528
8,134528
14,134528
28,134775
15,134775
23,134775
30,134775
22,134775
6,134783
1,134783
8,134783
22,134783
13,134783
10,134796
4,134796
23,134796
2,134796
9,134796
28,134796
20,134808
18,134808
16,134808
1,134808
30,134847
21,134847
27,134847
20,134847
25,134847
6,134847
7,134849
19,134849
8,134849
20,134849
29,134853
7,134853
18,134853
1,134853
21,134853
7,134859
5,134859
18,134859
27,134859
4,134859
21,134859
9,134859
8,134859
23,134861
18,134861
13,134861
2,134861
4,134861
19,134861
1,134881
19,134881
22,134881
8,134881
14,134881
10,134881
16,135133
20,135133
3,135133
14,135133
12,135133
1,135133
19,135133
1,135137
17,135137
21,135137
6,135143
12,135143
28,135143
1,135143
27,135143
21,135143
26,135143
15,135143
1,135198
3,135198
12,135198
16,135198
6,135216
7,135216
1,135216
11,135216
1,135288
3,135288
8,135288
6,135288
6,135436
24,135436
13,135436
29,135436
16,135436
7,135436
25,135436
3,135436
23,135456
20,135456
16,135456
1,135518
2,135518
15,135518
2,135532
1,135532
8,135532
20,135532
7,135532
16,135534
26,135534
5,135534
22,135534
27,135534
15,135534
1,135536
24,135536
6,135536
9,135536
18,135536
20,135567
25,135567
18,135567
11,135567
28,135567
22,135567
1,135567
14,135567
1,135569
15,135569
5,135569
4,135569
24,135777
20,135777
10,135777
19,135777
9,135777
5,135777
7,135787
5,135787
20,135787
27,135787
17,135787
15,135787
11,135787
2,135787
4,135803
30,135803
25,135803
28,135803
6,135803
24,135803
29,135803
23,135803
30,135815
4,135815
24,135815
2,135815
19,135815
28,135861
22,135861
18,135861
6,135861
17,135861
14,135861
15,135861
23,135861
5,135885
20,135885
19,135885
26,135885
16,135885
11,135887
28,135887
7,135887
21,135887
16,135887
8,135887
14,135887
27,135887
24,135937
8,135937
20,135937
16,135937
26,135937
1,136012
17,136012
25,136012
2,136012
29,136012
28,136012
24,136012
15,136016
9,136016
26,136016
1,136018
18,136018
17,136018
22,136018
2,136020
10,136020
6,136020
16,136020
18,136020
28,136020
17,136020
19,136020
5,136024
9,136024
10,136024
16,136024
29,136024
11,136024
13,136024
1,136297
6,136297
17,136297
28,136297
4,136297
26,136297
30,136297
22,136305
27,136305
16,136305
30,136305
29,136305
24,136305
12,136305
2,136305
12,136341
9,136341
22,136341
13,136341
27,136341
12,136353
24,136353
22,136353
10,136355
4,136355
6,136355
9,136355
30,136355
3,136355
13,136359
17,136359
18,136359
24,136359
9,136359
16,136359
20,136359
1,136359
10,136443
20,136443
26,136443
24,136443
23,136443
19,136443
19,136445
21,136445
3,136445
8,136447
15,136447
17,136447
1,136447
7,136447
1,136449
15,136449
4,136449
24,136449
3,136449
25,136469
29,136469
19,136469
9,136471
25,136471
4,136471
15,136503
8,136503
4,136503
14,136503
22,136503
28,136503
9,136503
18,136503
8,136511
4,136511
24,136511
2,136511
12,136511
21,136511
8,136540
13,136540
21,136540
17,136540
29,136540
30,136540
11,136540
23,136556
7,136556
8,136556
4,136562
29,136562
19,136562
1,136562
23,136562
18,136562
9,136562
27,136562
1,136564
26,136564
19,136564
22,136564
15,136564
11,136598
6,136598
28,136598
10,136602
3,136602
30,136602
23,136602
13,136654
5,136654
8,136654
19,136654
28,136654
26,136654
7,136654
23,136664
18,136664
7,136664
19,136664
21,136664
4,136664
28,136666
26,136666
9,136666
20,136666
15,136666
14,136666
3,136666
8,136666
26,136778
29,136778
4,136778
21,136778
28,136778
15,136778
27,136786
21,136786
20,136786
4,136800
15,136800
14,136800
22,136800
21,136816
19,136816
11,136816
1,136816
17,136816
26,136816
1,136834
6,136834
27,136834
7,136834
29,136834
23,136834
18,136838
15,136838
28,136838
13,136838
10,136840
11,136840
21,136840
14,136840
29,136840
1,136840
28,136850
21,136850
8,136850
24,136850
20,136859
19,136859
9,136859
11,136859
15,136859
27,136864
10,136864
9,136864
7,136864
19,136864
21,136864
29,136864
5,136912
25,136912
1,136912
28,136958
17,136958
4,136958
21,136958
20,136958
25,136958
30,137218
19,137218
9,137218
28,137218
17,137218
23,137218
16,137218
12,137337
3,137337
30,137337
28,137337
8,137337
10,137345
30,137345
7,137345
24,137345
26,137345
4,137517
18,137517
11,137517
16,137517
26,137517
6,137517
12,137517
5,137595
24,137595
26,137595
3,137595
4,137595
1,137857
4,137857
28,137857
12,137857
29,137859
16,137859
5,137859
6,137859
30,137859
4,137859
15,137859
25,137859
11,137863
9,137863
20,137863
14,137863
6,137863
1,138036
2,138036
16,138036
21,138186
1,138186
23,138186
26,138186
2,138186
6,138204
4,138204
24,138204
28,138204
20,138204
27,138204
5,138204
14,138208
30,138208
1,138208
8,138208
9,138208
5,138208
11,138208
18,138210
29,138210
17,138210
23,138210
19,138210
3,138210
10,138210
5,138210
1,138396
9,138396
14,138396
5,138546
1,138546
26,138546
22,138546
2,138610
24,138610
25,138610
29,138610
20,138610
11,138610
28,138610
2,138632
8,138632
13,138632
25,138702
6,138702
23,138702
23,138798
8,138798
6,138798
30,138798
5,138798
15,138798
9,138798
15,138835
5,138835
7,138835
20,138835
18,138966
19,138966
24,138966
1,138966
27,138966
2,138966
21,138966
20,139052
12,139052
1,139052
1,139130
17,139130
2,139130
7,139130
23,139130
28,139130
20,139130
11,139130
1,139157
21,139157
22,139157
16,139157
15,139157
1,139385
21,139385
7,139385
17,139385
13,139385
29,139385
16,139385
27,139415
20,139415
26,139415
28,139415
24,139415
12,139415
15,139511
14,139511
10,139511
16,139511
13,139511
1,139511
7,139511
20,139640
17,139640
3,139640
15,139640
1,139642
3,139642
5,139642
26,139642
5,139644
10,139644
6,139644
1,139644
12,139644
26,139644
21,139644
30,139655
21,139655
14,139655
23,139655
17,139655
18,139655
12,139655
19,139717
18,139717
9,139717
16,139717
28,139747
6,139747
1,139747
17,139747
24,139747
5,139747
2,139747
3,139747
25,139855
15,139855
29,139855
14,139855
12,139855
3,139855
28,139857
27,139857
9,139857
14,139857
25,139857
13,139857
17,139857
2,139857
1,139859
23,139859
5,139859
30,139859
10,139859
12,139859
26,139859
3,139915
16,139915
24,139915
24,139994
29,139994
12,139994
18,139994
20,139994
25,139994
24,140016
26,140016
25,140016
29,140016
19,140016
22,140016
3,140016
16,140038
6,140038
18,140038
28,140038
15,140110
11,140110
19,140110
20,140110
16,140110
13,140110
25,140110
4,140110
14,140133
27,140133
5,140133
2,140133
24,140133
1,140162
22,140162
6,140162
1,140174
8,140174
19,140174
13,140237
21,140237
24,140237
20,140237
1,140237
4,140247
20,140247
11,140247
12,140247
30,140247
25,140247
7,140265
28,140265
15,140265
24,140265
13,140267
30,140267
1,140267
9,140267
18,140267
22,140267
1,140289
7,140289
26,140289
16,140301
6,140301
19,140301
13,140301
11,140301
26,140301
3,140301
12,140359
7,140359
24,140359
19,140359
17,140481
23,140481
29,140481
21,140481
16,140481
28,140481
26,140481
25,140481
22,140523
18,140523
6,140523
3,140523
1,140525
25,140525
2,140525
23,140541
29,140541
13,140541
8,140541
15,140541
9,140541
25,140561
11,140561
8,140561
21,140561
5,140561
27,140627
1,140627
25,140627
17,140627
24,140627
25,140711
24,140711
30,140711
17,140711
1,140711
15,140711
21,140711
13,140711
10,140715
6,140715
8,140715
1,140715
14,140715
18,140715
13,140715
4,140725
23,140725
16,140725
13,140725
12,140725
30,140725
18,140725
11,140725
1,140737
21,140737
29,140737
7,140737
17,140737
20,140737
14,140737
15,140737
15,140816
13,140816
16,140816
27,140816
25,140816
11,140816
28,140816
22,140850
27,140850
19,140850
9,140850
15,140850
3,140850
26,140850
28,140850
13,140852
11,140852
3,140852
17,140852
1,140928
9,140928
17,140928
11,140928
10,140928
5,140928
30,140928
12,140928
18,140956
6,140956
21,140956
25,140956
10,140956
3,140956
15,140956
20,141004
24,141004
15,141004
1,141004
12,141004
14,141131
30,141131
6,141131
25,141131
29,141131
23,141131
19,141400
21,141400
18,141400
11,141400
27,141400
17,141400
15,141400
26,141408
21,141408
3,141408
8,141422
7,141422
9,141422
4,141422
15,141422
29,141422
14,141513
30,141513
5,141513
2,141513
18,141513
25,141513
20,141544
4,141544
7,141544
19,141544
17,141544
13,141544
1,141646
14,141646
17,141646
21,141646
11,141646
5,141646
6,141646
2,141668
11,141668
1,141668
17,141668
22,141668
19,141668
25,141688
1,141688
9,141688
20,141688
21,141718
27,141718
28,141718
16,141718
23,141718
14,141718
6,141718
30,141718
7,141749
19,141749
4,141749
14,141749
18,141799
26,141799
4,141799
22,141799
15,141799
18,141810
28,141810
5,141810
22,141810
16,141810
3,141810
22,141816
10,141816
17,141816
18,141816
26,141816
19,141816
2,141818
3,141818
30,141818
26,141820
25,141820
4,141820
9,141820
23,141820
28,141820
9,141830
8,141830
29,141830
5,141830
19,141830
23,141830
28,141830
26,141836
21,141836
22,141836
23,141844
1,141844
4,141844
19,141844
28,141844
8,141844
13,141844
15,141846
14,141846
19,141846
18,141846
20,141846
22,141846
12,141846
9,141846
16,141866
15,141866
12,141866
5,141866
11,141866
24,141866
19,141890
13,141890
12,141890
11,141890
17,141928
10,141928
1,141928
19,141928
21,141928
27,141994
8,141994
1,141994
23,141994
27,142020
13,142020
17,142020
26,142020
1,142056
8,142056
14,142056
10,142056
7,142056
24,142056
25,142056
18,142056
1,142074
27,142074
5,142074
8,142074
28,142074
24,142074
19,142074
21,142115
8,142115
22,142115
13,142115
20,142115
24,142115
3,142196
28,142196
2,142196
22,142196
23,142196
26,142222
21,142222
1,142222
22,142366
13,142366
8,142366
16,142366
1,142366
12,142366
11,142372
15,142372
3,142372
10,142372
30,142372
25,142372
17,142372
23,142420
27,142420
25,142420
2,142420
25,142422
18,142422
8,142422
20,142424
27,142424
10,142424
23,142444
16,142444
12,142444
4,142444
27,142444
26,142444
30,142444
7,142444
1,142448
29,142448
16,142448
17,142448
14,142448
3,142456
30,142456
8,142456
1,142456
12,142456
10,142456
18,142456
26,142488
13,142488
1,142488
15,142488
1,142507
22,142507
11,142507
30,142507
7,142507
1,142509
26,142509
16,142509
14,142509
28,142536
7,142536
3,142536
17,142536
23,142550
2,142550
4,142550
28,142550
1,142550
9,142558
28,142558
25,142558
10,142558
13,142558
3,142558
11,142558
12,142598
15,142598
9,142598
17,142598
30,142598
16,142598
28,142598
2,142602
29,142602
9,142602
4,142602
23,142602
4,142831
7,142831
22,142831
6,142831
19,142831
6,142961
26,142961
20,142961
25,142961
3,142961
9,142997
14,142997
2,142997
21,142997
7,142997
25,142997
15,142997
23,143001
10,143001
26,143001
5,143001
6,143001
11,143001
4,143031
10,143031
6,143031
28,143031
15,143031
17,143031
18,143245
3,143245
15,143245
13,143245
22,143255
27,143255
17,143255
28,143255
24,143255
21,143257
1,143257
18,143257
11,143257
14,143257
1,143355
26,143355
27,143355
4,143355
29,143365
19,143365
22,143365
26,143365
1,143367
2,143367
6,143367
25,143367
20,143367
3,143367
22,143367
24,143367
18,143385
2,143385
20,143385
11,143385
25,143385
10,143385
9,143385
16,143385
21,143410
23,143410
16,143410
22,143458
12,143458
14,143458
29,143458
21,143458
20,143458
4,143472
22,143472
3,143472
28,143472
24,143511
11,143511
18,143511
30,143511
26,143525
9,143525
17,143525
4,143525
6,143559
23,143559
13,143559
19,143559
6,143859
27,143859
7,143859
23,143859
10,143859
21,143859
24,143859
15,143859
29,143896
22,143896
26,143896
6,143896
23,143896
19,143896
16,143896
25,143896
23,143969
6,143969
1,143969
17,143969
22,143969
1,144210
22,144210
3,144210
12,144222
29,144222
25,144222
10,144222
11,144222
7,144222
20,144222
2,144222
10,144262
26,144262
18,144262
6,144352
14,144352
10,144352
28,144352
26,144352
9,144352
1,144478
15,144478
4,144478
17,144478
25,144478
12,144478
24,144478
3,144522
7,144522
27,144522
9,144522
2,144522
29,144522
8,144522
9,144606
19,144606
14,144606
5,144606
21,144606
28,144620
21,144620
7,144620
13,144620
12,144620
2,144620
14,144620
30,144714
9,144714
20,144714
23,144714
27,144714
25,144716
2,144716
15,144716
18,144716
29,144716
10,144716
21,144716
9,144734
16,144734
24,144734
23,144734
17,144976
23,144976
21,144976
19,145080
4,145080
29,145080
30,145080
12,145080
5,145080
17,145080
3,145150
24,145150
11,145150
5,145150
20,145150
10,145150
12,145283
28,145283
13,145283
4,145283
23,145283
19,145283
8,145418
22,145418
11,145418
1,145418
27,145418
13,145418
15,145418
28,145418
21,145491
16,145491
27,145491
20,145491
23,145491
14,145491
26,145491
10,145491
23,145724
7,145724
25,145724
21,145724
3,145724
1,145745
19,145745
12,145745
8,145839
12,145839
3,145839
18,145839
1,145839
13,145839
2,145839
27,145839
2,145935
4,145935
16,145935
26,145935
12,145935
27,145935
6,145935
1,145951
19,145951
27,145951
10,145951
12,145951
6,145951
25,145994
17,145994
19,145994
28,145994
15,145994
27,145994
7,145994
20,145994
17,146024
13,146024
3,146024
25,146028
22,146028
5,146028
21,146210
14,146210
28,146210
12,146210
8,146210
2,146210
10,146244
1,146244
25,146244
6,146309
21,146309
4,146309
1,146656
4,146656
27,146656
14,146656
23,146662
1,146662
27,146662
25,146662
25,146682
13,146682
10,146682
2,146682
30,146684
17,146684
16,146684
9,146684
1,146684
8,146684
28,146684
16,146688
3,146688
30,146688
23,146730
12,146730
19,146730
14,146730
8,146730
19,146986
18,146986
8,146986
5,146986
10,146986
9,146986
2,146986
1,147002
15,147002
13,147002
3,147002
27,147002
19,147002
20,147142
11,147142
30,147142
16,147142
6,147142
9,147142
7,147142
3,147142
7,147196
25,147196
3,147196
8,147196
24,147196
9,147196
20,147250
10,147250
11,147250
12,147250
23,147250
30,147250
3,147250
7,147250
21,147282
5,147282
11,147282
26,147282
17,147282
24,147282
5,147286
22,147286
13,147286
7,147286
8,147286
20,147286
4,147286
4,147300
5,147300
6,147300
2,147326
4,147326
3,147326
5,147328
24,147328
12,147328
28,147330
16,147330
26,147330
8,147330
29,147330
27,147372
15,147372
17,147372
1,147374
19,147374
2,147374
20,147374
24,147374
11,147374
24,147376
1,147376
27,147376
8,147376
5,147376
17,147376
11,147376
2,147376
29,147378
14,147378
10,147378
8,147378
19,147378
1,147380
25,147380
20,147380
3,147382
14,147382
17,147382
18,147382
4,147384
27,147384
21,147384
17,147384
5,147384
19,147410
4,147410
5,147410
26,147410
16,147410
17,147657
9,147657
20,147657
27,147657
12,147657
11,147657
2,147657
10,147657
26,147662
24,147662
30,147662
9,147662
5,147936
13,147936
19,147936
18,148166
20,148166
14,148166
24,148166
1,148172
19,148172
12,148172
29,148172
5,148172
7,148172
14,148172
26,148172
27,148238
16,148238
29,148238
1,148424
17,148424
22,148424
7,148424
17,148482
15,148482
29,148482
1,148482
27,148482
6,148482
28,148482
21,148592
28,148592
16,148592
20,148592
6,148592
2,148626
8,148626
7,148626
17,148626
14,148626
27,148632
4,148632
10,148632
25,148632
16,148632
23,148632
20,148632
2,148632
21,148652
1,148652
20,148652
22,148652
14,148652
27,148652
8,148652
30,148652
16,148667
22,148667
2,148667
19,148667
15,148667
24,148667
18,148667
7,148667
22,148671
2,148671
4,148671
14,148671
17,148671
25,148671
3,148671
11,148675
1,148675
12,148675
9,148675
1,148709
22,148709
15,148709
20,148709
2,148709
23,148709
3,148709
26,148775
8,148775
1,148775
7,148881
26,148881
20,148881
14,148888
16,148888
10,148888
24,148888
6,148888
17,148956
7,148956
29,148956
6,148956
15,148956
7,148978
18,148978
26,148978
25,148978
30,148978
2,148978
22,148978
12,148978
8,148982
12,148982
1,148982
7,148982
11,148982
6,148982
18,148982
28,148982
10,149011
17,149011
11,149011
18,149011
30,149011
14,149011
3,149011
21,149011
17,149144
2,149144
27,149144
6,149144
26,149144
3,149144
3,149146
9,149146
4,149146
16,149146
27,149146
13,149146
28,149146
1,149146
22,149330
6,149330
15,149330
12,149334
5,149334
22,149334
24,149334
21,149334
27,149334
19,149350
3,149350
14,149350
6,149350
17,149350
1,149350
7,149350
9,149350
20,149352
1,149352
10,149352
2,149352
25,149352
12,149352
21,149354
25,149354
15,149354
2,149354
16,149380
11,149380
7,149380
2,149380
19,149380
3,149380
5,149380
17,149380
28,149406
3,149406
16,149406
24,149406
26,149406
5,149508
30,149508
9,149508
26,149508
15,149508
4,149508
23,149508
20,149508
4,149566
25,149566
2,149566
12,149566
22,149566
7,149566
15,149566
24,149590
21,149590
13,149590
6,149590
1,149590
18,149590
14,149590
24,149612
19,149612
26,149612
15,149612
1,149612
13,149612
17,149830
28,149830
8,149830
10,149830
25,149830
2,149830
15,149830
3,149902
15,149902
20,149902
28,149902
27,149902
30,149902
11,149902
22,149902
8,150254
24,150254
13,150254
3,150254
1,150401
29,150401
13,150401
24,150548
22,150548
8,150548
26,150548
4,150548
28,150548
29,150548
11,150548
21,150554
24,150554
16,150554
27,150554
19,150554
14,150554
9,150596
21,150596
13,150596
3,150596
16,150596
16,150604
13,150604
21,150604
3,150604
12,150604
10,150604
27,150604
1,150696
24,150696
12,150696
17,150696
11,150696
9,150696
28,150993
1,150993
16,150993
2,150993
21,150993
24,150993
14,150993
26,151311
23,151311
11,151311
10,151311
3,151315
7,151315
24,151315
13,151315
21,151315
19,151315
1,151315
23,151317
19,151317
15,151317
7,151317
22,151317
20,151317
8,151455
23,151455
13,151455
9,151455
25,151455
20,151455
1,151479
29,151479
14,151479
24,151479
28,151479
10,151479
1,151501
11,151501
7,151501
6,151501
1,151557
25,151557
15,151557
23,151557
20,151557
7,151559
1,151559
25,151559
29,151559
30,151559
9,151559
1,151653
30,151653
25,151653
17,151653
12,151653
8,151687
7,151687
25,151687
4,151695
30,151695
24,151695
28,151695
10,151695
25,151739
4,151739
23,151739
27,151739
29,151739
6,151739
24,151739
7,151739
20,151745
7,151745
11,151745
8,151745
30,151745
4,151745
7,151759
9,151759
29,151759
1,151759
9,151763
29,151763
24,151763
3,151763
15,151769
23,151769
30,151769
14,151769
2,151769
21,151769
1,151769
9,151769
28,151777
27,151777
4,151777
5,151777
30,151777
15,151777
1,151781
25,151781
22,151781
24,151781
7,151781
29,151781
10,151781
27,151781
11,152037
24,152037
4,152037
30,152037
9,152037
28,152037
18,152037
17,152037
3,152063
15,152063
6,152063
9,152063
20,152063
30,152063
16,152065
14,152065
19,152065
18,152071
21,152071
17,152071
12,152071
27,152071
23,152071
1,152077
7,152077
26,152077
28,152077
23,152077
27,152077
11,152077
12,152077
8,152079
11,152079
16,152079
21,152079
6,152079
3,152079
5,152079
16,152081
8,152081
2,152081
17,152081
26,152081
21,152083
13,152083
24,152083
27,152083
25,152085
10,152085
9,152085
19,152085
17,152085
13,152091
25,152091
24,152091
14,152091
3,152091
12,152091
20,152091
5,152091
15,152105
23,152105
30,152105
2,152105
21,152105
3,152105
10,152105
22,152173
27,152173
23,152173
1,152173
25,152173
20,152173
13,152173
8,152173
1,152270
7,152270
2,152270
9,152270
28,152284
15,152284
7,152284
30,152284
18,152284
26,152284
16,152372
14,152372
22,152372
11,152372
7,152372
27,152372
1,152591
11,152591
15,152591
26,152591
17,152591
4,152591
25,152658
14,152658
22,152658
4,152658
16,152658
2,152711
10,152711
24,152711
13,152711
29,152711
5,152711
26,152970
1,152970
22,152970
30,152970
23,153070
10,153070
18,153070
7,153070
3,153236
14,153236
27,153236
30,153236
28,153386
6,153386
30,153386
13,153386
7,153408
29,153408
23,153408
27,153408
7,154065
12,154065
26,154065
25,154065
14,154065
14,154358
9,154358
19,154358
4,154358
20,154975
23,154975
12,154975
30,154975
26,154975
14,154975
27,154975
19,154975
23,155064
10,155064
13,155064
21,155168
11,155168
30,155168
16,155168
13,155288
23,155288
17,155288
18,155288
26,155288
1,155288
11,155288
8,155358
4,155358
1,155358
13,155358
5,155358
10,155509
8,155509
23,155509
22,155509
1,155509
14,155509
21,155589
5,155589
2,155589
18,155589
26,155589
20,155659
26,155659
4,155659
21,155659
11,155659
15,155659
30,155743
2,155743
7,155743
29,155743
4,155743
19,155743
18,155743
9,155774
10,155774
23,155774
16,155774
18,155774
21,155774
4,155774
2,155812
6,155812
5,155812
14,155820
8,155820
29,155820
4,155892
2,155892
19,155892
27,156025
24,156025
8,156025
29,156025
17,156025
5,156025
30,156025
25,156025
5,156371
11,156371
26,156371
24,156371
4,156371
23,156387
16,156387
27,156387
4,156387
5,156387
21,156553
28,156553
20,156553
15,156553
7,156605
29,156605
17,156605
3,156605
2,156605
6,156607
8,156607
29,156607
24,156607
19,156607
14,156609
13,156609
21,156609
1,156609
26,156609
15,156609
20,156609
9,156675
17,156675
22,156675
19,156675
28,156675
2,156675
2,156706
16,156706
1,156706
5,156706
8,156706
20,156706
9,156726
8,156726
14,156726
26,156781
29,156781
6,156781
4,156781
12,156781
12,156783
1,156783
18,156783
3,157108
4,157108
25,157108
22,157108
14,157108
24,157110
13,157110
9,157110
6,157110
28,157110
17,157110
27,157110
24,157122
3,157122
29,157122
1,157130
8,157130
28,157130
9,157130
12,157130
19,157130
17,157172
15,157172
19,157172
30,157172
14,157172
1,157200
27,157200
6,157200
5,157200
13,157270
26,157270
22,157270
29,157270
18,157270
23,157270
17,157296
15,157296
3,157296
8,157296
13,157296
15,157312
27,157312
7,157312
30,157312
17,157312
28,157312
9,157312
14,157312
15,157340
28,157340
17,157340
3,157369
6,157369
11,157369
2,157369
30,157369
19,157369
26,157407
9,157407
6,157407
13,157432
10,157432
14,157432
30,157432
10,157699
17,157699
15,157699
29,157775
21,157775
28,157775
14,157775
3,157865
16,157865
21,157865
26,157865
6,157865
25,157865
1,157865
26,158022
16,158022
1,158022
14,158027
19,158027
11,158027
1,158027
1,158035
27,158035
17,158035
25,158035
14,158238
30,158238
19,158238
1,158238
27,158254
17,158254
26,158254
3,158254
19,158254
9,158254
22,158254
25,158254
5,158388
19,158388
11,158388
17,158388
20,158388
13,158398
29,158398
28,158398
22,158398
12,158398
18,158398
6,158398
1,158402
25,158402
10,158402
16,158402
24,158402
19,158402
17,158402
1,158528
17,158528
5,158528
1,158721
27,158721
3,158721
6,158721
4,158721
25,158721
13,158721
24,158721
1,158783
10,158783
11,158783
3,158783
23,158783
16,158783
6,158813
29,158813
9,158813
5,158830
14,158830
17,158830
23,158830
19,158830
13,158830
21,158830
2,158842
28,158842
22,158842
21,158842
3,158842
9,158872
15,158872
22,158872
7,158872
12,158872
3,158872
17,158874
9,158874
18,158874
15,158874
3,158882
18,158882
7,158882
20,158882
18,158956
15,158956
22,158956
17,158956
21,158956
12,158956
29,158956
16,158956
11,158966
22,158966
5,158966
6,158966
2,158966
10,158966
3,158966
22,158972
25,158972
10,158972
13,158972
11,158972
9,158972
20,159061
15,159061
21,159061
14,159069
1,159069
25,159069
3,159069
23,159069
10,159069
20,159069
9,159069
11,159077
29,159077
12,159077
17,159077
5,159077
15,159077
25,159077
12,159093
4,159093
22,159093
15,159093
10,159093
14,159093
2,159093
12,159161
11,159161
23,159161
15,159161
26,159161
25,159193
1,159193
10,159193
14,159193
3,159193
5,159193
11,159193
15,159193
15,159403
27,159403
25,159403
6,159403
17,159403
20,159415
16,159415
9,159415
14,159415
21,159415
10,159415
8,159415
4,159415
17,159441
10,159441
5,159441
28,159441
3,159441
29,159441
15,159441
23,159510
6,159510
1,159510
28,159510
30,159510
3,159510
10,159690
23,159690
22,159690
4,159690
8,159690
24,159690
15,159717
28,159717
23,159717
1,159717
25,159755
29,159755
20,159755
13,159755
3,159779
23,159779
30,159779
29,159779
1,159779
6,159779
10,159779
21,159779
20,159811
2,159811
16,159811
9,159811
24,159817
9,159817
30,159817
18,159817
1,159849
11,159849
28,159849
10,159849
2,159849
4,159858
29,159858
21,159858
25,159858
26,159858
9,159858
20,159976
6,159976
8,159976
20,160080
3,160080
7,160080
9,160080
12,160271
14,160271
17,160271
18,160271
29,160271
26,160289
15,160289
8,160289
5,160289
19,160289
6,160341
1,160341
13,160341
20,160341
10,160341
11,160400
24,160400
8,160400
29,160400
9,160400
17,160422
27,160422
25,160422
12,160422
14,160422
26,160422
5,160438
23,160438
21,160438
9,160438
7,160438
12,160438
19,160438
15,160440
13,160440
10,160440
30,160440
17,160440
20,160440
12,160527
3,160527
10,160527
28,160527
15,160527
1,160527
5,160563
6,160563
30,160563
1,160565
26,160565
17,160565
15,160565
10,160565
5,160565
19,160565
20,160567
8,160567
1,160567
19,160567
6,160569
14,160569
20,160569
26,160569
1,160569
30,160569
12,160571
13,160571
9,160571
4,160571
20,160571
2,160571
6,160571
21,160573
26,160573
17,160573
6,160573
24,160644
18,160644
13,160644
7,160644
3,160644
9,160644
16,160644
1,160646
30,160646
26,160646
11,160646
16,160646
12,160646
14,160646
1,160684
24,160684
27,160684
30,160684
17,160718
13,160718
18,160718
15,160718
2,160718
8,160718
26,160718
21,160718
11,160730
22,160730
4,160730
3,160730
14,160730
5,160730
27,160836
22,160836
19,160836
10,160836
20,160836
11,160836
5,160836
12,160848
28,160848
9,160848
20,160848
24,160848
14,160848
10,160848
1,160848
9,160872
10,160872
6,160872
4,160872
5,160872
9,160954
1,160954
26,160954
6,160954
17,160954
24,160954
15,160954
12,160978
7,160978
20,160978
17,160978
27,160978
16,160978
14,160978
4,160980
30,160980
10,160980
28,160980
6,160980
3,161008
1,161008
30,161008
16,161008
7,161008
23,161008
19,161008
2,161008
12,161024
9,161024
26,161024
28,161024
14,161032
7,161032
3,161032
28,161032
24,161032
22,161032
8,161044
13,161044
15,161044
4,161044
17,161044
27,161044
26,161044
8,161127
7,161127
3,161127
26,161127
10,161127
14,161127
13,161127
15,161127
11,161131
4,161131
25,161131
22,161131
1,161290
15,161290
27,161290
1,161354
24,161354
17,161354
6,161354
28,161354
9,161580
6,161580
24,161580
25,161580
12,161582
15,161582
19,161582
4,161582
21,161582
20,161594
17,161594
1,161594
19,161594
8,161594
16,161594
5,161594
28,161634
20,161634
25,161634
20,161830
14,161830
3,161830
5,161830
8,161830
9,161830
17,161830
1,161918
12,161918
23,161918
6,161922
2,161922
21,161922
15,161966
12,161966
10,161966
1,162082
13,162082
4,162082
9,162082
3,162082
20,162082
29,162344
28,162344
3,162344
25,162344
8,162344
5,162344
24,162344
17,162344
11,162350
12,162350
6,162350
10,162350
4,162350
13,162350
9,162350
26,162414
7,162414
22,162414
15,162414
3,162414
17,162478
22,162478
12,162478
16,162478
1,162478
3,162478
5,162478
22,162578
8,162578
7,162578
21,162578
3,162578
9,162578
13,162578
12,162578
15,162590
25,162590
26,162590
5,162590
8,162590
4,162590
14,162590
1,162598
19,162598
24,162598
7,162598
22,162598
16,162600
10,162600
8,162600
22,162600
17,162600
6,162602
22,162602
27,162602
11,162602
30,162602
14,162602
29,162602
9,162602
1,162606
12,162606
27,162606
12,162828
2,162828
21,162828
1,162828
16,162828
8,162828
5,162828
13,162828
14,162968
30,162968
1,162968
20,162968
28,162968
17,162968
1,162982
17,162982
26,162982
19,162982
1,163056
13,163056
4,163056
14,163056
7,163072
16,163072
13,163072
22,163072
19,163072
29,163072
30,163072
23,163072
4,163112
24,163112
8,163112
16,163134
26,163134
24,163134
28,163134
29,163134
6,163386
14,163386
23,163386
5,163386
19,163386
12,163527
6,163527
4,163527
22,163527
3,163527
28,163527
26,163527
3,163639
15,163639
21,163639
13,163639
10,163639
2,163645
26,163645
8,163645
12,163653
30,163653
19,163653
15,163653
1,163809
25,163809
14,163809
16,163809
6,163809
7,163809
4,163925
6,163925
3,163925
22,163925
19,163937
1,163937
20,163937
9,163937
29,163981
1,163981
13,163981
12,163981
8,163981
2,163981
1,163985
13,163985
28,163985
16,164179
11,164179
1,164179
17,164179
27,164200
20,164200
19,164200
23,164200
1,164226
25,164226
18,164226
21,164280
10,164280
25,164280
11,164280
29,164280
3,164280
1,164367
5,164367
10,164367
18,164367
11,164367
30,164367
9,164367
3,164367
8,164375
23,164375
17,164375
4,164375
15,164375
6,164540
20,164540
13,164540
12,164540
20,164647
14,164647
11,164647
24,164647
8,164647
1,164647
23,164655
12,164655
29,164655
26,164655
22,164655
25,164655
2,164655
1,164707
4,164707
5,164707
25,164753
2,164753
16,164753
22,164753
27,164753
20,164881
10,164881
21,164881
12,164881
30,164881
3,164881
1,164909
9,164909
28,164909
13,164909
8,164909
2,164909
4,164909
16,164909
19,164917
29,164917
5,164917
8,164917
7,164917
22,164917
24,165075
5,165075
15,165075
25,165075
19,165075
19,165101
3,165101
10,165101
12,165101
11,165101
28,165101
13,165103
18,165103
17,165103
2,165103
14,165103
17,165139
6,165139
20,165139
4,165343
29,165343
10,165343
25,165343
13,165343
7,165343
28,165343
3,165347
4,165347
25,165347
15,165347
7,165347
9,165483
28,165483
10,165483
12,165489
8,165489
22,165489
13,165489
24,165529
26,165529
18,165529
21,165529
17,165549
4,165549
28,165549
7,165549
18,165549
1,165549
26,165549
23,165549
16,165551
21,165551
19,165551
12,165551
1,165551
22,165551
29,165635
7,165635
28,165635
22,165635
15,165635
4,165635
20,165635
12,165639
18,165639
9,165639
25,165639
1,165639
23,165645
15,165645
27,165645
20,165671
22,165671
4,165671
3,165671
14,165671
19,165671
26,165843
2,165843
9,165843
6,165843
7,165843
1,165947
8,165947
23,165947
23,165959
29,165959
14,165959
5,165969
3,165969
13,165969
24,165969
1,165969
20,165969
25,165969
15,165969
14,166015
17,166015
24,166015
29,166015
9,166015
8,166015
17,166024
22,166024
18,166024
2,166024
24,166183
16,166183
17,166183
30,166203
20,166203
21,166203
14,166291
26,166291
8,166291
15,166291
13,166291
24,166461
27,166461
9,166461
29,166492
23,166492
1,166492
7,166492
13,166492
4,166492
17,166492
8,166526
26,166526
11,166526
6,166526
15,166528
24,166528
27,166528
20,166534
17,166534
4,166534
11,166534
12,166534
24,166534
29,166534
25,166534
27,166558
8,166558
9,166558
1,166558
22,166558
22,166568
10,166568
6,166568
25,166568
9,166568
1,166568
8,166568
1,166635
23,166635
11,166635
25,166635
7,166643
2,166643
9,166643
3,166643
27,166643
1,166705
12,166705
26,166705
9,166705
8,166705
1,166946
17,166946
6,166946
19,166946
4,166946
10,166946
22,166946
30,166946
3,167018
2,167018
28,167018
21,167018
9,167018
20,167036
4,167036
2,167036
28,167036
1,167064
3,167064
25,167064
28,167064
22,167064
3,167296
11,167296
15,167296
24,167370
30,167370
27,167370
17,167370
25,167380
10,167380
19,167380
4,167538
5,167538
24,167538
13,167538
11,167570
27,167570
19,167570
26,167634
20,167634
17,167634
5,167706
29,167706
9,167706
4,167732
21,167732
12,167732
24,167732
8,167732
25,167732
23,167732
1,167732
10,167746
28,167746
23,167746
29,167746
7,167746
25,167772
16,167772
23,167772
1,167790
4,167790
22,167790
3,167854
21,167854
13,167854
5,167854
22,167854
29,167854
28,167854
23,167854
20,168026
11,168026
26,168026
6,168026
1,168026
15,168026
21,168090
13,168090
17,168090
15,168090
9,168090
26,168090
25,168090
27,168090
16,168144
14,168144
7,168144
13,168144
15,168144
25,168144
23,168144
9,168174
7,168174
13,168174
8,168174
27,168174
13,168218
30,168218
8,168218
8,168248
23,168248
7,168248
14,168248
13,168248
26,168248
16,168248
5,168250
4,168250
16,168250
10,168250
25,168250
9,168252
16,168252
24,168252
30,168252
26,168252
10,168252
17,168252
29,168254
23,168254
30,168254
26,168254
21,168254
16,168254
17,168254
16,168266
28,168266
3,168266
27,168266
2,168266
22,168266
14,168266
10,168266
4,168326
8,168326
5,168326
1,168350
12,168350
16,168350
1,168358
11,168358
8,168358
3,168358
21,168358
9,168358
7,168358
19,168358
20,168366
10,168366
1,168366
7,168366
23,168366
2,168366
22,168366
1,168418
7,168418
17,168418
24,168418
15,168418
30,168418
29,168456
2,168456
7,168456
3,168456
26,168456
21,168456
23,168456
10,168492
5,168492
8,168492
24,168492
1,168608
3,168608
17,168608
24,168608
11,168608
22,168608
9,168608
13,168612
20,168612
19,168612
4,168612
21,168612
27,168632
20,168632
6,168632
30,168632
13,168712
4,168712
28,168712
23,168712
3,168712
14,168712
20,168846
23,168846
28,168846
8,169034
16,169034
4,169034
2,169034
22,169034
23,169034
1,169034
5,169180
6,169180
29,169180
16,169180
9,169670
30,169670
21,169670
25,169904
7,169904
16,169904
20,169904
21,169904
28,169904
14,169912
4,169912
16,169912
5,169912
20,169912
17,169912
22,169912
10,169912
23,169958
8,169958
16,169958
29,169958
14,169958
6,169958
11,169958
30,169958
1,169982
25,169982
2,169982
29,169982
5,169982
28,169982
15,169984
9,169984
2,169984
21,169984
29,169984
3,169984
29,169992
17,169992
16,169992
30,169992
9,169992
6,169992
15,169992
21,169992
11,170289
7,170289
17,170289
6,170289
22,170297
5,170297
16,170297
5,170355
17,170355
6,170355
19,170357
26,170357
3,170357
18,170357
2,170399
21,170399
14,170399
7,170399
4,170399
23,170399
15,170399
21,170401
13,170401
20,170401
17,170401
12,170401
22,170401
8,170401
1,170401
16,170411
6,170411
8,170411
26,170411
17,170551
1,170551
3,170551
10,170551
15,170597
11,170597
23,170597
25,170597
30,170697
9,170697
1,170697
2,170697
19,170705
8,170705
27,170705
28,170705
8,170777
2,170777
16,170777
30,170777
29,170777
5,170777
26,170777
9,170777
1,170813
18,170813
26,170813
23,170813
9,170813
25,170813
28,170817
24,170817
8,170817
1,170817
4,170817
18,170817
14,170817
15,170827
22,170827
9,170827
24,170827
16,170827
8,170827
21,170837
15,170837
11,170837
28,170837
2,170837
1,170875
14,170875
2,170875
17,170875
25,170875
6,170875
29,170875
26,170897
14,170897
4,170897
24,170897
16,170897
1,170907
26,170907
16,170907
23,170907
21,170907
17,170907
14,170907
26,170937
9,170937
28,170937
18,170937
2,170937
1,170939
17,170939
23,170939
26,170939
1,170945
9,170945
17,170945
27,170957
7,170957
6,170957
22,170957
12,170957
19,170993
9,170993
21,170993
8,170993
3,170993
24,170993
11,171011
15,171011
23,171011
12,171011
1,171023
29,171023
11,171023
28,171023
9,171023
21,171251
8,171251
24,171251
29,171251
11,171251
12,171251
19,171251
23,171495
24,171495
10,171495
21,171495
20,171631
3,171631
30,171631
23,171631
27,171631
5,171631
21,171631
8,171695
21,171695
26,171695
3,171695
1,171701
17,171701
27,171701
10,171749
13,171749
24,171749
8,171749
28,171749
25,171749
18,171749
3,171749
26,171751
6,171751
14,171751
30,171751
29,171751
7,171751
1,171759
10,171759
14,171759
20,171759
11,171759
3,171763
22,171763
16,171763
22,171765
30,171765
24,171765
3,171765
14,171765
22,171811
1,171811
11,171811
23,171811
14,171811
25,171811
19,171811
17,171811
27,171867
5,171867
6,171867
23,171891
24,171891
30,171891
26,171891
2,171891
1,171917
24,171917
14,171917
12,171917
29,171917
25,172013
28,172013
19,172013
6,172013
23,172013
24,172013
7,172215
16,172215
28,172215
8,172215
20,172215
21,172215
17,172215
20,172229
12,172229
23,172229
23,172233
14,172233
10,172233
26,172233
17,172233
27,172233
1,172233
18,172233
22,172253
23,172253
14,172253
28,172253
2,172253
10,172253
7,172253
11,172253
22,172321
19,172321
12,172321
26,172321
24,172461
9,172461
8,172461
13,172461
3,172461
12,172461
25,172461
18,172461
1,172497
7,172497
23,172497
25,172497
9,172497
27,172497
20,172547
26,172547
4,172547
6,172577
23,172577
17,172577
30,172577
24,172577
5,172577
4,172577
4,172583
28,172583
22,172583
24,172585
14,172585
18,172585
23,172585
11,172585
19,172585
29,172587
23,172587
27,172587
6,172587
10,172587
4,172589
27,172589
28,172589
11,172591
23,172591
30,172591
3,172637
5,172637
23,172637
30,172705
29,172705
1,172705
6,172705
18,172705
24,172705
14,172705
12,172705
19,172793
17,172793
23,172793
12,172793
13,172793
22,172793
23,172825
29,172825
19,172825
3,172825
27,172875
4,172875
16,172875
3,172875
8,172875
7,172875
12,172875
21,172875
7,172881
1,172881
6,172881
11,172881
8,172881
2,172881
23,172881
20,172881
11,172887
5,172887
14,172887
17,172887
23,172887
21,172887
24,172887
23,172909
26,172909
22,172909
24,172909
25,172909
11,172909
8,172909
3,173145
26,173145
24,173145
19,173145
14,173197
13,173197
25,173197
15,173197
23,173197
6,173197
25,173205
17,173205
4,173205
10,173205
18,173205
22,173209
1,173209
19,173209
29,173209
9,173209
13,173235
8,173235
27,173235
11,173235
4,173235
22,173253
1,173253
9,173253
18,173253
27,173253
30,173253
14,173255
23,173255
7,173255
5,173255
23,173291
30,173291
5,173291
11,173291
28,173291
4,173291
8,173291
9,173291
1,173307
14,173307
2,173307
5,173307
30,173317
14,173317
8,173317
6,173317
5,173317
25,173317
20,173351
24,173351
11,173351
22,173355
6,173355
18,173355
28,173355
16,173535
28,173535
1,173535
12,173535
5,173619
14,173619
18,173619
23,173619
30,173619
20,173619
6,173619
4,173751
27,173751
8,173751
29,173751
24,173751
20,173873
14,173873
28,173873
1,173925
20,173925
21,173925
4,173925
17,173925
12,173925
1,173941
22,173941
7,173941
16,173941
27,173941
5,173941
26,173941
17,173963
29,173963
6,173963
27,173963
1,173963
30,174045
8,174045
7,174045
5,174045
1,174045
18,174045
13,174045
30,174053
19,174053
14,174053
5,174053
21,174055
25,174055
5,174055
18,174141
12,174141
3,174141
15,174141
10,174141
6,174141
25,174141
5,174141
7,174403
14,174403
12,174403
17,174403
24,174479
11,174479
27,174479
16,174479
4,174479
20,174479
9,174479
12,174551
23,174551
10,174551
1,174551
3,174551
25,174551
4,174551
27,174681
17,174681
23,174681
17,174727
15,174727
21,174727
29,174727
8,174727
3,174727
24,174727
15,174737
4,174737
6,174737
6,174815
2,174815
25,174815
9,174815
1,174815
28,174815
16,174909
12,174909
19,174909
14,174909
30,174909
24,174909
29,175197
22,175197
18,175197
6,175199
30,175199
11,175199
13,175199
2,175199
27,175199
10,175199
11,175293
24,175293
3,175293
20,175293
19,175293
21,175303
23,175303
29,175303
4,175303
30,175303
6,175387
26,175387
7,175387
9,175387
18,175387
27,175387
22,175387
2,175397
30,175397
1,175397
11,175397
6,175397
27,175397
23,175397
22,175401
15,175401
28,175401
26,175401
3,175401
11,175401
27,175431
22,175431
16,175431
11,175435
10,175435
2,175435
4,175435
13,175435
9,175435
14,175475
28,175475
13,175475
5,175475
17,175475
24,175475
6,175475
30,175475
26,175485
10,175485
25,175485
11,175485
1,175569
10,175569
11,175569
23,175569
24,175569
1,175577
28,175577
13,175577
11,175577
11,175585
27,175585
23,175585
2,175585
9,175585
30,175585
29,175661
14,175661
22,175661
17,175661
13,175661
8,175661
18,175661
25,175693
15,175693
22,175693
20,175693
15,175705
21,175705
16,175705
12,175705
30,175705
8,175705
27,175705
18,175707
25,175707
5,175707
11,175707
27,175707
23,175707
9,175707
19,175743
15,175743
28,175743
25,175781
17,175781
4,175781
8,176051
3,176051
1,176051
4,176051
7,176051
29,176101
6,176101
5,176101
28,176101
22,176101
18,176329
20,176329
26,176329
16,176329
8,176329
3,176329
10,176329
6,176371
4,176371
13,176371
29,176389
25,176389
15,176389
14,176413
23,176413
29,176413
6,176413
27,176413
12,176413
2,176413
16,176413
24,176415
2,176415
6,176415
16,176415
18,176415
17,176415
20,176415
1,176415
1,176419
14,176419
10,176419
11,176419
3,176419
29,176419
13,176419
7,176419
30,176423
4,176423
10,176423
5,176423
27,176423
4,176579
19,176579
20,176579
14,176579
13,176579
19,176601
13,176601
2,176601
6,176621
27,176621
22,176621
21,176751
24,176751
16,176751
8,176751
23,176751
3,176751
12,176751
2,176751
23,176805
30,176805
7,176805
18,176805
29,176805
13,176805
9,176805
11,176805
9,176935
26,176935
13,176935
25,176935
4,176935
10,177185
2,177185
7,177185
13,177185
25,177185
30,177185
6,177185
1,177285
6,177285
30,177285
24,177285
21,177285
8,177285
25,177285
1,177593
11,177593
20,177593
12,177593
4,177615
7,177615
9,177615
17,177615
29,177615
3,177615
21,177615
22,177763
18,177763
1,177763
26,177763
6,177763
14,177763
29,177763
15,177765
6,177765
27,177765
16,177939
18,177939
8,177939
27,177939
17,178061
15,178061
14,178061
24,178061
23,178061
8,178061
19,178061
12,178111
4,178111
23,178111
6,178129
4,178129
18,178129
21,178129
28,178129
24,178129
5,178129
29,178129
24,178323
16,178323
6,178323
23,178323
8,178613
22,178613
21,178613
27,178613
10,178613
13,178613
14,178615
20,178615
21,178615
30,178615
23,178827
20,178827
7,178827
10,178827
30,178827
29,178827
26,179053
18,179053
7,179053
11,179053
10,179053
29,179053
21,179053
2,179053
25,179073
30,179073
14,179073
23,179073
24,179073
11,179073
5,179073
25,179119
4,179119
18,179119
15,179119
12,179119
6,179119
11,179133
3,179133
17,179133
26,179133
21,179133
23,179133
4,179133
23,179135
10,179135
4,179135
21,179135
20,179135
8,179135
16,179135
2,179135
29,179211
16,179211
24,179211
7,179211
27,179211
7,179401
16,179401
28,179401
4,179401
28,179427
18,179427
1,179427
19,179427
3,179491
11,179491
6,179491
27,179491
10,179491
2,179491
19,179491
28,179491
10,179511
25,179511
11,179511
20,179511
2,179511
4,179511
1,179709
19,179709
28,179709
13,179709
22,179709
16,179709
14,179749
19,179749
18,179749
17,179749
21,179749
30,179749
22,179749
28,179749
1,179813
15,179813
16,179813
10,179813
11,179813
6,179813
19,179813
15,179815
14,179815
29,179815
18,179815
7,179815
10,179817
22,179817
1,179817
18,179817
4,179817
25,179817
15,179819
4,179819
28,179819
23,179819
12,179953
2,179953
26,179953
16,179953
9,179953
1,179953
11,180031
16,180031
18,180031
7,180031
23,180031
8,180031
9,180031
1,180045
23,180045
12,180045
20,180045
11,180045
17,180095
25,180095
28,180095
23,180231
18,180231
3,180231
1,180263
22,180263
14,180263
8,180263
24,180263
5,180263
30,180265
22,180265
17,180265
5,180265
16,180265
12,180265
29,180265
10,180297
21,180297
14,180297
30,180297
1,180497
7,180497
26,180497
12,180497
23,180497
6,180497
16,180777
6,180777
11,180777
9,180777
17,180985
24,180985
15,180985
16,180985
6,180985
12,180987
17,180987
14,180987
19,180987
22,180987
30,180987
13,180987
24,181065
10,181065
25,181065
8,181065
30,181139
26,181139
6,181139
17,181139
20,181139
29,181315
22,181315
24,181315
16,181315
27,181315
12,181315
25,181315
3,181315
17,181413
18,181413
1,181413
19,181413
9,181413
14,181413
4,181659
21,181659
18,181659
17,181659
23,181659
6,181659
1,181659
11,181659
17,181719
2,181719
23,181719
14,181719
15,181719
29,181719
9,181719
3,181719
10,182293
29,182293
26,182293
3,182293
18,182293
5,182297
7,182297
26,182297
17,182297
6,182299
20,182299
24,182299
12,182299
7,182639
4,182639
26,182639
16,182639
21,182715
11,182715
18,182715
8,182727
29,182727
17,182727
2,182727
14,182727
19,182727
27,182727
6,182731
30,182731
11,182731
9,182731
1,182731
23,182749
29,182749
2,182749
11,182749
17,182749
18,182749
1,182793
5,182793
13,182793
25,182793
30,182793
8,182793
7,182793
11,182793
19,182823
18,182823
24,182823
26,182823
27,182823
20,182823
11,182823
5,183011
18,183011
4,183011
8,183011
12,183011
27,183011
11,183011
2,183197
3,183197
11,183197
12,183197
19,183197
1,183199
23,183199
22,183199
17,183199
2,183199
18,183199
8,183227
12,183227
23,183227
25,183227
17,183227
3,183295
22,183295
16,183295
10,183295
29,183295
21,183295
15,183295
30,183301
9,183301
14,183301
28,183301
25,183301
4,183317
3,183317
14,183317
27,183317
13,183317
22,183317
6,183611
15,183611
29,183611
9,183611
9,183635
18,183635
17,183635
13,183635
3,183635
19,183897
24,183897
21,183897
28,183897
5,183911
10,183911
3,183911
6,183911
7,183911
1,183911
8,183911
29,183911
12,183959
28,183959
18,183959
27,183959
7,183959
3,183959
20,183959
10,184015
20,184015
16,184015
15,184015
5,184015
12,184053
14,184053
10,184053
29,184053
22,184053
25,184245
10,184245
20,184245
5,184245
22,184245
17,184245
15,184245
7,184253
2,184253
29,184253
30,184253
23,184257
19,184257
5,184257
11,184257
7,184349
22,184349
28,184349
6,184471
7,184471
8,184471
1,184641
18,184641
3,184641
13,184641
4,184641
20,184641
15,184641
1,184721
22,184721
10,184721
2,184791
6,184791
9,184791
22,184791
25,184791
8,184791
21,184931
23,184931
28,184931
5,184931
22,184931
8,184987
21,184987
18,184987
5,184997
6,184997
2,184997
25,184997
14,184997
21,184997
3,184997
30,184997
3,185029
24,185029
13,185029
14,185029
13,185031
19,185031
14,185031
16,185033
4,185033
11,185033
20,185033
25,185033
29,185135
10,185135
2,185135
24,185135
7,185135
12,185135
22,185135
1,185435
19,185435
21,185435
7,185435
9,185435
30,185435
20,185435
8,185435
5,185473
30,185473
2,185473
1,185473
26,185473
22,185473
19,185473
30,185585
27,185585
29,185585
21,185585
22,185585
23,185585
1,186587
19,186587
18,186587
8,186587
6,186587
1,187031
29,187031
10,187031
1,187541
19,187541
16,187541
21,187541
4,187541
25,187593
26,187593
28,187593
15,187593
30,187593
4,187593
24,187593
5,187593
1,187595
25,187595
5,187595
2,187595
3,187595
22,187595
15,187595
17,187595
12,187717
15,187717
17,187717
23,187717
30,187717
8,187717
17,188189
7,188189
18,188189
6,188189
30,188189
9,188189
1,188301
27,188301
7,188301
28,188301
18,188301
21,188301
29,188301
23,188675
10,188675
18,188675
29,188675
2,188751
18,188751
23,188751
9,188751
20,188751
4,188751
25,188751
7,188751
15,188797
9,188797
13,188797
23,188797
7,188833
10,188833
26,188833
20,188833
9,188833
27,188833
14,188833
21,189043
16,189043
3,189043
22,189043
27,189043
26,189043
6,189043
28,189111
12,189111
27,189111
18,189111
24,189111
13,189333
30,189333
3,189333
9,189333
29,189333
17,189333
11,189333
7,189333
20,189381
8,189381
7,189381
19,189381
27,189381
10,189381
14,189381
5,189547
15,189547
14,189547
28,189547
8,189547
24,189547
2,189713
25,189713
7,189713
28,189713
26,189713
30,189713
3,189713
6,189713
3,190183
23,190183
17,190183
18,190183
16,190183
8,190207
10,190207
1,190207
28,190207
17,190207
2,190207
26,190207
16,190207
24,190209
18,190209
17,190209
10,190209
16,190209
8,190209
20,190213
26,190213
29,190213
17,190213
9,190213
23,190213
18,190213
14,190215
6,190215
21,190215
1,190215
30,190219
26,190219
13,190219
7,190219
4,190221
1,190221
27,190221
23,190221
12,190221
10,190221
17,190221
4,191005
6,191005
29,191005
2,191005
23,191005
21,193565
23,193565
25,193565
28,193567
27,193567
26,193567
17,193567
25,193567
9,193567
15,193567
3,193567
10,193571
28,193571
12,193571
8,193571
8,193573
18,193573
3,193573
14,193573
7,193579
16,193579
2,193579
14,193579
29,193579
22,193579
11,193581
17,193581
26,193581
20,193583
6,193583
12,193583
13,193583
18,193583
1,193583
30,193583
11,193585
30,193585
18,193585
23,193585
9,193585
10,193585
12,193587
14,193587
8,193587
28,193587
7,193587
24,193609
26,193609
16,193609
